experiment_id,scenario_id,replication,seed,policy,run_kind,total_cost,transport_cost,reroute_cost,expedite_cost,holding_cost,backlog_cost,late_cost,terminal_cost,same_day_fill_rate,final_fulfilment_rate,ending_backlog_units,backlog_unit_days,late_delivered_units,late_delivery_rate,average_lateness_days_weighted,reroute_count,expedite_count,expedited_units,decision_count,invalid_action_rate,abstention_rate,fallback_rate,mean_decision_latency_ms,days_to_clear_backlog_after_shock,terminated_with_unresolved_state
light_port_disruption_comparison,primary_port_partial_capacity,1,1043,heuristic,UNDISRUPTED,171417.000000,26080.000000,0.000000,0.000000,1304.000000,99033.000000,0.000000,45000.000000,0.000000,0.708114,500,33011,0,0.000000,0.000000,0,0,0,0,0.000000,0.000000,0.000000,0.000000,,True
light_port_disruption_comparison,primary_port_partial_capacity,1,1043,heuristic,DISRUPTED,171417.000000,26080.000000,0.000000,0.000000,1304.000000,99033.000000,0.000000,45000.000000,0.000000,0.708114,500,33011,0,0.000000,0.000000,0,0,0,14,0.000000,0.000000,0.000000,0.005682,,True
light_port_disruption_comparison,primary_port_partial_capacity,1,1043,llm_agent,UNDISRUPTED,171417.000000,26080.000000,0.000000,0.000000,1304.000000,99033.000000,0.000000,45000.000000,0.000000,0.708114,500,33011,0,0.000000,0.000000,0,0,0,0,0.000000,0.000000,0.000000,0.000000,,True
light_port_disruption_comparison,primary_port_partial_capacity,1,1043,llm_agent,DISRUPTED,172457.000000,26080.000000,1040.000000,0.000000,1304.000000,99033.000000,0.000000,45000.000000,0.000000,0.708114,500,33011,0,0.000000,0.000000,13,0,0,14,0.000000,0.000000,0.000000,2142.289759,,True
light_port_disruption_comparison,primary_port_partial_capacity,2,1044,heuristic,UNDISRUPTED,122565.000000,26400.000000,0.000000,0.000000,1308.000000,66447.000000,60.000000,28350.000000,0.000000,0.800759,315,22149,40,0.018519,1.000000,0,0,0,0,0.000000,0.000000,0.000000,0.000000,,True
light_port_disruption_comparison,primary_port_partial_capacity,2,1044,heuristic,DISRUPTED,123465.000000,26400.000000,0.000000,0.000000,1308.000000,67287.000000,120.000000,28350.000000,0.000000,0.800759,315,22429,80,0.037037,1.000000,0,0,0,22,0.000000,0.000000,0.000000,0.008312,,True
light_port_disruption_comparison,primary_port_partial_capacity,2,1044,llm_agent,UNDISRUPTED,122565.000000,26400.000000,0.000000,0.000000,1308.000000,66447.000000,60.000000,28350.000000,0.000000,0.800759,315,22149,40,0.018519,1.000000,0,0,0,0,0.000000,0.000000,0.000000,0.000000,,True
light_port_disruption_comparison,primary_port_partial_capacity,2,1044,llm_agent,DISRUPTED,124585.000000,26400.000000,1120.000000,0.000000,1308.000000,67287.000000,120.000000,28350.000000,0.000000,0.800759,315,22429,80,0.037037,1.000000,14,0,0,22,0.000000,0.000000,0.000000,2326.067059,,True
light_port_disruption_comparison,primary_port_partial_capacity,3,1045,heuristic,UNDISRUPTED,132856.000000,26080.000000,0.000000,0.000000,1308.000000,74508.000000,0.000000,30960.000000,0.000000,0.786600,344,24836,0,0.000000,0.000000,0,0,0,0,0.000000,0.000000,0.000000,0.000000,,True
light_port_disruption_comparison,primary_port_partial_capacity,3,1045,heuristic,DISRUPTED,132856.000000,26080.000000,0.000000,0.000000,1308.000000,74508.000000,0.000000,30960.000000,0.000000,0.786600,344,24836,0,0.000000,0.000000,0,0,0,14,0.000000,0.000000,0.000000,0.008155,,True
light_port_disruption_comparison,primary_port_partial_capacity,3,1045,llm_agent,UNDISRUPTED,132856.000000,26080.000000,0.000000,0.000000,1308.000000,74508.000000,0.000000,30960.000000,0.000000,0.786600,344,24836,0,0.000000,0.000000,0,0,0,0,0.000000,0.000000,0.000000,0.000000,,True
light_port_disruption_comparison,primary_port_partial_capacity,3,1045,llm_agent,DISRUPTED,133736.000000,26080.000000,880.000000,0.000000,1308.000000,74508.000000,0.000000,30960.000000,0.000000,0.786600,344,24836,0,0.000000,0.000000,11,0,0,14,0.000000,0.000000,0.000000,2281.890351,,True
light_port_disruption_comparison,primary_port_partial_capacity,4,1046,heuristic,UNDISRUPTED,123926.000000,26080.000000,0.000000,0.000000,1300.000000,68466.000000,0.000000,28080.000000,0.000000,0.800000,312,22822,0,0.000000,0.000000,0,0,0,0,0.000000,0.000000,0.000000,0.000000,,True
light_port_disruption_comparison,primary_port_partial_capacity,4,1046,heuristic,DISRUPTED,123926.000000,26080.000000,0.000000,0.000000,1300.000000,68466.000000,0.000000,28080.000000,0.000000,0.800000,312,22822,0,0.000000,0.000000,0,0,0,14,0.000000,0.000000,0.000000,0.009351,,True
light_port_disruption_comparison,primary_port_partial_capacity,4,1046,llm_agent,UNDISRUPTED,123926.000000,26080.000000,0.000000,0.000000,1300.000000,68466.000000,0.000000,28080.000000,0.000000,0.800000,312,22822,0,0.000000,0.000000,0,0,0,0,0.000000,0.000000,0.000000,0.000000,,True
light_port_disruption_comparison,primary_port_partial_capacity,4,1046,llm_agent,DISRUPTED,125046.000000,26080.000000,1120.000000,0.000000,1300.000000,68466.000000,0.000000,28080.000000,0.000000,0.800000,312,22822,0,0.000000,0.000000,14,0,0,14,0.000000,0.000000,0.000000,2187.928914,,True
light_port_disruption_comparison,primary_port_partial_capacity,5,1047,heuristic,UNDISRUPTED,134870.000000,26080.000000,0.000000,0.000000,1312.000000,75438.000000,0.000000,32040.000000,0.000000,0.774541,356,25146,0,0.000000,0.000000,0,0,0,0,0.000000,0.000000,0.000000,0.000000,,True
light_port_disruption_comparison,primary_port_partial_capacity,5,1047,heuristic,DISRUPTED,134870.000000,26080.000000,0.000000,0.000000,1312.000000,75438.000000,0.000000,32040.000000,0.000000,0.774541,356,25146,0,0.000000,0.000000,0,0,0,14,0.000000,0.000000,0.000000,0.010065,,True
light_port_disruption_comparison,primary_port_partial_capacity,5,1047,llm_agent,UNDISRUPTED,134870.000000,26080.000000,0.000000,0.000000,1312.000000,75438.000000,0.000000,32040.000000,0.000000,0.774541,356,25146,0,0.000000,0.000000,0,0,0,0,0.000000,0.000000,0.000000,0.000000,,True
light_port_disruption_comparison,primary_port_partial_capacity,5,1047,llm_agent,DISRUPTED,135990.000000,26080.000000,1120.000000,0.000000,1312.000000,75438.000000,0.000000,32040.000000,0.000000,0.774541,356,25146,0,0.000000,0.000000,14,0,0,14,0.000000,0.000000,0.000000,2088.776955,,True
light_port_disruption_comparison,primary_port_partial_capacity,6,1048,heuristic,UNDISRUPTED,119402.000000,26080.000000,0.000000,0.000000,1312.000000,64740.000000,0.000000,27270.000000,0.000000,0.808591,303,21580,0,0.000000,0.000000,0,0,0,0,0.000000,0.000000,0.000000,0.000000,,True
light_port_disruption_comparison,primary_port_partial_capacity,6,1048,heuristic,DISRUPTED,119402.000000,26080.000000,0.000000,0.000000,1312.000000,64740.000000,0.000000,27270.000000,0.000000,0.808591,303,21580,0,0.000000,0.000000,0,0,0,14,0.000000,0.000000,0.000000,0.009583,,True
light_port_disruption_comparison,primary_port_partial_capacity,6,1048,llm_agent,UNDISRUPTED,119402.000000,26080.000000,0.000000,0.000000,1312.000000,64740.000000,0.000000,27270.000000,0.000000,0.808591,303,21580,0,0.000000,0.000000,0,0,0,0,0.000000,0.000000,0.000000,0.000000,,True
light_port_disruption_comparison,primary_port_partial_capacity,6,1048,llm_agent,DISRUPTED,120322.000000,27080.000000,960.000000,400.000000,1312.000000,63300.000000,0.000000,27270.000000,0.000000,0.808591,303,21100,0,0.000000,0.000000,12,1,40,13,0.000000,0.000000,0.000000,2336.824885,,True
light_port_disruption_comparison,primary_port_partial_capacity,7,1049,heuristic,UNDISRUPTED,122696.000000,26080.000000,0.000000,0.000000,1312.000000,66954.000000,0.000000,28350.000000,0.000000,0.799746,315,22318,0,0.000000,0.000000,0,0,0,0,0.000000,0.000000,0.000000,0.000000,,True
light_port_disruption_comparison,primary_port_partial_capacity,7,1049,heuristic,DISRUPTED,122696.000000,26080.000000,0.000000,0.000000,1312.000000,66954.000000,0.000000,28350.000000,0.000000,0.799746,315,22318,0,0.000000,0.000000,0,0,0,14,0.000000,0.000000,0.000000,0.009622,,True
light_port_disruption_comparison,primary_port_partial_capacity,7,1049,llm_agent,UNDISRUPTED,122696.000000,26080.000000,0.000000,0.000000,1312.000000,66954.000000,0.000000,28350.000000,0.000000,0.799746,315,22318,0,0.000000,0.000000,0,0,0,0,0.000000,0.000000,0.000000,0.000000,,True
light_port_disruption_comparison,primary_port_partial_capacity,7,1049,llm_agent,DISRUPTED,123656.000000,26080.000000,960.000000,0.000000,1312.000000,66954.000000,0.000000,28350.000000,0.000000,0.799746,315,22318,0,0.000000,0.000000,12,0,0,14,0.000000,0.000000,0.000000,2353.900708,,True
light_port_disruption_comparison,primary_port_partial_capacity,8,1050,heuristic,UNDISRUPTED,143145.000000,26080.000000,0.000000,0.000000,1316.000000,81729.000000,0.000000,34020.000000,0.000000,0.760759,378,27243,0,0.000000,0.000000,0,0,0,0,0.000000,0.000000,0.000000,0.000000,,True
light_port_disruption_comparison,primary_port_partial_capacity,8,1050,heuristic,DISRUPTED,143145.000000,26080.000000,0.000000,0.000000,1316.000000,81729.000000,0.000000,34020.000000,0.000000,0.760759,378,27243,0,0.000000,0.000000,0,0,0,14,0.000000,0.000000,0.000000,0.007408,,True
light_port_disruption_comparison,primary_port_partial_capacity,8,1050,llm_agent,UNDISRUPTED,143145.000000,26080.000000,0.000000,0.000000,1316.000000,81729.000000,0.000000,34020.000000,0.000000,0.760759,378,27243,0,0.000000,0.000000,0,0,0,0,0.000000,0.000000,0.000000,0.000000,,True
light_port_disruption_comparison,primary_port_partial_capacity,8,1050,llm_agent,DISRUPTED,144265.000000,26080.000000,1120.000000,0.000000,1316.000000,81729.000000,0.000000,34020.000000,0.000000,0.760759,378,27243,0,0.000000,0.000000,14,0,0,14,0.000000,0.000000,0.000000,2096.709723,,True
light_port_disruption_comparison,primary_port_partial_capacity,9,1051,heuristic,UNDISRUPTED,145029.000000,26080.000000,0.000000,0.000000,1316.000000,81933.000000,60.000000,35640.000000,0.000000,0.758242,396,27311,40,0.018519,1.000000,0,0,0,1,0.000000,0.000000,0.000000,0.023834,,True
light_port_disruption_comparison,primary_port_partial_capacity,9,1051,heuristic,DISRUPTED,145029.000000,26080.000000,0.000000,0.000000,1316.000000,81933.000000,60.000000,35640.000000,0.000000,0.758242,396,27311,40,0.018519,1.000000,0,0,0,15,0.000000,0.000000,0.000000,0.007525,,True
light_port_disruption_comparison,primary_port_partial_capacity,9,1051,llm_agent,UNDISRUPTED,145109.000000,26080.000000,80.000000,0.000000,1316.000000,81933.000000,60.000000,35640.000000,0.000000,0.758242,396,27311,40,0.018519,1.000000,1,0,0,1,0.000000,0.000000,0.000000,2006.044416,,True
light_port_disruption_comparison,primary_port_partial_capacity,9,1051,llm_agent,DISRUPTED,146069.000000,26080.000000,1040.000000,0.000000,1316.000000,81933.000000,60.000000,35640.000000,0.000000,0.758242,396,27311,40,0.018519,1.000000,13,0,0,15,0.000000,0.000000,0.000000,2376.517717,,True
light_port_disruption_comparison,primary_port_partial_capacity,10,1052,heuristic,UNDISRUPTED,147504.000000,26080.000000,0.000000,0.000000,1316.000000,84558.000000,0.000000,35550.000000,0.000000,0.754963,395,28186,0,0.000000,0.000000,0,0,0,0,0.000000,0.000000,0.000000,0.000000,,True
light_port_disruption_comparison,primary_port_partial_capacity,10,1052,heuristic,DISRUPTED,147504.000000,26080.000000,0.000000,0.000000,1316.000000,84558.000000,0.000000,35550.000000,0.000000,0.754963,395,28186,0,0.000000,0.000000,0,0,0,14,0.000000,0.000000,0.000000,0.008179,,True
light_port_disruption_comparison,primary_port_partial_capacity,10,1052,llm_agent,UNDISRUPTED,147504.000000,26080.000000,0.000000,0.000000,1316.000000,84558.000000,0.000000,35550.000000,0.000000,0.754963,395,28186,0,0.000000,0.000000,0,0,0,0,0.000000,0.000000,0.000000,0.000000,,True
light_port_disruption_comparison,primary_port_partial_capacity,10,1052,llm_agent,DISRUPTED,148344.000000,27080.000000,880.000000,400.000000,1316.000000,83118.000000,0.000000,35550.000000,0.000000,0.754963,395,27706,0,0.000000,0.000000,11,1,40,14,0.000000,0.000000,0.000000,2209.596223,,True
light_port_disruption_comparison,primary_port_partial_capacity,11,1053,heuristic,UNDISRUPTED,136394.000000,26080.000000,0.000000,0.000000,1312.000000,75252.000000,0.000000,33750.000000,0.000000,0.768089,375,25084,0,0.000000,0.000000,0,0,0,0,0.000000,0.000000,0.000000,0.000000,,True
light_port_disruption_comparison,primary_port_partial_capacity,11,1053,heuristic,DISRUPTED,136394.000000,26080.000000,0.000000,0.000000,1312.000000,75252.000000,0.000000,33750.000000,0.000000,0.768089,375,25084,0,0.000000,0.000000,0,0,0,14,0.000000,0.000000,0.000000,0.006583,,True
light_port_disruption_comparison,primary_port_partial_capacity,11,1053,llm_agent,UNDISRUPTED,136394.000000,26080.000000,0.000000,0.000000,1312.000000,75252.000000,0.000000,33750.000000,0.000000,0.768089,375,25084,0,0.000000,0.000000,0,0,0,0,0.000000,0.000000,0.000000,0.000000,,True
light_port_disruption_comparison,primary_port_partial_capacity,11,1053,llm_agent,DISRUPTED,137354.000000,26080.000000,960.000000,0.000000,1312.000000,75252.000000,0.000000,33750.000000,0.000000,0.768089,375,25084,0,0.000000,0.000000,12,0,0,14,0.000000,0.000000,0.000000,2074.569416,,True
light_port_disruption_comparison,primary_port_partial_capacity,12,1054,heuristic,UNDISRUPTED,134031.000000,26080.000000,0.000000,0.000000,1316.000000,73965.000000,0.000000,32670.000000,0.000000,0.774394,363,24655,0,0.000000,0.000000,0,0,0,0,0.000000,0.000000,0.000000,0.000000,,True
light_port_disruption_comparison,primary_port_partial_capacity,12,1054,heuristic,DISRUPTED,134031.000000,26080.000000,0.000000,0.000000,1316.000000,73965.000000,0.000000,32670.000000,0.000000,0.774394,363,24655,0,0.000000,0.000000,0,0,0,14,0.000000,0.000000,0.000000,0.007697,,True
light_port_disruption_comparison,primary_port_partial_capacity,12,1054,llm_agent,UNDISRUPTED,134031.000000,26080.000000,0.000000,0.000000,1316.000000,73965.000000,0.000000,32670.000000,0.000000,0.774394,363,24655,0,0.000000,0.000000,0,0,0,0,0.000000,0.000000,0.000000,0.000000,,True
light_port_disruption_comparison,primary_port_partial_capacity,12,1054,llm_agent,DISRUPTED,134991.000000,26080.000000,960.000000,0.000000,1316.000000,73965.000000,0.000000,32670.000000,0.000000,0.774394,363,24655,0,0.000000,0.000000,12,0,0,14,0.000000,0.000000,0.000000,2129.718280,,True
light_port_disruption_comparison,primary_port_partial_capacity,13,1055,heuristic,UNDISRUPTED,145541.000000,26080.000000,0.000000,0.000000,1312.000000,82059.000000,0.000000,36090.000000,0.000000,0.756970,401,27353,0,0.000000,0.000000,0,0,0,0,0.000000,0.000000,0.000000,0.000000,,True
light_port_disruption_comparison,primary_port_partial_capacity,13,1055,heuristic,DISRUPTED,145541.000000,26080.000000,0.000000,0.000000,1312.000000,82059.000000,0.000000,36090.000000,0.000000,0.756970,401,27353,0,0.000000,0.000000,0,0,0,14,0.000000,0.000000,0.000000,0.008345,,True
light_port_disruption_comparison,primary_port_partial_capacity,13,1055,llm_agent,UNDISRUPTED,145541.000000,26080.000000,0.000000,0.000000,1312.000000,82059.000000,0.000000,36090.000000,0.000000,0.756970,401,27353,0,0.000000,0.000000,0,0,0,0,0.000000,0.000000,0.000000,0.000000,,True
light_port_disruption_comparison,primary_port_partial_capacity,13,1055,llm_agent,DISRUPTED,146581.000000,26080.000000,1040.000000,0.000000,1312.000000,82059.000000,0.000000,36090.000000,0.000000,0.756970,401,27353,0,0.000000,0.000000,13,0,0,14,0.000000,0.000000,0.000000,2574.105851,,True
light_port_disruption_comparison,primary_port_partial_capacity,14,1056,heuristic,UNDISRUPTED,140677.000000,26080.000000,0.000000,0.000000,1308.000000,80079.000000,0.000000,33210.000000,0.000000,0.768507,369,26693,0,0.000000,0.000000,0,0,0,0,0.000000,0.000000,0.000000,0.000000,,True
light_port_disruption_comparison,primary_port_partial_capacity,14,1056,heuristic,DISRUPTED,141277.000000,26080.000000,0.000000,0.000000,1308.000000,80679.000000,0.000000,33210.000000,0.000000,0.768507,369,26893,0,0.000000,0.000000,0,0,0,18,0.000000,0.000000,0.000000,0.007037,,True
light_port_disruption_comparison,primary_port_partial_capacity,14,1056,llm_agent,UNDISRUPTED,140677.000000,26080.000000,0.000000,0.000000,1308.000000,80079.000000,0.000000,33210.000000,0.000000,0.768507,369,26693,0,0.000000,0.000000,0,0,0,0,0.000000,0.000000,0.000000,0.000000,,True
light_port_disruption_comparison,primary_port_partial_capacity,14,1056,llm_agent,DISRUPTED,142237.000000,26080.000000,960.000000,0.000000,1308.000000,80679.000000,0.000000,33210.000000,0.000000,0.768507,369,26893,0,0.000000,0.000000,12,0,0,18,0.000000,0.000000,0.000000,2379.401519,,True
light_port_disruption_comparison,primary_port_partial_capacity,15,1057,heuristic,UNDISRUPTED,130770.000000,26080.000000,0.000000,0.000000,1316.000000,72594.000000,0.000000,30780.000000,0.000000,0.784499,342,24198,0,0.000000,0.000000,0,0,0,0,0.000000,0.000000,0.000000,0.000000,,True
light_port_disruption_comparison,primary_port_partial_capacity,15,1057,heuristic,DISRUPTED,130770.000000,26080.000000,0.000000,0.000000,1316.000000,72594.000000,0.000000,30780.000000,0.000000,0.784499,342,24198,0,0.000000,0.000000,0,0,0,14,0.000000,0.000000,0.000000,0.007452,,True
light_port_disruption_comparison,primary_port_partial_capacity,15,1057,llm_agent,UNDISRUPTED,130770.000000,26080.000000,0.000000,0.000000,1316.000000,72594.000000,0.000000,30780.000000,0.000000,0.784499,342,24198,0,0.000000,0.000000,0,0,0,0,0.000000,0.000000,0.000000,0.000000,,True
light_port_disruption_comparison,primary_port_partial_capacity,15,1057,llm_agent,DISRUPTED,131890.000000,26080.000000,1120.000000,0.000000,1316.000000,72594.000000,0.000000,30780.000000,0.000000,0.784499,342,24198,0,0.000000,0.000000,14,0,0,14,0.000000,0.000000,0.000000,2606.791393,,True
light_port_disruption_comparison,primary_port_partial_capacity,16,1058,heuristic,UNDISRUPTED,137639.000000,26080.000000,0.000000,0.000000,1312.000000,76407.000000,0.000000,33840.000000,0.000000,0.771150,376,25469,0,0.000000,0.000000,0,0,0,0,0.000000,0.000000,0.000000,0.000000,,True
light_port_disruption_comparison,primary_port_partial_capacity,16,1058,heuristic,DISRUPTED,137639.000000,26080.000000,0.000000,0.000000,1312.000000,76407.000000,0.000000,33840.000000,0.000000,0.771150,376,25469,0,0.000000,0.000000,0,0,0,14,0.000000,0.000000,0.000000,0.008494,,True
light_port_disruption_comparison,primary_port_partial_capacity,16,1058,llm_agent,UNDISRUPTED,137639.000000,26080.000000,0.000000,0.000000,1312.000000,76407.000000,0.000000,33840.000000,0.000000,0.771150,376,25469,0,0.000000,0.000000,0,0,0,0,0.000000,0.000000,0.000000,0.000000,,True
light_port_disruption_comparison,primary_port_partial_capacity,16,1058,llm_agent,DISRUPTED,138519.000000,26080.000000,880.000000,0.000000,1312.000000,76407.000000,0.000000,33840.000000,0.000000,0.771150,376,25469,0,0.000000,0.000000,11,0,0,14,0.000000,0.000000,0.000000,2532.446533,,True
light_port_disruption_comparison,primary_port_partial_capacity,17,1059,heuristic,UNDISRUPTED,141516.000000,26080.000000,0.000000,0.000000,1316.000000,79830.000000,0.000000,34290.000000,0.000000,0.763941,381,26610,0,0.000000,0.000000,0,0,0,0,0.000000,0.000000,0.000000,0.000000,,True
light_port_disruption_comparison,primary_port_partial_capacity,17,1059,heuristic,DISRUPTED,141516.000000,26080.000000,0.000000,0.000000,1316.000000,79830.000000,0.000000,34290.000000,0.000000,0.763941,381,26610,0,0.000000,0.000000,0,0,0,14,0.000000,0.000000,0.000000,0.008336,,True
light_port_disruption_comparison,primary_port_partial_capacity,17,1059,llm_agent,UNDISRUPTED,141516.000000,26080.000000,0.000000,0.000000,1316.000000,79830.000000,0.000000,34290.000000,0.000000,0.763941,381,26610,0,0.000000,0.000000,0,0,0,0,0.000000,0.000000,0.000000,0.000000,,True
light_port_disruption_comparison,primary_port_partial_capacity,17,1059,llm_agent,DISRUPTED,142476.000000,26080.000000,960.000000,0.000000,1316.000000,79830.000000,0.000000,34290.000000,0.000000,0.763941,381,26610,0,0.000000,0.000000,12,0,0,14,0.000000,0.000000,0.000000,2293.276048,,True
light_port_disruption_comparison,primary_port_partial_capacity,18,1060,heuristic,UNDISRUPTED,133159.000000,26320.000000,0.000000,0.000000,1308.000000,75231.000000,60.000000,30240.000000,0.000000,0.785851,336,25077,40,0.018519,1.000000,0,0,0,1,0.000000,0.000000,0.000000,0.016708,,True
light_port_disruption_comparison,primary_port_partial_capacity,18,1060,heuristic,DISRUPTED,133519.000000,26320.000000,0.000000,0.000000,1308.000000,75591.000000,60.000000,30240.000000,0.000000,0.785851,336,25197,40,0.018519,1.000000,0,0,0,17,0.000000,0.000000,0.000000,0.007135,,True
light_port_disruption_comparison,primary_port_partial_capacity,18,1060,llm_agent,UNDISRUPTED,133239.000000,26320.000000,80.000000,0.000000,1308.000000,75231.000000,60.000000,30240.000000,0.000000,0.785851,336,25077,40,0.018519,1.000000,1,0,0,1,0.000000,0.000000,0.000000,2196.094708,,True
light_port_disruption_comparison,primary_port_partial_capacity,18,1060,llm_agent,DISRUPTED,134639.000000,26320.000000,1120.000000,0.000000,1308.000000,75591.000000,60.000000,30240.000000,0.000000,0.785851,336,25197,40,0.018519,1.000000,14,0,0,17,0.000000,0.000000,0.000000,2089.094537,,True
light_port_disruption_comparison,primary_port_partial_capacity,19,1061,heuristic,UNDISRUPTED,143737.000000,26080.000000,0.000000,0.000000,1308.000000,81429.000000,0.000000,34920.000000,0.000000,0.762836,388,27143,0,0.000000,0.000000,0,0,0,0,0.000000,0.000000,0.000000,0.000000,,True
light_port_disruption_comparison,primary_port_partial_capacity,19,1061,heuristic,DISRUPTED,143737.000000,26080.000000,0.000000,0.000000,1308.000000,81429.000000,0.000000,34920.000000,0.000000,0.762836,388,27143,0,0.000000,0.000000,0,0,0,14,0.000000,0.000000,0.000000,0.007976,,True
light_port_disruption_comparison,primary_port_partial_capacity,19,1061,llm_agent,UNDISRUPTED,143737.000000,26080.000000,0.000000,0.000000,1308.000000,81429.000000,0.000000,34920.000000,0.000000,0.762836,388,27143,0,0.000000,0.000000,0,0,0,0,0.000000,0.000000,0.000000,0.000000,,True
light_port_disruption_comparison,primary_port_partial_capacity,19,1061,llm_agent,DISRUPTED,144617.000000,26080.000000,880.000000,0.000000,1308.000000,81429.000000,0.000000,34920.000000,0.000000,0.762836,388,27143,0,0.000000,0.000000,11,0,0,14,0.000000,0.000000,0.000000,2365.384051,,True
light_port_disruption_comparison,primary_port_partial_capacity,20,1062,heuristic,UNDISRUPTED,148912.000000,26080.000000,0.000000,0.000000,1308.000000,85194.000000,60.000000,36270.000000,0.000000,0.748910,403,28398,40,0.018519,1.000000,0,0,0,1,0.000000,0.000000,0.000000,0.018500,,True
light_port_disruption_comparison,primary_port_partial_capacity,20,1062,heuristic,DISRUPTED,148912.000000,26080.000000,0.000000,0.000000,1308.000000,85194.000000,60.000000,36270.000000,0.000000,0.748910,403,28398,40,0.018519,1.000000,0,0,0,15,0.000000,0.000000,0.000000,0.007867,,True
light_port_disruption_comparison,primary_port_partial_capacity,20,1062,llm_agent,UNDISRUPTED,148992.000000,26080.000000,80.000000,0.000000,1308.000000,85194.000000,60.000000,36270.000000,0.000000,0.748910,403,28398,40,0.018519,1.000000,1,0,0,1,0.000000,0.000000,0.000000,2003.810833,,True
light_port_disruption_comparison,primary_port_partial_capacity,20,1062,llm_agent,DISRUPTED,149792.000000,26080.000000,880.000000,0.000000,1308.000000,85194.000000,60.000000,36270.000000,0.000000,0.748910,403,28398,40,0.018519,1.000000,11,0,0,15,0.000000,0.000000,0.000000,2140.190597,,True
light_port_disruption_comparison,primary_port_partial_capacity,21,1063,heuristic,UNDISRUPTED,133457.000000,26080.000000,0.000000,0.000000,1312.000000,74745.000000,0.000000,31320.000000,0.000000,0.777778,348,24915,0,0.000000,0.000000,0,0,0,0,0.000000,0.000000,0.000000,0.000000,,True
light_port_disruption_comparison,primary_port_partial_capacity,21,1063,heuristic,DISRUPTED,133457.000000,26080.000000,0.000000,0.000000,1312.000000,74745.000000,0.000000,31320.000000,0.000000,0.777778,348,24915,0,0.000000,0.000000,0,0,0,14,0.000000,0.000000,0.000000,0.007795,,True
light_port_disruption_comparison,primary_port_partial_capacity,21,1063,llm_agent,UNDISRUPTED,133457.000000,26080.000000,0.000000,0.000000,1312.000000,74745.000000,0.000000,31320.000000,0.000000,0.777778,348,24915,0,0.000000,0.000000,0,0,0,0,0.000000,0.000000,0.000000,0.000000,,True
light_port_disruption_comparison,primary_port_partial_capacity,21,1063,llm_agent,DISRUPTED,134577.000000,26080.000000,1120.000000,0.000000,1312.000000,74745.000000,0.000000,31320.000000,0.000000,0.777778,348,24915,0,0.000000,0.000000,14,0,0,14,0.000000,0.000000,0.000000,1970.179842,,True
light_port_disruption_comparison,primary_port_partial_capacity,22,1064,heuristic,UNDISRUPTED,137191.000000,26080.000000,0.000000,0.000000,1428.000000,76473.000000,0.000000,33210.000000,0.000000,0.767045,369,25491,0,0.000000,0.000000,0,0,0,0,0.000000,0.000000,0.000000,0.000000,,True
light_port_disruption_comparison,primary_port_partial_capacity,22,1064,heuristic,DISRUPTED,137191.000000,26080.000000,0.000000,0.000000,1428.000000,76473.000000,0.000000,33210.000000,0.000000,0.767045,369,25491,0,0.000000,0.000000,0,0,0,14,0.000000,0.000000,0.000000,0.008738,,True
light_port_disruption_comparison,primary_port_partial_capacity,22,1064,llm_agent,UNDISRUPTED,137191.000000,26080.000000,0.000000,0.000000,1428.000000,76473.000000,0.000000,33210.000000,0.000000,0.767045,369,25491,0,0.000000,0.000000,0,0,0,0,0.000000,0.000000,0.000000,0.000000,,True
light_port_disruption_comparison,primary_port_partial_capacity,22,1064,llm_agent,DISRUPTED,138071.000000,26080.000000,880.000000,0.000000,1428.000000,76473.000000,0.000000,33210.000000,0.000000,0.767045,369,25491,0,0.000000,0.000000,11,0,0,14,0.000000,0.000000,0.000000,2189.187964,,True
light_port_disruption_comparison,primary_port_partial_capacity,23,1065,heuristic,UNDISRUPTED,140241.000000,26080.000000,0.000000,0.000000,1316.000000,79185.000000,0.000000,33660.000000,0.000000,0.765957,374,26395,0,0.000000,0.000000,0,0,0,0,0.000000,0.000000,0.000000,0.000000,,True
light_port_disruption_comparison,primary_port_partial_capacity,23,1065,heuristic,DISRUPTED,140241.000000,26080.000000,0.000000,0.000000,1316.000000,79185.000000,0.000000,33660.000000,0.000000,0.765957,374,26395,0,0.000000,0.000000,0,0,0,14,0.000000,0.000000,0.000000,0.010000,,True
light_port_disruption_comparison,primary_port_partial_capacity,23,1065,llm_agent,UNDISRUPTED,140241.000000,26080.000000,0.000000,0.000000,1316.000000,79185.000000,0.000000,33660.000000,0.000000,0.765957,374,26395,0,0.000000,0.000000,0,0,0,0,0.000000,0.000000,0.000000,0.000000,,True
light_port_disruption_comparison,primary_port_partial_capacity,23,1065,llm_agent,DISRUPTED,141281.000000,26080.000000,1040.000000,0.000000,1316.000000,79185.000000,0.000000,33660.000000,0.000000,0.765957,374,26395,0,0.000000,0.000000,13,0,0,14,0.000000,0.000000,0.000000,2584.902697,,True
light_port_disruption_comparison,primary_port_partial_capacity,24,1066,heuristic,UNDISRUPTED,147925.000000,26080.000000,0.000000,0.000000,1308.000000,84447.000000,0.000000,36090.000000,0.000000,0.748274,401,28149,0,0.000000,0.000000,0,0,0,0,0.000000,0.000000,0.000000,0.000000,,True
light_port_disruption_comparison,primary_port_partial_capacity,24,1066,heuristic,DISRUPTED,148165.000000,26080.000000,0.000000,0.000000,1308.000000,84687.000000,0.000000,36090.000000,0.000000,0.748274,401,28229,0,0.000000,0.000000,0,0,0,15,0.000000,0.000000,0.000000,0.006286,,True
light_port_disruption_comparison,primary_port_partial_capacity,24,1066,llm_agent,UNDISRUPTED,147925.000000,26080.000000,0.000000,0.000000,1308.000000,84447.000000,0.000000,36090.000000,0.000000,0.748274,401,28149,0,0.000000,0.000000,0,0,0,0,0.000000,0.000000,0.000000,0.000000,,True
light_port_disruption_comparison,primary_port_partial_capacity,24,1066,llm_agent,DISRUPTED,149125.000000,26080.000000,960.000000,0.000000,1308.000000,84687.000000,0.000000,36090.000000,0.000000,0.748274,401,28229,0,0.000000,0.000000,12,0,0,15,0.000000,0.000000,0.000000,2355.523450,,True
light_port_disruption_comparison,primary_port_partial_capacity,25,1067,heuristic,UNDISRUPTED,145710.000000,26080.000000,0.000000,0.000000,1304.000000,83226.000000,0.000000,35100.000000,0.000000,0.755025,390,27742,0,0.000000,0.000000,0,0,0,0,0.000000,0.000000,0.000000,0.000000,,True
light_port_disruption_comparison,primary_port_partial_capacity,25,1067,heuristic,DISRUPTED,146310.000000,26080.000000,0.000000,0.000000,1304.000000,83826.000000,0.000000,35100.000000,0.000000,0.755025,390,27942,0,0.000000,0.000000,0,0,0,18,0.000000,0.000000,0.000000,0.004681,,True
light_port_disruption_comparison,primary_port_partial_capacity,25,1067,llm_agent,UNDISRUPTED,145710.000000,26080.000000,0.000000,0.000000,1304.000000,83226.000000,0.000000,35100.000000,0.000000,0.755025,390,27742,0,0.000000,0.000000,0,0,0,0,0.000000,0.000000,0.000000,0.000000,,True
light_port_disruption_comparison,primary_port_partial_capacity,25,1067,llm_agent,DISRUPTED,147350.000000,26080.000000,1040.000000,0.000000,1304.000000,83826.000000,0.000000,35100.000000,0.000000,0.755025,390,27942,0,0.000000,0.000000,13,0,0,18,0.000000,0.000000,0.000000,2206.738812,,True
light_port_disruption_comparison,primary_port_partial_capacity,26,1068,heuristic,UNDISRUPTED,134043.000000,26080.000000,0.000000,0.000000,1304.000000,75339.000000,0.000000,31320.000000,0.000000,0.775194,348,25113,0,0.000000,0.000000,0,0,0,0,0.000000,0.000000,0.000000,0.000000,,True
light_port_disruption_comparison,primary_port_partial_capacity,26,1068,heuristic,DISRUPTED,134043.000000,26080.000000,0.000000,0.000000,1304.000000,75339.000000,0.000000,31320.000000,0.000000,0.775194,348,25113,0,0.000000,0.000000,0,0,0,14,0.000000,0.000000,0.000000,0.007619,,True
light_port_disruption_comparison,primary_port_partial_capacity,26,1068,llm_agent,UNDISRUPTED,134043.000000,26080.000000,0.000000,0.000000,1304.000000,75339.000000,0.000000,31320.000000,0.000000,0.775194,348,25113,0,0.000000,0.000000,0,0,0,0,0.000000,0.000000,0.000000,0.000000,,True
light_port_disruption_comparison,primary_port_partial_capacity,26,1068,llm_agent,DISRUPTED,135003.000000,26080.000000,960.000000,0.000000,1304.000000,75339.000000,0.000000,31320.000000,0.000000,0.775194,348,25113,0,0.000000,0.000000,12,0,0,14,0.000000,0.000000,0.000000,2350.313809,,True
light_port_disruption_comparison,primary_port_partial_capacity,27,1069,heuristic,UNDISRUPTED,143386.000000,26400.000000,0.000000,0.000000,1312.000000,81024.000000,0.000000,34650.000000,0.000000,0.758014,385,27008,0,0.000000,0.000000,0,0,0,0,0.000000,0.000000,0.000000,0.000000,,True
light_port_disruption_comparison,primary_port_partial_capacity,27,1069,heuristic,DISRUPTED,144226.000000,26400.000000,0.000000,0.000000,1312.000000,81864.000000,0.000000,34650.000000,0.000000,0.758014,385,27288,0,0.000000,0.000000,0,0,0,21,0.000000,0.000000,0.000000,0.006772,,True
light_port_disruption_comparison,primary_port_partial_capacity,27,1069,llm_agent,UNDISRUPTED,143386.000000,26400.000000,0.000000,0.000000,1312.000000,81024.000000,0.000000,34650.000000,0.000000,0.758014,385,27008,0,0.000000,0.000000,0,0,0,0,0.000000,0.000000,0.000000,0.000000,,True
light_port_disruption_comparison,primary_port_partial_capacity,27,1069,llm_agent,DISRUPTED,145266.000000,26400.000000,1040.000000,0.000000,1312.000000,81864.000000,0.000000,34650.000000,0.000000,0.758014,385,27288,0,0.000000,0.000000,13,0,0,21,0.000000,0.000000,0.000000,2162.803014,,True
light_port_disruption_comparison,primary_port_partial_capacity,28,1070,heuristic,UNDISRUPTED,133153.000000,26080.000000,0.000000,0.000000,1308.000000,75165.000000,0.000000,30600.000000,0.000000,0.785759,340,25055,0,0.000000,0.000000,0,0,0,0,0.000000,0.000000,0.000000,0.000000,,True
light_port_disruption_comparison,primary_port_partial_capacity,28,1070,heuristic,DISRUPTED,133153.000000,26080.000000,0.000000,0.000000,1308.000000,75165.000000,0.000000,30600.000000,0.000000,0.785759,340,25055,0,0.000000,0.000000,0,0,0,14,0.000000,0.000000,0.000000,0.008583,,True
light_port_disruption_comparison,primary_port_partial_capacity,28,1070,llm_agent,UNDISRUPTED,133153.000000,26080.000000,0.000000,0.000000,1308.000000,75165.000000,0.000000,30600.000000,0.000000,0.785759,340,25055,0,0.000000,0.000000,0,0,0,0,0.000000,0.000000,0.000000,0.000000,,True
light_port_disruption_comparison,primary_port_partial_capacity,28,1070,llm_agent,DISRUPTED,134153.000000,27080.000000,1040.000000,400.000000,1308.000000,73725.000000,0.000000,30600.000000,0.000000,0.785759,340,24575,0,0.000000,0.000000,13,1,40,14,0.000000,0.000000,0.000000,7016.988485,,True
light_port_disruption_comparison,primary_port_partial_capacity,29,1071,heuristic,UNDISRUPTED,135994.000000,26080.000000,0.000000,0.000000,1308.000000,75486.000000,0.000000,33120.000000,0.000000,0.772559,368,25162,0,0.000000,0.000000,0,0,0,0,0.000000,0.000000,0.000000,0.000000,,True
light_port_disruption_comparison,primary_port_partial_capacity,29,1071,heuristic,DISRUPTED,135994.000000,26080.000000,0.000000,0.000000,1308.000000,75486.000000,0.000000,33120.000000,0.000000,0.772559,368,25162,0,0.000000,0.000000,0,0,0,14,0.000000,0.000000,0.000000,0.008309,,True
light_port_disruption_comparison,primary_port_partial_capacity,29,1071,llm_agent,UNDISRUPTED,135994.000000,26080.000000,0.000000,0.000000,1308.000000,75486.000000,0.000000,33120.000000,0.000000,0.772559,368,25162,0,0.000000,0.000000,0,0,0,0,0.000000,0.000000,0.000000,0.000000,,True
light_port_disruption_comparison,primary_port_partial_capacity,29,1071,llm_agent,DISRUPTED,136954.000000,26080.000000,960.000000,0.000000,1308.000000,75486.000000,0.000000,33120.000000,0.000000,0.772559,368,25162,0,0.000000,0.000000,12,0,0,14,0.000000,0.000000,0.000000,2290.310819,,True
light_port_disruption_comparison,primary_port_partial_capacity,30,1072,heuristic,UNDISRUPTED,148311.000000,26080.000000,0.000000,0.000000,1316.000000,84645.000000,0.000000,36270.000000,0.000000,0.749378,403,28215,0,0.000000,0.000000,0,0,0,0,0.000000,0.000000,0.000000,0.000000,,True
light_port_disruption_comparison,primary_port_partial_capacity,30,1072,heuristic,DISRUPTED,148311.000000,26080.000000,0.000000,0.000000,1316.000000,84645.000000,0.000000,36270.000000,0.000000,0.749378,403,28215,0,0.000000,0.000000,0,0,0,14,0.000000,0.000000,0.000000,0.008274,,True
light_port_disruption_comparison,primary_port_partial_capacity,30,1072,llm_agent,UNDISRUPTED,148311.000000,26080.000000,0.000000,0.000000,1316.000000,84645.000000,0.000000,36270.000000,0.000000,0.749378,403,28215,0,0.000000,0.000000,0,0,0,0,0.000000,0.000000,0.000000,0.000000,,True
light_port_disruption_comparison,primary_port_partial_capacity,30,1072,llm_agent,DISRUPTED,149231.000000,27080.000000,960.000000,400.000000,1316.000000,83205.000000,0.000000,36270.000000,0.000000,0.749378,403,27735,0,0.000000,0.000000,12,1,40,14,0.000000,0.000000,0.000000,2145.578709,,True
light_port_disruption_comparison,primary_port_partial_capacity,31,1073,heuristic,UNDISRUPTED,137924.000000,26080.000000,0.000000,0.000000,1312.000000,77322.000000,0.000000,33210.000000,0.000000,0.766603,369,25774,0,0.000000,0.000000,0,0,0,0,0.000000,0.000000,0.000000,0.000000,,True
light_port_disruption_comparison,primary_port_partial_capacity,31,1073,heuristic,DISRUPTED,137924.000000,26080.000000,0.000000,0.000000,1312.000000,77322.000000,0.000000,33210.000000,0.000000,0.766603,369,25774,0,0.000000,0.000000,0,0,0,14,0.000000,0.000000,0.000000,0.008747,,True
light_port_disruption_comparison,primary_port_partial_capacity,31,1073,llm_agent,UNDISRUPTED,137924.000000,26080.000000,0.000000,0.000000,1312.000000,77322.000000,0.000000,33210.000000,0.000000,0.766603,369,25774,0,0.000000,0.000000,0,0,0,0,0.000000,0.000000,0.000000,0.000000,,True
light_port_disruption_comparison,primary_port_partial_capacity,31,1073,llm_agent,DISRUPTED,138964.000000,26080.000000,1040.000000,0.000000,1312.000000,77322.000000,0.000000,33210.000000,0.000000,0.766603,369,25774,0,0.000000,0.000000,13,0,0,14,0.000000,0.000000,0.000000,2232.906199,,True
light_port_disruption_comparison,primary_port_partial_capacity,32,1074,heuristic,UNDISRUPTED,138218.000000,26080.000000,0.000000,0.000000,1312.000000,77376.000000,60.000000,33390.000000,0.000000,0.769851,371,25792,40,0.018519,1.000000,0,0,0,0,0.000000,0.000000,0.000000,0.000000,,True
light_port_disruption_comparison,primary_port_partial_capacity,32,1074,heuristic,DISRUPTED,138218.000000,26080.000000,0.000000,0.000000,1312.000000,77376.000000,60.000000,33390.000000,0.000000,0.769851,371,25792,40,0.018519,1.000000,0,0,0,14,0.000000,0.000000,0.000000,0.007548,,True
light_port_disruption_comparison,primary_port_partial_capacity,32,1074,llm_agent,UNDISRUPTED,138218.000000,26080.000000,0.000000,0.000000,1312.000000,77376.000000,60.000000,33390.000000,0.000000,0.769851,371,25792,40,0.018519,1.000000,0,0,0,0,0.000000,0.000000,0.000000,0.000000,,True
light_port_disruption_comparison,primary_port_partial_capacity,32,1074,llm_agent,DISRUPTED,139098.000000,26080.000000,880.000000,0.000000,1312.000000,77376.000000,60.000000,33390.000000,0.000000,0.769851,371,25792,40,0.018519,1.000000,11,0,0,14,0.000000,0.000000,0.000000,2168.157997,,True
light_port_disruption_comparison,primary_port_partial_capacity,33,1075,heuristic,UNDISRUPTED,119568.000000,26080.000000,0.000000,0.000000,1316.000000,64902.000000,0.000000,27270.000000,0.000000,0.805395,303,21634,0,0.000000,0.000000,0,0,0,0,0.000000,0.000000,0.000000,0.000000,,True
light_port_disruption_comparison,primary_port_partial_capacity,33,1075,heuristic,DISRUPTED,119568.000000,26080.000000,0.000000,0.000000,1316.000000,64902.000000,0.000000,27270.000000,0.000000,0.805395,303,21634,0,0.000000,0.000000,0,0,0,14,0.000000,0.000000,0.000000,0.008402,,True
light_port_disruption_comparison,primary_port_partial_capacity,33,1075,llm_agent,UNDISRUPTED,119568.000000,26080.000000,0.000000,0.000000,1316.000000,64902.000000,0.000000,27270.000000,0.000000,0.805395,303,21634,0,0.000000,0.000000,0,0,0,0,0.000000,0.000000,0.000000,0.000000,,True
light_port_disruption_comparison,primary_port_partial_capacity,33,1075,llm_agent,DISRUPTED,120488.000000,27080.000000,960.000000,400.000000,1316.000000,63462.000000,0.000000,27270.000000,0.000000,0.805395,303,21154,0,0.000000,0.000000,12,1,40,14,0.000000,0.000000,0.000000,2584.373018,,True
light_port_disruption_comparison,primary_port_partial_capacity,34,1076,heuristic,UNDISRUPTED,158820.000000,26080.000000,0.000000,0.000000,1316.000000,90744.000000,0.000000,40680.000000,0.000000,0.727218,452,30248,0,0.000000,0.000000,0,0,0,0,0.000000,0.000000,0.000000,0.000000,,True
light_port_disruption_comparison,primary_port_partial_capacity,34,1076,heuristic,DISRUPTED,158820.000000,26080.000000,0.000000,0.000000,1316.000000,90744.000000,0.000000,40680.000000,0.000000,0.727218,452,30248,0,0.000000,0.000000,0,0,0,14,0.000000,0.000000,0.000000,0.008580,,True
light_port_disruption_comparison,primary_port_partial_capacity,34,1076,llm_agent,UNDISRUPTED,158820.000000,26080.000000,0.000000,0.000000,1316.000000,90744.000000,0.000000,40680.000000,0.000000,0.727218,452,30248,0,0.000000,0.000000,0,0,0,0,0.000000,0.000000,0.000000,0.000000,,True
light_port_disruption_comparison,primary_port_partial_capacity,34,1076,llm_agent,DISRUPTED,159860.000000,26080.000000,1040.000000,0.000000,1316.000000,90744.000000,0.000000,40680.000000,0.000000,0.727218,452,30248,0,0.000000,0.000000,13,0,0,14,0.000000,0.000000,0.000000,2576.932643,,True
light_port_disruption_comparison,primary_port_partial_capacity,35,1077,heuristic,UNDISRUPTED,141440.000000,26080.000000,0.000000,0.000000,1312.000000,79308.000000,0.000000,34740.000000,0.000000,0.762169,386,26436,0,0.000000,0.000000,0,0,0,0,0.000000,0.000000,0.000000,0.000000,,True
light_port_disruption_comparison,primary_port_partial_capacity,35,1077,heuristic,DISRUPTED,141440.000000,26080.000000,0.000000,0.000000,1312.000000,79308.000000,0.000000,34740.000000,0.000000,0.762169,386,26436,0,0.000000,0.000000,0,0,0,14,0.000000,0.000000,0.000000,0.007705,,True
light_port_disruption_comparison,primary_port_partial_capacity,35,1077,llm_agent,UNDISRUPTED,141440.000000,26080.000000,0.000000,0.000000,1312.000000,79308.000000,0.000000,34740.000000,0.000000,0.762169,386,26436,0,0.000000,0.000000,0,0,0,0,0.000000,0.000000,0.000000,0.000000,,True
light_port_disruption_comparison,primary_port_partial_capacity,35,1077,llm_agent,DISRUPTED,142480.000000,26080.000000,1040.000000,0.000000,1312.000000,79308.000000,0.000000,34740.000000,0.000000,0.762169,386,26436,0,0.000000,0.000000,13,0,0,14,0.000000,0.000000,0.000000,2450.421589,,True
light_port_disruption_comparison,primary_port_partial_capacity,36,1078,heuristic,UNDISRUPTED,149859.000000,26080.000000,0.000000,0.000000,1436.000000,84003.000000,0.000000,38340.000000,0.000000,0.734248,426,28001,0,0.000000,0.000000,0,0,0,0,0.000000,0.000000,0.000000,0.000000,,True
light_port_disruption_comparison,primary_port_partial_capacity,36,1078,heuristic,DISRUPTED,149859.000000,26080.000000,0.000000,0.000000,1436.000000,84003.000000,0.000000,38340.000000,0.000000,0.734248,426,28001,0,0.000000,0.000000,0,0,0,14,0.000000,0.000000,0.000000,0.009821,,True
light_port_disruption_comparison,primary_port_partial_capacity,36,1078,llm_agent,UNDISRUPTED,149859.000000,26080.000000,0.000000,0.000000,1436.000000,84003.000000,0.000000,38340.000000,0.000000,0.734248,426,28001,0,0.000000,0.000000,0,0,0,0,0.000000,0.000000,0.000000,0.000000,,True
light_port_disruption_comparison,primary_port_partial_capacity,36,1078,llm_agent,DISRUPTED,150979.000000,26080.000000,1120.000000,0.000000,1436.000000,84003.000000,0.000000,38340.000000,0.000000,0.734248,426,28001,0,0.000000,0.000000,14,0,0,14,0.000000,0.000000,0.000000,4709.144887,,True
light_port_disruption_comparison,primary_port_partial_capacity,37,1079,heuristic,UNDISRUPTED,131639.000000,26400.000000,0.000000,0.000000,1316.000000,73683.000000,0.000000,30240.000000,0.000000,0.781107,336,24561,0,0.000000,0.000000,0,0,0,0,0.000000,0.000000,0.000000,0.000000,,True
light_port_disruption_comparison,primary_port_partial_capacity,37,1079,heuristic,DISRUPTED,132539.000000,26400.000000,0.000000,0.000000,1316.000000,74523.000000,60.000000,30240.000000,0.000000,0.781107,336,24841,40,0.018519,1.000000,0,0,0,22,0.000000,0.000000,0.000000,0.007214,,True
light_port_disruption_comparison,primary_port_partial_capacity,37,1079,llm_agent,UNDISRUPTED,131639.000000,26400.000000,0.000000,0.000000,1316.000000,73683.000000,0.000000,30240.000000,0.000000,0.781107,336,24561,0,0.000000,0.000000,0,0,0,0,0.000000,0.000000,0.000000,0.000000,,True
light_port_disruption_comparison,primary_port_partial_capacity,37,1079,llm_agent,DISRUPTED,133699.000000,27400.000000,1200.000000,400.000000,1316.000000,73083.000000,60.000000,30240.000000,0.000000,0.781107,336,24361,40,0.018519,1.000000,15,1,40,22,0.000000,0.000000,0.000000,2361.023017,,True
light_port_disruption_comparison,primary_port_partial_capacity,38,1080,heuristic,UNDISRUPTED,133146.000000,26080.000000,0.000000,0.000000,1316.000000,74700.000000,0.000000,31050.000000,0.000000,0.779271,345,24900,0,0.000000,0.000000,0,0,0,0,0.000000,0.000000,0.000000,0.000000,,True
light_port_disruption_comparison,primary_port_partial_capacity,38,1080,heuristic,DISRUPTED,133146.000000,26080.000000,0.000000,0.000000,1316.000000,74700.000000,0.000000,31050.000000,0.000000,0.779271,345,24900,0,0.000000,0.000000,0,0,0,14,0.000000,0.000000,0.000000,0.008155,,True
light_port_disruption_comparison,primary_port_partial_capacity,38,1080,llm_agent,UNDISRUPTED,133146.000000,26080.000000,0.000000,0.000000,1316.000000,74700.000000,0.000000,31050.000000,0.000000,0.779271,345,24900,0,0.000000,0.000000,0,0,0,0,0.000000,0.000000,0.000000,0.000000,,True
light_port_disruption_comparison,primary_port_partial_capacity,38,1080,llm_agent,DISRUPTED,134266.000000,26080.000000,1120.000000,0.000000,1316.000000,74700.000000,0.000000,31050.000000,0.000000,0.779271,345,24900,0,0.000000,0.000000,14,0,0,14,0.000000,0.000000,0.000000,2217.767687,,True
light_port_disruption_comparison,primary_port_partial_capacity,39,1081,heuristic,UNDISRUPTED,141155.000000,26080.000000,0.000000,0.000000,1312.000000,79593.000000,60.000000,34110.000000,0.000000,0.763421,379,26531,40,0.018519,1.000000,0,0,0,1,0.000000,0.000000,0.000000,0.017209,,True
light_port_disruption_comparison,primary_port_partial_capacity,39,1081,heuristic,DISRUPTED,141155.000000,26080.000000,0.000000,0.000000,1312.000000,79593.000000,60.000000,34110.000000,0.000000,0.763421,379,26531,40,0.018519,1.000000,0,0,0,15,0.000000,0.000000,0.000000,0.006942,,True
light_port_disruption_comparison,primary_port_partial_capacity,39,1081,llm_agent,UNDISRUPTED,141235.000000,26080.000000,80.000000,0.000000,1312.000000,79593.000000,60.000000,34110.000000,0.000000,0.763421,379,26531,40,0.018519,1.000000,1,0,0,1,0.000000,0.000000,0.000000,2119.772916,,True
light_port_disruption_comparison,primary_port_partial_capacity,39,1081,llm_agent,DISRUPTED,142355.000000,26080.000000,1200.000000,0.000000,1312.000000,79593.000000,60.000000,34110.000000,0.000000,0.763421,379,26531,40,0.018519,1.000000,15,0,0,15,0.000000,0.000000,0.000000,2243.991514,,True
light_port_disruption_comparison,primary_port_partial_capacity,40,1082,heuristic,UNDISRUPTED,150383.000000,26080.000000,0.000000,0.000000,1312.000000,86451.000000,0.000000,36540.000000,0.000000,0.750154,406,28817,0,0.000000,0.000000,0,0,0,0,0.000000,0.000000,0.000000,0.000000,,True
light_port_disruption_comparison,primary_port_partial_capacity,40,1082,heuristic,DISRUPTED,150383.000000,26080.000000,0.000000,0.000000,1312.000000,86451.000000,0.000000,36540.000000,0.000000,0.750154,406,28817,0,0.000000,0.000000,0,0,0,14,0.000000,0.000000,0.000000,0.008506,,True
light_port_disruption_comparison,primary_port_partial_capacity,40,1082,llm_agent,UNDISRUPTED,150383.000000,26080.000000,0.000000,0.000000,1312.000000,86451.000000,0.000000,36540.000000,0.000000,0.750154,406,28817,0,0.000000,0.000000,0,0,0,0,0.000000,0.000000,0.000000,0.000000,,True
light_port_disruption_comparison,primary_port_partial_capacity,40,1082,llm_agent,DISRUPTED,151503.000000,26080.000000,1120.000000,0.000000,1312.000000,86451.000000,0.000000,36540.000000,0.000000,0.750154,406,28817,0,0.000000,0.000000,14,0,0,14,0.000000,0.000000,0.000000,2544.202979,,True
light_port_disruption_comparison,primary_port_partial_capacity,41,1083,heuristic,UNDISRUPTED,131117.000000,26080.000000,0.000000,0.000000,1312.000000,73215.000000,0.000000,30510.000000,0.000000,0.789572,339,24405,0,0.000000,0.000000,0,0,0,0,0.000000,0.000000,0.000000,0.000000,,True
light_port_disruption_comparison,primary_port_partial_capacity,41,1083,heuristic,DISRUPTED,131117.000000,26080.000000,0.000000,0.000000,1312.000000,73215.000000,0.000000,30510.000000,0.000000,0.789572,339,24405,0,0.000000,0.000000,0,0,0,14,0.000000,0.000000,0.000000,0.007741,,True
light_port_disruption_comparison,primary_port_partial_capacity,41,1083,llm_agent,UNDISRUPTED,131117.000000,26080.000000,0.000000,0.000000,1312.000000,73215.000000,0.000000,30510.000000,0.000000,0.789572,339,24405,0,0.000000,0.000000,0,0,0,0,0.000000,0.000000,0.000000,0.000000,,True
light_port_disruption_comparison,primary_port_partial_capacity,41,1083,llm_agent,DISRUPTED,132237.000000,26080.000000,1120.000000,0.000000,1312.000000,73215.000000,0.000000,30510.000000,0.000000,0.789572,339,24405,0,0.000000,0.000000,14,0,0,14,0.000000,0.000000,0.000000,2171.601375,,True
light_port_disruption_comparison,primary_port_partial_capacity,42,1084,heuristic,UNDISRUPTED,129184.000000,26080.000000,0.000000,0.000000,1308.000000,71556.000000,0.000000,30240.000000,0.000000,0.790000,336,23852,0,0.000000,0.000000,0,0,0,0,0.000000,0.000000,0.000000,0.000000,,True
light_port_disruption_comparison,primary_port_partial_capacity,42,1084,heuristic,DISRUPTED,129184.000000,26080.000000,0.000000,0.000000,1308.000000,71556.000000,0.000000,30240.000000,0.000000,0.790000,336,23852,0,0.000000,0.000000,0,0,0,14,0.000000,0.000000,0.000000,0.008134,,True
light_port_disruption_comparison,primary_port_partial_capacity,42,1084,llm_agent,UNDISRUPTED,129184.000000,26080.000000,0.000000,0.000000,1308.000000,71556.000000,0.000000,30240.000000,0.000000,0.790000,336,23852,0,0.000000,0.000000,0,0,0,0,0.000000,0.000000,0.000000,0.000000,,True
light_port_disruption_comparison,primary_port_partial_capacity,42,1084,llm_agent,DISRUPTED,130064.000000,26080.000000,880.000000,0.000000,1308.000000,71556.000000,0.000000,30240.000000,0.000000,0.790000,336,23852,0,0.000000,0.000000,11,0,0,14,0.000000,0.000000,0.000000,2701.479676,,True
light_port_disruption_comparison,primary_port_partial_capacity,43,1085,heuristic,UNDISRUPTED,147773.000000,26080.000000,0.000000,0.000000,1312.000000,84471.000000,0.000000,35910.000000,0.000000,0.753247,399,28157,0,0.000000,0.000000,0,0,0,0,0.000000,0.000000,0.000000,0.000000,,True
light_port_disruption_comparison,primary_port_partial_capacity,43,1085,heuristic,DISRUPTED,148253.000000,26080.000000,0.000000,0.000000,1312.000000,84951.000000,0.000000,35910.000000,0.000000,0.753247,399,28317,0,0.000000,0.000000,0,0,0,17,0.000000,0.000000,0.000000,0.007659,,True
light_port_disruption_comparison,primary_port_partial_capacity,43,1085,llm_agent,UNDISRUPTED,147773.000000,26080.000000,0.000000,0.000000,1312.000000,84471.000000,0.000000,35910.000000,0.000000,0.753247,399,28157,0,0.000000,0.000000,0,0,0,0,0.000000,0.000000,0.000000,0.000000,,True
light_port_disruption_comparison,primary_port_partial_capacity,43,1085,llm_agent,DISRUPTED,149053.000000,26080.000000,800.000000,0.000000,1312.000000,84951.000000,0.000000,35910.000000,0.000000,0.753247,399,28317,0,0.000000,0.000000,10,0,0,17,0.000000,0.000000,0.000000,2342.214213,,True
light_port_disruption_comparison,primary_port_partial_capacity,44,1086,heuristic,UNDISRUPTED,125976.000000,26080.000000,0.000000,0.000000,1316.000000,70140.000000,0.000000,28440.000000,0.000000,0.796260,316,23380,0,0.000000,0.000000,0,0,0,0,0.000000,0.000000,0.000000,0.000000,,True
light_port_disruption_comparison,primary_port_partial_capacity,44,1086,heuristic,DISRUPTED,125976.000000,26080.000000,0.000000,0.000000,1316.000000,70140.000000,0.000000,28440.000000,0.000000,0.796260,316,23380,0,0.000000,0.000000,0,0,0,14,0.000000,0.000000,0.000000,0.006830,,True
light_port_disruption_comparison,primary_port_partial_capacity,44,1086,llm_agent,UNDISRUPTED,125976.000000,26080.000000,0.000000,0.000000,1316.000000,70140.000000,0.000000,28440.000000,0.000000,0.796260,316,23380,0,0.000000,0.000000,0,0,0,0,0.000000,0.000000,0.000000,0.000000,,True
light_port_disruption_comparison,primary_port_partial_capacity,44,1086,llm_agent,DISRUPTED,127096.000000,26080.000000,1120.000000,0.000000,1316.000000,70140.000000,0.000000,28440.000000,0.000000,0.796260,316,23380,0,0.000000,0.000000,14,0,0,14,0.000000,0.000000,0.000000,2735.999819,,True
light_port_disruption_comparison,primary_port_partial_capacity,45,1087,heuristic,UNDISRUPTED,149845.000000,26080.000000,0.000000,0.000000,1308.000000,85467.000000,0.000000,36990.000000,0.000000,0.741672,411,28489,0,0.000000,0.000000,0,0,0,0,0.000000,0.000000,0.000000,0.000000,,True
light_port_disruption_comparison,primary_port_partial_capacity,45,1087,heuristic,DISRUPTED,149845.000000,26080.000000,0.000000,0.000000,1308.000000,85467.000000,0.000000,36990.000000,0.000000,0.741672,411,28489,0,0.000000,0.000000,0,0,0,14,0.000000,0.000000,0.000000,0.008860,,True
light_port_disruption_comparison,primary_port_partial_capacity,45,1087,llm_agent,UNDISRUPTED,149845.000000,26080.000000,0.000000,0.000000,1308.000000,85467.000000,0.000000,36990.000000,0.000000,0.741672,411,28489,0,0.000000,0.000000,0,0,0,0,0.000000,0.000000,0.000000,0.000000,,True
light_port_disruption_comparison,primary_port_partial_capacity,45,1087,llm_agent,DISRUPTED,150965.000000,26080.000000,1120.000000,0.000000,1308.000000,85467.000000,0.000000,36990.000000,0.000000,0.741672,411,28489,0,0.000000,0.000000,14,0,0,14,0.000000,0.000000,0.000000,2494.188702,,True
light_port_disruption_comparison,primary_port_partial_capacity,46,1088,heuristic,UNDISRUPTED,142976.000000,26080.000000,0.000000,0.000000,1312.000000,81834.000000,0.000000,33750.000000,0.000000,0.765038,375,27278,0,0.000000,0.000000,0,0,0,0,0.000000,0.000000,0.000000,0.000000,,True
light_port_disruption_comparison,primary_port_partial_capacity,46,1088,heuristic,DISRUPTED,142976.000000,26080.000000,0.000000,0.000000,1312.000000,81834.000000,0.000000,33750.000000,0.000000,0.765038,375,27278,0,0.000000,0.000000,0,0,0,14,0.000000,0.000000,0.000000,0.008693,,True
light_port_disruption_comparison,primary_port_partial_capacity,46,1088,llm_agent,UNDISRUPTED,142976.000000,26080.000000,0.000000,0.000000,1312.000000,81834.000000,0.000000,33750.000000,0.000000,0.765038,375,27278,0,0.000000,0.000000,0,0,0,0,0.000000,0.000000,0.000000,0.000000,,True
light_port_disruption_comparison,primary_port_partial_capacity,46,1088,llm_agent,DISRUPTED,144016.000000,26080.000000,1040.000000,0.000000,1312.000000,81834.000000,0.000000,33750.000000,0.000000,0.765038,375,27278,0,0.000000,0.000000,13,0,0,14,0.000000,0.000000,0.000000,2586.649932,,True
light_port_disruption_comparison,primary_port_partial_capacity,47,1089,heuristic,UNDISRUPTED,143751.000000,26200.000000,0.000000,0.000000,1316.000000,82035.000000,0.000000,34200.000000,0.000000,0.762500,380,27345,0,0.000000,0.000000,0,0,0,0,0.000000,0.000000,0.000000,0.000000,,True
light_port_disruption_comparison,primary_port_partial_capacity,47,1089,heuristic,DISRUPTED,144231.000000,26200.000000,0.000000,0.000000,1316.000000,82515.000000,0.000000,34200.000000,0.000000,0.762500,380,27505,0,0.000000,0.000000,0,0,0,17,0.000000,0.000000,0.000000,0.008250,,True
light_port_disruption_comparison,primary_port_partial_capacity,47,1089,llm_agent,UNDISRUPTED,143751.000000,26200.000000,0.000000,0.000000,1316.000000,82035.000000,0.000000,34200.000000,0.000000,0.762500,380,27345,0,0.000000,0.000000,0,0,0,0,0.000000,0.000000,0.000000,0.000000,,True
light_port_disruption_comparison,primary_port_partial_capacity,47,1089,llm_agent,DISRUPTED,145191.000000,26200.000000,960.000000,0.000000,1316.000000,82515.000000,0.000000,34200.000000,0.000000,0.762500,380,27505,0,0.000000,0.000000,12,0,0,17,0.000000,0.000000,0.000000,2724.635645,,True
light_port_disruption_comparison,primary_port_partial_capacity,48,1090,heuristic,UNDISRUPTED,146346.000000,26200.000000,0.000000,0.000000,1304.000000,82752.000000,0.000000,36090.000000,0.000000,0.753079,401,27584,0,0.000000,0.000000,0,0,0,0,0.000000,0.000000,0.000000,0.000000,,True
light_port_disruption_comparison,primary_port_partial_capacity,48,1090,heuristic,DISRUPTED,146346.000000,26200.000000,0.000000,0.000000,1304.000000,82752.000000,0.000000,36090.000000,0.000000,0.753079,401,27584,0,0.000000,0.000000,0,0,0,14,0.000000,0.000000,0.000000,0.008342,,True
light_port_disruption_comparison,primary_port_partial_capacity,48,1090,llm_agent,UNDISRUPTED,146346.000000,26200.000000,0.000000,0.000000,1304.000000,82752.000000,0.000000,36090.000000,0.000000,0.753079,401,27584,0,0.000000,0.000000,0,0,0,0,0.000000,0.000000,0.000000,0.000000,,True
light_port_disruption_comparison,primary_port_partial_capacity,48,1090,llm_agent,DISRUPTED,147066.000000,27200.000000,880.000000,400.000000,1304.000000,81192.000000,0.000000,36090.000000,0.000000,0.753079,401,27064,0,0.000000,0.000000,11,1,40,13,0.000000,0.000000,0.000000,2458.415535,,True
light_port_disruption_comparison,primary_port_partial_capacity,49,1091,heuristic,UNDISRUPTED,116785.000000,26080.000000,0.000000,0.000000,1308.000000,63297.000000,0.000000,26100.000000,0.000000,0.813744,290,21099,0,0.000000,0.000000,0,0,0,0,0.000000,0.000000,0.000000,0.000000,,True
light_port_disruption_comparison,primary_port_partial_capacity,49,1091,heuristic,DISRUPTED,116785.000000,26080.000000,0.000000,0.000000,1308.000000,63297.000000,0.000000,26100.000000,0.000000,0.813744,290,21099,0,0.000000,0.000000,0,0,0,14,0.000000,0.000000,0.000000,0.008417,,True
light_port_disruption_comparison,primary_port_partial_capacity,49,1091,llm_agent,UNDISRUPTED,116785.000000,26080.000000,0.000000,0.000000,1308.000000,63297.000000,0.000000,26100.000000,0.000000,0.813744,290,21099,0,0.000000,0.000000,0,0,0,0,0.000000,0.000000,0.000000,0.000000,,True
light_port_disruption_comparison,primary_port_partial_capacity,49,1091,llm_agent,DISRUPTED,117825.000000,26080.000000,1040.000000,0.000000,1308.000000,63297.000000,0.000000,26100.000000,0.000000,0.813744,290,21099,0,0.000000,0.000000,13,0,0,14,0.000000,0.000000,0.000000,2725.285414,,True
light_port_disruption_comparison,primary_port_partial_capacity,50,1092,heuristic,UNDISRUPTED,130891.000000,26080.000000,0.000000,0.000000,1308.000000,73623.000000,0.000000,29880.000000,0.000000,0.788938,332,24541,0,0.000000,0.000000,0,0,0,0,0.000000,0.000000,0.000000,0.000000,,True
light_port_disruption_comparison,primary_port_partial_capacity,50,1092,heuristic,DISRUPTED,131611.000000,26080.000000,0.000000,0.000000,1308.000000,74343.000000,0.000000,29880.000000,0.000000,0.788938,332,24781,0,0.000000,0.000000,0,0,0,19,0.000000,0.000000,0.000000,0.007667,,True
light_port_disruption_comparison,primary_port_partial_capacity,50,1092,llm_agent,UNDISRUPTED,130891.000000,26080.000000,0.000000,0.000000,1308.000000,73623.000000,0.000000,29880.000000,0.000000,0.788938,332,24541,0,0.000000,0.000000,0,0,0,0,0.000000,0.000000,0.000000,0.000000,,True
light_port_disruption_comparison,primary_port_partial_capacity,50,1092,llm_agent,DISRUPTED,131851.000000,27080.000000,880.000000,400.000000,1308.000000,72303.000000,0.000000,29880.000000,0.000000,0.788938,332,24101,0,0.000000,0.000000,11,1,40,14,0.000000,0.000000,0.000000,2094.030530,,True
light_port_disruption_comparison,primary_port_partial_capacity,51,1093,heuristic,UNDISRUPTED,127751.000000,26080.000000,0.000000,0.000000,1312.000000,70689.000000,60.000000,29610.000000,0.000000,0.792298,329,23563,40,0.018519,1.000000,0,0,0,0,0.000000,0.000000,0.000000,0.000000,,True
light_port_disruption_comparison,primary_port_partial_capacity,51,1093,heuristic,DISRUPTED,127871.000000,26080.000000,0.000000,0.000000,1312.000000,70809.000000,60.000000,29610.000000,0.000000,0.792298,329,23603,40,0.018519,1.000000,0,0,0,14,0.000000,0.000000,0.000000,0.008268,,True
light_port_disruption_comparison,primary_port_partial_capacity,51,1093,llm_agent,UNDISRUPTED,127751.000000,26080.000000,0.000000,0.000000,1312.000000,70689.000000,60.000000,29610.000000,0.000000,0.792298,329,23563,40,0.018519,1.000000,0,0,0,0,0.000000,0.000000,0.000000,0.000000,,True
light_port_disruption_comparison,primary_port_partial_capacity,51,1093,llm_agent,DISRUPTED,128831.000000,26080.000000,960.000000,0.000000,1312.000000,70809.000000,60.000000,29610.000000,0.000000,0.792298,329,23603,40,0.018519,1.000000,12,0,0,14,0.000000,0.000000,0.000000,2446.067747,,True
light_port_disruption_comparison,primary_port_partial_capacity,52,1094,heuristic,UNDISRUPTED,124207.000000,26080.000000,0.000000,0.000000,1308.000000,68769.000000,60.000000,27990.000000,0.000000,0.800896,311,22923,40,0.018519,1.000000,0,0,0,0,0.000000,0.000000,0.000000,0.000000,,True
light_port_disruption_comparison,primary_port_partial_capacity,52,1094,heuristic,DISRUPTED,124207.000000,26080.000000,0.000000,0.000000,1308.000000,68769.000000,60.000000,27990.000000,0.000000,0.800896,311,22923,40,0.018519,1.000000,0,0,0,14,0.000000,0.000000,0.000000,0.005161,,True
light_port_disruption_comparison,primary_port_partial_capacity,52,1094,llm_agent,UNDISRUPTED,124207.000000,26080.000000,0.000000,0.000000,1308.000000,68769.000000,60.000000,27990.000000,0.000000,0.800896,311,22923,40,0.018519,1.000000,0,0,0,0,0.000000,0.000000,0.000000,0.000000,,True
light_port_disruption_comparison,primary_port_partial_capacity,52,1094,llm_agent,DISRUPTED,125327.000000,26080.000000,1120.000000,0.000000,1308.000000,68769.000000,60.000000,27990.000000,0.000000,0.800896,311,22923,40,0.018519,1.000000,14,0,0,14,0.000000,0.000000,0.000000,2256.410673,,True
light_port_disruption_comparison,primary_port_partial_capacity,53,1095,heuristic,UNDISRUPTED,135359.000000,26080.000000,0.000000,0.000000,1312.000000,75657.000000,0.000000,32310.000000,0.000000,0.775765,359,25219,0,0.000000,0.000000,0,0,0,0,0.000000,0.000000,0.000000,0.000000,,True
light_port_disruption_comparison,primary_port_partial_capacity,53,1095,heuristic,DISRUPTED,135359.000000,26080.000000,0.000000,0.000000,1312.000000,75657.000000,0.000000,32310.000000,0.000000,0.775765,359,25219,0,0.000000,0.000000,0,0,0,14,0.000000,0.000000,0.000000,0.008366,,True
light_port_disruption_comparison,primary_port_partial_capacity,53,1095,llm_agent,UNDISRUPTED,135359.000000,26080.000000,0.000000,0.000000,1312.000000,75657.000000,0.000000,32310.000000,0.000000,0.775765,359,25219,0,0.000000,0.000000,0,0,0,0,0.000000,0.000000,0.000000,0.000000,,True
light_port_disruption_comparison,primary_port_partial_capacity,53,1095,llm_agent,DISRUPTED,136319.000000,26080.000000,960.000000,0.000000,1312.000000,75657.000000,0.000000,32310.000000,0.000000,0.775765,359,25219,0,0.000000,0.000000,12,0,0,14,0.000000,0.000000,0.000000,2632.019759,,True
light_port_disruption_comparison,primary_port_partial_capacity,54,1096,heuristic,UNDISRUPTED,146399.000000,26080.000000,0.000000,0.000000,1432.000000,81897.000000,0.000000,36990.000000,0.000000,0.738550,411,27299,0,0.000000,0.000000,0,0,0,0,0.000000,0.000000,0.000000,0.000000,,True
light_port_disruption_comparison,primary_port_partial_capacity,54,1096,heuristic,DISRUPTED,146399.000000,26080.000000,0.000000,0.000000,1432.000000,81897.000000,0.000000,36990.000000,0.000000,0.738550,411,27299,0,0.000000,0.000000,0,0,0,14,0.000000,0.000000,0.000000,0.008652,,True
light_port_disruption_comparison,primary_port_partial_capacity,54,1096,llm_agent,UNDISRUPTED,146399.000000,26080.000000,0.000000,0.000000,1432.000000,81897.000000,0.000000,36990.000000,0.000000,0.738550,411,27299,0,0.000000,0.000000,0,0,0,0,0.000000,0.000000,0.000000,0.000000,,True
light_port_disruption_comparison,primary_port_partial_capacity,54,1096,llm_agent,DISRUPTED,147439.000000,26080.000000,1040.000000,0.000000,1432.000000,81897.000000,0.000000,36990.000000,0.000000,0.738550,411,27299,0,0.000000,0.000000,13,0,0,14,0.000000,0.000000,0.000000,2499.550485,,True
light_port_disruption_comparison,primary_port_partial_capacity,55,1097,heuristic,UNDISRUPTED,134450.000000,26080.000000,0.000000,0.000000,1312.000000,75108.000000,0.000000,31950.000000,0.000000,0.779640,355,25036,0,0.000000,0.000000,0,0,0,0,0.000000,0.000000,0.000000,0.000000,,True
light_port_disruption_comparison,primary_port_partial_capacity,55,1097,heuristic,DISRUPTED,134450.000000,26080.000000,0.000000,0.000000,1312.000000,75108.000000,0.000000,31950.000000,0.000000,0.779640,355,25036,0,0.000000,0.000000,0,0,0,14,0.000000,0.000000,0.000000,0.008690,,True
light_port_disruption_comparison,primary_port_partial_capacity,55,1097,llm_agent,UNDISRUPTED,134450.000000,26080.000000,0.000000,0.000000,1312.000000,75108.000000,0.000000,31950.000000,0.000000,0.779640,355,25036,0,0.000000,0.000000,0,0,0,0,0.000000,0.000000,0.000000,0.000000,,True
light_port_disruption_comparison,primary_port_partial_capacity,55,1097,llm_agent,DISRUPTED,135250.000000,26080.000000,800.000000,0.000000,1312.000000,75108.000000,0.000000,31950.000000,0.000000,0.779640,355,25036,0,0.000000,0.000000,10,0,0,14,0.000000,0.000000,0.000000,2721.641149,,True
light_port_disruption_comparison,primary_port_partial_capacity,56,1098,heuristic,UNDISRUPTED,136949.000000,26200.000000,0.000000,0.000000,1312.000000,75897.000000,60.000000,33480.000000,0.000000,0.773171,372,25299,40,0.018519,1.000000,0,0,0,0,0.000000,0.000000,0.000000,0.000000,,True
light_port_disruption_comparison,primary_port_partial_capacity,56,1098,heuristic,DISRUPTED,136949.000000,26200.000000,0.000000,0.000000,1312.000000,75897.000000,60.000000,33480.000000,0.000000,0.773171,372,25299,40,0.018519,1.000000,0,0,0,14,0.000000,0.000000,0.000000,0.007673,,True
light_port_disruption_comparison,primary_port_partial_capacity,56,1098,llm_agent,UNDISRUPTED,136949.000000,26200.000000,0.000000,0.000000,1312.000000,75897.000000,60.000000,33480.000000,0.000000,0.773171,372,25299,40,0.018519,1.000000,0,0,0,0,0.000000,0.000000,0.000000,0.000000,,True
light_port_disruption_comparison,primary_port_partial_capacity,56,1098,llm_agent,DISRUPTED,137829.000000,26200.000000,880.000000,0.000000,1312.000000,75897.000000,60.000000,33480.000000,0.000000,0.773171,372,25299,40,0.018519,1.000000,11,0,0,14,0.000000,0.000000,0.000000,2565.874369,,True
light_port_disruption_comparison,primary_port_partial_capacity,57,1099,heuristic,UNDISRUPTED,129482.000000,26080.000000,0.000000,0.000000,1312.000000,71400.000000,0.000000,30690.000000,0.000000,0.786475,341,23800,0,0.000000,0.000000,0,0,0,0,0.000000,0.000000,0.000000,0.000000,,True
light_port_disruption_comparison,primary_port_partial_capacity,57,1099,heuristic,DISRUPTED,129482.000000,26080.000000,0.000000,0.000000,1312.000000,71400.000000,0.000000,30690.000000,0.000000,0.786475,341,23800,0,0.000000,0.000000,0,0,0,14,0.000000,0.000000,0.000000,0.008500,,True
light_port_disruption_comparison,primary_port_partial_capacity,57,1099,llm_agent,UNDISRUPTED,129482.000000,26080.000000,0.000000,0.000000,1312.000000,71400.000000,0.000000,30690.000000,0.000000,0.786475,341,23800,0,0.000000,0.000000,0,0,0,0,0.000000,0.000000,0.000000,0.000000,,True
light_port_disruption_comparison,primary_port_partial_capacity,57,1099,llm_agent,DISRUPTED,130442.000000,26080.000000,960.000000,0.000000,1312.000000,71400.000000,0.000000,30690.000000,0.000000,0.786475,341,23800,0,0.000000,0.000000,12,0,0,14,0.000000,0.000000,0.000000,2411.827964,,True
light_port_disruption_comparison,primary_port_partial_capacity,58,1100,heuristic,UNDISRUPTED,150362.000000,26080.000000,0.000000,0.000000,1420.000000,85872.000000,0.000000,36990.000000,0.000000,0.739048,411,28624,0,0.000000,0.000000,0,0,0,0,0.000000,0.000000,0.000000,0.000000,,True
light_port_disruption_comparison,primary_port_partial_capacity,58,1100,heuristic,DISRUPTED,150362.000000,26080.000000,0.000000,0.000000,1420.000000,85872.000000,0.000000,36990.000000,0.000000,0.739048,411,28624,0,0.000000,0.000000,0,0,0,14,0.000000,0.000000,0.000000,0.007738,,True
light_port_disruption_comparison,primary_port_partial_capacity,58,1100,llm_agent,UNDISRUPTED,150362.000000,26080.000000,0.000000,0.000000,1420.000000,85872.000000,0.000000,36990.000000,0.000000,0.739048,411,28624,0,0.000000,0.000000,0,0,0,0,0.000000,0.000000,0.000000,0.000000,,True
light_port_disruption_comparison,primary_port_partial_capacity,58,1100,llm_agent,DISRUPTED,151322.000000,26080.000000,960.000000,0.000000,1420.000000,85872.000000,0.000000,36990.000000,0.000000,0.739048,411,28624,0,0.000000,0.000000,12,0,0,14,0.000000,0.000000,0.000000,2507.683060,,True
light_port_disruption_comparison,primary_port_partial_capacity,59,1101,heuristic,UNDISRUPTED,131117.000000,26080.000000,0.000000,0.000000,1312.000000,71595.000000,0.000000,32130.000000,0.000000,0.781384,357,23865,0,0.000000,0.000000,0,0,0,0,0.000000,0.000000,0.000000,0.000000,,True
light_port_disruption_comparison,primary_port_partial_capacity,59,1101,heuristic,DISRUPTED,131117.000000,26080.000000,0.000000,0.000000,1312.000000,71595.000000,0.000000,32130.000000,0.000000,0.781384,357,23865,0,0.000000,0.000000,0,0,0,13,0.000000,0.000000,0.000000,0.008904,,True
light_port_disruption_comparison,primary_port_partial_capacity,59,1101,llm_agent,UNDISRUPTED,131117.000000,26080.000000,0.000000,0.000000,1312.000000,71595.000000,0.000000,32130.000000,0.000000,0.781384,357,23865,0,0.000000,0.000000,0,0,0,0,0.000000,0.000000,0.000000,0.000000,,True
light_port_disruption_comparison,primary_port_partial_capacity,59,1101,llm_agent,DISRUPTED,132077.000000,26080.000000,960.000000,0.000000,1312.000000,71595.000000,0.000000,32130.000000,0.000000,0.781384,357,23865,0,0.000000,0.000000,12,0,0,13,0.000000,0.000000,0.000000,2498.106465,,True
light_port_disruption_comparison,primary_port_partial_capacity,60,1102,heuristic,UNDISRUPTED,130245.000000,26080.000000,0.000000,0.000000,1316.000000,72159.000000,0.000000,30690.000000,0.000000,0.789506,341,24053,0,0.000000,0.000000,0,0,0,0,0.000000,0.000000,0.000000,0.000000,,True
light_port_disruption_comparison,primary_port_partial_capacity,60,1102,heuristic,DISRUPTED,130245.000000,26080.000000,0.000000,0.000000,1316.000000,72159.000000,0.000000,30690.000000,0.000000,0.789506,341,24053,0,0.000000,0.000000,0,0,0,14,0.000000,0.000000,0.000000,0.008161,,True
light_port_disruption_comparison,primary_port_partial_capacity,60,1102,llm_agent,UNDISRUPTED,130245.000000,26080.000000,0.000000,0.000000,1316.000000,72159.000000,0.000000,30690.000000,0.000000,0.789506,341,24053,0,0.000000,0.000000,0,0,0,0,0.000000,0.000000,0.000000,0.000000,,True
light_port_disruption_comparison,primary_port_partial_capacity,60,1102,llm_agent,DISRUPTED,131205.000000,26080.000000,960.000000,0.000000,1316.000000,72159.000000,0.000000,30690.000000,0.000000,0.789506,341,24053,0,0.000000,0.000000,12,0,0,14,0.000000,0.000000,0.000000,2666.865649,,True
light_port_disruption_comparison,primary_port_partial_capacity,61,1103,heuristic,UNDISRUPTED,133069.000000,26080.000000,0.000000,0.000000,1428.000000,72891.000000,0.000000,32670.000000,0.000000,0.769670,363,24297,0,0.000000,0.000000,0,0,0,0,0.000000,0.000000,0.000000,0.000000,,True
light_port_disruption_comparison,primary_port_partial_capacity,61,1103,heuristic,DISRUPTED,133309.000000,26080.000000,0.000000,0.000000,1428.000000,73131.000000,0.000000,32670.000000,0.000000,0.769670,363,24377,0,0.000000,0.000000,0,0,0,15,0.000000,0.000000,0.000000,0.008655,,True
light_port_disruption_comparison,primary_port_partial_capacity,61,1103,llm_agent,UNDISRUPTED,133069.000000,26080.000000,0.000000,0.000000,1428.000000,72891.000000,0.000000,32670.000000,0.000000,0.769670,363,24297,0,0.000000,0.000000,0,0,0,0,0.000000,0.000000,0.000000,0.000000,,True
light_port_disruption_comparison,primary_port_partial_capacity,61,1103,llm_agent,DISRUPTED,134269.000000,26080.000000,960.000000,0.000000,1428.000000,73131.000000,0.000000,32670.000000,0.000000,0.769670,363,24377,0,0.000000,0.000000,12,0,0,15,0.000000,0.000000,0.000000,2344.625808,,True
light_port_disruption_comparison,primary_port_partial_capacity,62,1104,heuristic,UNDISRUPTED,139766.000000,26080.000000,0.000000,0.000000,1312.000000,78984.000000,0.000000,33390.000000,0.000000,0.767106,371,26328,0,0.000000,0.000000,0,0,0,0,0.000000,0.000000,0.000000,0.000000,,True
light_port_disruption_comparison,primary_port_partial_capacity,62,1104,heuristic,DISRUPTED,139766.000000,26080.000000,0.000000,0.000000,1312.000000,78984.000000,0.000000,33390.000000,0.000000,0.767106,371,26328,0,0.000000,0.000000,0,0,0,14,0.000000,0.000000,0.000000,0.008577,,True
light_port_disruption_comparison,primary_port_partial_capacity,62,1104,llm_agent,UNDISRUPTED,139766.000000,26080.000000,0.000000,0.000000,1312.000000,78984.000000,0.000000,33390.000000,0.000000,0.767106,371,26328,0,0.000000,0.000000,0,0,0,0,0.000000,0.000000,0.000000,0.000000,,True
light_port_disruption_comparison,primary_port_partial_capacity,62,1104,llm_agent,DISRUPTED,140726.000000,26080.000000,960.000000,0.000000,1312.000000,78984.000000,0.000000,33390.000000,0.000000,0.767106,371,26328,0,0.000000,0.000000,12,0,0,14,0.000000,0.000000,0.000000,2371.653494,,True
light_port_disruption_comparison,primary_port_partial_capacity,63,1105,heuristic,UNDISRUPTED,147767.000000,26080.000000,0.000000,0.000000,1312.000000,83835.000000,0.000000,36540.000000,0.000000,0.750308,406,27945,0,0.000000,0.000000,0,0,0,0,0.000000,0.000000,0.000000,0.000000,,True
light_port_disruption_comparison,primary_port_partial_capacity,63,1105,heuristic,DISRUPTED,147767.000000,26080.000000,0.000000,0.000000,1312.000000,83835.000000,0.000000,36540.000000,0.000000,0.750308,406,27945,0,0.000000,0.000000,0,0,0,14,0.000000,0.000000,0.000000,0.008896,,True
light_port_disruption_comparison,primary_port_partial_capacity,63,1105,llm_agent,UNDISRUPTED,147767.000000,26080.000000,0.000000,0.000000,1312.000000,83835.000000,0.000000,36540.000000,0.000000,0.750308,406,27945,0,0.000000,0.000000,0,0,0,0,0.000000,0.000000,0.000000,0.000000,,True
light_port_disruption_comparison,primary_port_partial_capacity,63,1105,llm_agent,DISRUPTED,148887.000000,26080.000000,1120.000000,0.000000,1312.000000,83835.000000,0.000000,36540.000000,0.000000,0.750308,406,27945,0,0.000000,0.000000,14,0,0,14,0.000000,0.000000,0.000000,2653.592988,,True
light_port_disruption_comparison,primary_port_partial_capacity,64,1106,heuristic,UNDISRUPTED,141210.000000,26080.000000,0.000000,0.000000,1316.000000,78354.000000,0.000000,35460.000000,0.000000,0.760777,394,26118,0,0.000000,0.000000,0,0,0,0,0.000000,0.000000,0.000000,0.000000,,True
light_port_disruption_comparison,primary_port_partial_capacity,64,1106,heuristic,DISRUPTED,141330.000000,26080.000000,0.000000,0.000000,1316.000000,78474.000000,0.000000,35460.000000,0.000000,0.760777,394,26158,0,0.000000,0.000000,0,0,0,14,0.000000,0.000000,0.000000,0.008316,,True
light_port_disruption_comparison,primary_port_partial_capacity,64,1106,llm_agent,UNDISRUPTED,141210.000000,26080.000000,0.000000,0.000000,1316.000000,78354.000000,0.000000,35460.000000,0.000000,0.760777,394,26118,0,0.000000,0.000000,0,0,0,0,0.000000,0.000000,0.000000,0.000000,,True
light_port_disruption_comparison,primary_port_partial_capacity,64,1106,llm_agent,DISRUPTED,142210.000000,26080.000000,880.000000,0.000000,1316.000000,78474.000000,0.000000,35460.000000,0.000000,0.760777,394,26158,0,0.000000,0.000000,11,0,0,14,0.000000,0.000000,0.000000,4531.024777,,True
light_port_disruption_comparison,primary_port_partial_capacity,65,1107,heuristic,UNDISRUPTED,149586.000000,26080.000000,0.000000,0.000000,1424.000000,83652.000000,0.000000,38430.000000,0.000000,0.736745,427,27884,0,0.000000,0.000000,0,0,0,0,0.000000,0.000000,0.000000,0.000000,,True
light_port_disruption_comparison,primary_port_partial_capacity,65,1107,heuristic,DISRUPTED,149586.000000,26080.000000,0.000000,0.000000,1424.000000,83652.000000,0.000000,38430.000000,0.000000,0.736745,427,27884,0,0.000000,0.000000,0,0,0,14,0.000000,0.000000,0.000000,0.008693,,True
light_port_disruption_comparison,primary_port_partial_capacity,65,1107,llm_agent,UNDISRUPTED,149586.000000,26080.000000,0.000000,0.000000,1424.000000,83652.000000,0.000000,38430.000000,0.000000,0.736745,427,27884,0,0.000000,0.000000,0,0,0,0,0.000000,0.000000,0.000000,0.000000,,True
light_port_disruption_comparison,primary_port_partial_capacity,65,1107,llm_agent,DISRUPTED,150546.000000,26080.000000,960.000000,0.000000,1424.000000,83652.000000,0.000000,38430.000000,0.000000,0.736745,427,27884,0,0.000000,0.000000,12,0,0,14,0.000000,0.000000,0.000000,2335.671173,,True
light_port_disruption_comparison,primary_port_partial_capacity,66,1108,heuristic,UNDISRUPTED,120771.000000,26400.000000,0.000000,0.000000,1308.000000,65883.000000,0.000000,27180.000000,0.000000,0.808010,302,21961,0,0.000000,0.000000,0,0,0,0,0.000000,0.000000,0.000000,0.000000,,True
light_port_disruption_comparison,primary_port_partial_capacity,66,1108,heuristic,DISRUPTED,121851.000000,26400.000000,0.000000,0.000000,1308.000000,66843.000000,120.000000,27180.000000,0.000000,0.808010,302,22281,80,0.037037,1.000000,0,0,0,22,0.000000,0.000000,0.000000,0.007400,,True
light_port_disruption_comparison,primary_port_partial_capacity,66,1108,llm_agent,UNDISRUPTED,120771.000000,26400.000000,0.000000,0.000000,1308.000000,65883.000000,0.000000,27180.000000,0.000000,0.808010,302,21961,0,0.000000,0.000000,0,0,0,0,0.000000,0.000000,0.000000,0.000000,,True
light_port_disruption_comparison,primary_port_partial_capacity,66,1108,llm_agent,DISRUPTED,122971.000000,26400.000000,1120.000000,0.000000,1308.000000,66843.000000,120.000000,27180.000000,0.000000,0.808010,302,22281,80,0.037037,1.000000,14,0,0,22,0.000000,0.000000,0.000000,2363.540430,,True
light_port_disruption_comparison,primary_port_partial_capacity,67,1109,heuristic,UNDISRUPTED,158014.000000,26080.000000,0.000000,0.000000,1428.000000,89406.000000,60.000000,41040.000000,0.000000,0.719730,456,29802,40,0.018519,1.000000,0,0,0,1,0.000000,0.000000,0.000000,0.018375,,True
light_port_disruption_comparison,primary_port_partial_capacity,67,1109,heuristic,DISRUPTED,158014.000000,26080.000000,0.000000,0.000000,1428.000000,89406.000000,60.000000,41040.000000,0.000000,0.719730,456,29802,40,0.018519,1.000000,0,0,0,15,0.000000,0.000000,0.000000,0.008547,,True
light_port_disruption_comparison,primary_port_partial_capacity,67,1109,llm_agent,UNDISRUPTED,158094.000000,26080.000000,80.000000,0.000000,1428.000000,89406.000000,60.000000,41040.000000,0.000000,0.719730,456,29802,40,0.018519,1.000000,1,0,0,1,0.000000,0.000000,0.000000,1889.983292,,True
light_port_disruption_comparison,primary_port_partial_capacity,67,1109,llm_agent,DISRUPTED,158974.000000,26080.000000,960.000000,0.000000,1428.000000,89406.000000,60.000000,41040.000000,0.000000,0.719730,456,29802,40,0.018519,1.000000,12,0,0,15,0.000000,0.000000,0.000000,2517.480772,,True
light_port_disruption_comparison,primary_port_partial_capacity,68,1110,heuristic,UNDISRUPTED,145769.000000,26080.000000,0.000000,0.000000,1312.000000,82287.000000,0.000000,36090.000000,0.000000,0.750156,401,27429,0,0.000000,0.000000,0,0,0,0,0.000000,0.000000,0.000000,0.000000,,True
light_port_disruption_comparison,primary_port_partial_capacity,68,1110,heuristic,DISRUPTED,145769.000000,26080.000000,0.000000,0.000000,1312.000000,82287.000000,0.000000,36090.000000,0.000000,0.750156,401,27429,0,0.000000,0.000000,0,0,0,14,0.000000,0.000000,0.000000,0.008420,,True
light_port_disruption_comparison,primary_port_partial_capacity,68,1110,llm_agent,UNDISRUPTED,145769.000000,26080.000000,0.000000,0.000000,1312.000000,82287.000000,0.000000,36090.000000,0.000000,0.750156,401,27429,0,0.000000,0.000000,0,0,0,0,0.000000,0.000000,0.000000,0.000000,,True
light_port_disruption_comparison,primary_port_partial_capacity,68,1110,llm_agent,DISRUPTED,146729.000000,26080.000000,960.000000,0.000000,1312.000000,82287.000000,0.000000,36090.000000,0.000000,0.750156,401,27429,0,0.000000,0.000000,12,0,0,14,0.000000,0.000000,0.000000,2335.994134,,True
light_port_disruption_comparison,primary_port_partial_capacity,69,1111,heuristic,UNDISRUPTED,129007.000000,26080.000000,0.000000,0.000000,1308.000000,71649.000000,0.000000,29970.000000,0.000000,0.789773,333,23883,0,0.000000,0.000000,0,0,0,0,0.000000,0.000000,0.000000,0.000000,,True
light_port_disruption_comparison,primary_port_partial_capacity,69,1111,heuristic,DISRUPTED,129007.000000,26080.000000,0.000000,0.000000,1308.000000,71649.000000,0.000000,29970.000000,0.000000,0.789773,333,23883,0,0.000000,0.000000,0,0,0,14,0.000000,0.000000,0.000000,0.008777,,True
light_port_disruption_comparison,primary_port_partial_capacity,69,1111,llm_agent,UNDISRUPTED,129007.000000,26080.000000,0.000000,0.000000,1308.000000,71649.000000,0.000000,29970.000000,0.000000,0.789773,333,23883,0,0.000000,0.000000,0,0,0,0,0.000000,0.000000,0.000000,0.000000,,True
light_port_disruption_comparison,primary_port_partial_capacity,69,1111,llm_agent,DISRUPTED,129967.000000,26080.000000,960.000000,0.000000,1308.000000,71649.000000,0.000000,29970.000000,0.000000,0.789773,333,23883,0,0.000000,0.000000,12,0,0,14,0.000000,0.000000,0.000000,2350.528762,,True
light_port_disruption_comparison,primary_port_partial_capacity,70,1112,heuristic,UNDISRUPTED,115714.000000,26080.000000,0.000000,0.000000,1308.000000,62226.000000,0.000000,26100.000000,0.000000,0.815051,290,20742,0,0.000000,0.000000,0,0,0,0,0.000000,0.000000,0.000000,0.000000,,True
light_port_disruption_comparison,primary_port_partial_capacity,70,1112,heuristic,DISRUPTED,115714.000000,26080.000000,0.000000,0.000000,1308.000000,62226.000000,0.000000,26100.000000,0.000000,0.815051,290,20742,0,0.000000,0.000000,0,0,0,14,0.000000,0.000000,0.000000,0.008039,,True
light_port_disruption_comparison,primary_port_partial_capacity,70,1112,llm_agent,UNDISRUPTED,115714.000000,26080.000000,0.000000,0.000000,1308.000000,62226.000000,0.000000,26100.000000,0.000000,0.815051,290,20742,0,0.000000,0.000000,0,0,0,0,0.000000,0.000000,0.000000,0.000000,,True
light_port_disruption_comparison,primary_port_partial_capacity,70,1112,llm_agent,DISRUPTED,116754.000000,26080.000000,1040.000000,0.000000,1308.000000,62226.000000,0.000000,26100.000000,0.000000,0.815051,290,20742,0,0.000000,0.000000,13,0,0,14,0.000000,0.000000,0.000000,2101.939845,,True
light_port_disruption_comparison,primary_port_partial_capacity,71,1113,heuristic,UNDISRUPTED,127933.000000,26080.000000,0.000000,0.000000,1308.000000,71115.000000,0.000000,29430.000000,0.000000,0.793691,327,23705,0,0.000000,0.000000,0,0,0,0,0.000000,0.000000,0.000000,0.000000,,True
light_port_disruption_comparison,primary_port_partial_capacity,71,1113,heuristic,DISRUPTED,127933.000000,26080.000000,0.000000,0.000000,1308.000000,71115.000000,0.000000,29430.000000,0.000000,0.793691,327,23705,0,0.000000,0.000000,0,0,0,14,0.000000,0.000000,0.000000,0.008375,,True
light_port_disruption_comparison,primary_port_partial_capacity,71,1113,llm_agent,UNDISRUPTED,127933.000000,26080.000000,0.000000,0.000000,1308.000000,71115.000000,0.000000,29430.000000,0.000000,0.793691,327,23705,0,0.000000,0.000000,0,0,0,0,0.000000,0.000000,0.000000,0.000000,,True
light_port_disruption_comparison,primary_port_partial_capacity,71,1113,llm_agent,DISRUPTED,128893.000000,26080.000000,960.000000,0.000000,1308.000000,71115.000000,0.000000,29430.000000,0.000000,0.793691,327,23705,0,0.000000,0.000000,12,0,0,14,0.000000,0.000000,0.000000,2189.609307,,True
light_port_disruption_comparison,primary_port_partial_capacity,72,1114,heuristic,UNDISRUPTED,138315.000000,26080.000000,0.000000,0.000000,1436.000000,76059.000000,0.000000,34740.000000,0.000000,0.760099,386,25353,0,0.000000,0.000000,0,0,0,0,0.000000,0.000000,0.000000,0.000000,,True
light_port_disruption_comparison,primary_port_partial_capacity,72,1114,heuristic,DISRUPTED,138315.000000,26080.000000,0.000000,0.000000,1436.000000,76059.000000,0.000000,34740.000000,0.000000,0.760099,386,25353,0,0.000000,0.000000,0,0,0,14,0.000000,0.000000,0.000000,0.008170,,True
light_port_disruption_comparison,primary_port_partial_capacity,72,1114,llm_agent,UNDISRUPTED,138315.000000,26080.000000,0.000000,0.000000,1436.000000,76059.000000,0.000000,34740.000000,0.000000,0.760099,386,25353,0,0.000000,0.000000,0,0,0,0,0.000000,0.000000,0.000000,0.000000,,True
light_port_disruption_comparison,primary_port_partial_capacity,72,1114,llm_agent,DISRUPTED,139275.000000,26080.000000,960.000000,0.000000,1436.000000,76059.000000,0.000000,34740.000000,0.000000,0.760099,386,25353,0,0.000000,0.000000,12,0,0,14,0.000000,0.000000,0.000000,2181.953610,,True
light_port_disruption_comparison,primary_port_partial_capacity,73,1115,heuristic,UNDISRUPTED,131413.000000,26080.000000,0.000000,0.000000,1308.000000,73065.000000,0.000000,30960.000000,0.000000,0.783648,344,24355,0,0.000000,0.000000,0,0,0,0,0.000000,0.000000,0.000000,0.000000,,True
light_port_disruption_comparison,primary_port_partial_capacity,73,1115,heuristic,DISRUPTED,132073.000000,26080.000000,0.000000,0.000000,1308.000000,73665.000000,60.000000,30960.000000,0.000000,0.783648,344,24555,40,0.018519,1.000000,0,0,0,19,0.000000,0.000000,0.000000,0.007612,,True
light_port_disruption_comparison,primary_port_partial_capacity,73,1115,llm_agent,UNDISRUPTED,131413.000000,26080.000000,0.000000,0.000000,1308.000000,73065.000000,0.000000,30960.000000,0.000000,0.783648,344,24355,0,0.000000,0.000000,0,0,0,0,0.000000,0.000000,0.000000,0.000000,,True
light_port_disruption_comparison,primary_port_partial_capacity,73,1115,llm_agent,DISRUPTED,133113.000000,26080.000000,1040.000000,0.000000,1308.000000,73665.000000,60.000000,30960.000000,0.000000,0.783648,344,24555,40,0.018519,1.000000,13,0,0,19,0.000000,0.000000,0.000000,2297.421868,,True
light_port_disruption_comparison,primary_port_partial_capacity,74,1116,heuristic,UNDISRUPTED,126787.000000,26080.000000,0.000000,0.000000,1308.000000,70869.000000,0.000000,28530.000000,0.000000,0.794022,317,23623,0,0.000000,0.000000,0,0,0,0,0.000000,0.000000,0.000000,0.000000,,True
light_port_disruption_comparison,primary_port_partial_capacity,74,1116,heuristic,DISRUPTED,126787.000000,26080.000000,0.000000,0.000000,1308.000000,70869.000000,0.000000,28530.000000,0.000000,0.794022,317,23623,0,0.000000,0.000000,0,0,0,14,0.000000,0.000000,0.000000,0.008292,,True
light_port_disruption_comparison,primary_port_partial_capacity,74,1116,llm_agent,UNDISRUPTED,126787.000000,26080.000000,0.000000,0.000000,1308.000000,70869.000000,0.000000,28530.000000,0.000000,0.794022,317,23623,0,0.000000,0.000000,0,0,0,0,0.000000,0.000000,0.000000,0.000000,,True
light_port_disruption_comparison,primary_port_partial_capacity,74,1116,llm_agent,DISRUPTED,127747.000000,26080.000000,960.000000,0.000000,1308.000000,70869.000000,0.000000,28530.000000,0.000000,0.794022,317,23623,0,0.000000,0.000000,12,0,0,14,0.000000,0.000000,0.000000,2328.312042,,True
light_port_disruption_comparison,primary_port_partial_capacity,75,1117,heuristic,UNDISRUPTED,142461.000000,26080.000000,0.000000,0.000000,1424.000000,79227.000000,180.000000,35550.000000,0.000000,0.748887,395,26409,120,0.055556,1.000000,0,0,0,2,0.000000,0.000000,0.000000,0.012896,,True
light_port_disruption_comparison,primary_port_partial_capacity,75,1117,heuristic,DISRUPTED,142821.000000,26080.000000,0.000000,0.000000,1424.000000,79587.000000,180.000000,35550.000000,0.000000,0.748887,395,26529,120,0.055556,1.000000,0,0,0,18,0.000000,0.000000,0.000000,0.007329,,True
light_port_disruption_comparison,primary_port_partial_capacity,75,1117,llm_agent,UNDISRUPTED,142461.000000,26080.000000,0.000000,0.000000,1424.000000,79227.000000,180.000000,35550.000000,0.000000,0.748887,395,26409,120,0.055556,1.000000,0,0,0,2,0.000000,0.000000,0.000000,2058.886271,,True
light_port_disruption_comparison,primary_port_partial_capacity,75,1117,llm_agent,DISRUPTED,144101.000000,26080.000000,1280.000000,0.000000,1424.000000,79587.000000,180.000000,35550.000000,0.000000,0.748887,395,26529,120,0.055556,1.000000,16,0,0,18,0.000000,0.000000,0.000000,2098.803505,,True
light_port_disruption_comparison,primary_port_partial_capacity,76,1118,heuristic,UNDISRUPTED,156203.000000,26080.000000,0.000000,0.000000,1312.000000,89211.000000,0.000000,39600.000000,0.000000,0.734139,440,29737,0,0.000000,0.000000,0,0,0,0,0.000000,0.000000,0.000000,0.000000,,True
light_port_disruption_comparison,primary_port_partial_capacity,76,1118,heuristic,DISRUPTED,156203.000000,26080.000000,0.000000,0.000000,1312.000000,89211.000000,0.000000,39600.000000,0.000000,0.734139,440,29737,0,0.000000,0.000000,0,0,0,14,0.000000,0.000000,0.000000,0.008259,,True
light_port_disruption_comparison,primary_port_partial_capacity,76,1118,llm_agent,UNDISRUPTED,156203.000000,26080.000000,0.000000,0.000000,1312.000000,89211.000000,0.000000,39600.000000,0.000000,0.734139,440,29737,0,0.000000,0.000000,0,0,0,0,0.000000,0.000000,0.000000,0.000000,,True
light_port_disruption_comparison,primary_port_partial_capacity,76,1118,llm_agent,DISRUPTED,157323.000000,26080.000000,1120.000000,0.000000,1312.000000,89211.000000,0.000000,39600.000000,0.000000,0.734139,440,29737,0,0.000000,0.000000,14,0,0,14,0.000000,0.000000,0.000000,2822.186902,,True
light_port_disruption_comparison,primary_port_partial_capacity,77,1119,heuristic,UNDISRUPTED,134162.000000,26080.000000,0.000000,0.000000,1312.000000,74670.000000,60.000000,32040.000000,0.000000,0.779156,356,24890,40,0.018519,1.000000,0,0,0,1,0.000000,0.000000,0.000000,0.019583,,True
light_port_disruption_comparison,primary_port_partial_capacity,77,1119,heuristic,DISRUPTED,134162.000000,26080.000000,0.000000,0.000000,1312.000000,74670.000000,60.000000,32040.000000,0.000000,0.779156,356,24890,40,0.018519,1.000000,0,0,0,15,0.000000,0.000000,0.000000,0.007656,,True
light_port_disruption_comparison,primary_port_partial_capacity,77,1119,llm_agent,UNDISRUPTED,134242.000000,26080.000000,80.000000,0.000000,1312.000000,74670.000000,60.000000,32040.000000,0.000000,0.779156,356,24890,40,0.018519,1.000000,1,0,0,1,0.000000,0.000000,0.000000,2160.860791,,True
light_port_disruption_comparison,primary_port_partial_capacity,77,1119,llm_agent,DISRUPTED,135282.000000,26080.000000,1120.000000,0.000000,1312.000000,74670.000000,60.000000,32040.000000,0.000000,0.779156,356,24890,40,0.018519,1.000000,14,0,0,15,0.000000,0.000000,0.000000,2879.567506,,True
light_port_disruption_comparison,primary_port_partial_capacity,78,1120,heuristic,UNDISRUPTED,134922.000000,26080.000000,0.000000,0.000000,1316.000000,75396.000000,0.000000,32130.000000,0.000000,0.777293,357,25132,0,0.000000,0.000000,0,0,0,0,0.000000,0.000000,0.000000,0.000000,,True
light_port_disruption_comparison,primary_port_partial_capacity,78,1120,heuristic,DISRUPTED,135522.000000,26080.000000,0.000000,0.000000,1316.000000,75996.000000,0.000000,32130.000000,0.000000,0.777293,357,25332,0,0.000000,0.000000,0,0,0,18,0.000000,0.000000,0.000000,0.008373,,True
light_port_disruption_comparison,primary_port_partial_capacity,78,1120,llm_agent,UNDISRUPTED,134922.000000,26080.000000,0.000000,0.000000,1316.000000,75396.000000,0.000000,32130.000000,0.000000,0.777293,357,25132,0,0.000000,0.000000,0,0,0,0,0.000000,0.000000,0.000000,0.000000,,True
light_port_disruption_comparison,primary_port_partial_capacity,78,1120,llm_agent,DISRUPTED,136482.000000,26080.000000,960.000000,0.000000,1316.000000,75996.000000,0.000000,32130.000000,0.000000,0.777293,357,25332,0,0.000000,0.000000,12,0,0,18,0.000000,0.000000,0.000000,2128.228035,,True
light_port_disruption_comparison,primary_port_partial_capacity,79,1121,heuristic,UNDISRUPTED,126335.000000,26080.000000,0.000000,0.000000,1300.000000,69885.000000,0.000000,29070.000000,0.000000,0.794136,323,23295,0,0.000000,0.000000,0,0,0,0,0.000000,0.000000,0.000000,0.000000,,True
light_port_disruption_comparison,primary_port_partial_capacity,79,1121,heuristic,DISRUPTED,126335.000000,26080.000000,0.000000,0.000000,1300.000000,69885.000000,0.000000,29070.000000,0.000000,0.794136,323,23295,0,0.000000,0.000000,0,0,0,14,0.000000,0.000000,0.000000,0.007634,,True
light_port_disruption_comparison,primary_port_partial_capacity,79,1121,llm_agent,UNDISRUPTED,126335.000000,26080.000000,0.000000,0.000000,1300.000000,69885.000000,0.000000,29070.000000,0.000000,0.794136,323,23295,0,0.000000,0.000000,0,0,0,0,0.000000,0.000000,0.000000,0.000000,,True
light_port_disruption_comparison,primary_port_partial_capacity,79,1121,llm_agent,DISRUPTED,127055.000000,26080.000000,720.000000,0.000000,1300.000000,69885.000000,0.000000,29070.000000,0.000000,0.794136,323,23295,0,0.000000,0.000000,9,0,0,14,0.000000,0.000000,0.000000,2373.224940,,True
light_port_disruption_comparison,primary_port_partial_capacity,80,1122,heuristic,UNDISRUPTED,158923.000000,26080.000000,0.000000,0.000000,1308.000000,91215.000000,0.000000,40320.000000,0.000000,0.732537,448,30405,0,0.000000,0.000000,0,0,0,0,0.000000,0.000000,0.000000,0.000000,,True
light_port_disruption_comparison,primary_port_partial_capacity,80,1122,heuristic,DISRUPTED,158923.000000,26080.000000,0.000000,0.000000,1308.000000,91215.000000,0.000000,40320.000000,0.000000,0.732537,448,30405,0,0.000000,0.000000,0,0,0,13,0.000000,0.000000,0.000000,0.008962,,True
light_port_disruption_comparison,primary_port_partial_capacity,80,1122,llm_agent,UNDISRUPTED,158923.000000,26080.000000,0.000000,0.000000,1308.000000,91215.000000,0.000000,40320.000000,0.000000,0.732537,448,30405,0,0.000000,0.000000,0,0,0,0,0.000000,0.000000,0.000000,0.000000,,True
light_port_disruption_comparison,primary_port_partial_capacity,80,1122,llm_agent,DISRUPTED,159763.000000,27080.000000,880.000000,400.000000,1308.000000,89775.000000,0.000000,40320.000000,0.000000,0.732537,448,29925,0,0.000000,0.000000,11,1,40,13,0.000000,0.000000,0.000000,4067.048584,,True
light_port_disruption_comparison,primary_port_partial_capacity,81,1123,heuristic,UNDISRUPTED,126739.000000,26080.000000,0.000000,0.000000,1308.000000,69921.000000,0.000000,29430.000000,0.000000,0.792513,327,23307,0,0.000000,0.000000,0,0,0,0,0.000000,0.000000,0.000000,0.000000,,True
light_port_disruption_comparison,primary_port_partial_capacity,81,1123,heuristic,DISRUPTED,126739.000000,26080.000000,0.000000,0.000000,1308.000000,69921.000000,0.000000,29430.000000,0.000000,0.792513,327,23307,0,0.000000,0.000000,0,0,0,14,0.000000,0.000000,0.000000,0.008238,,True
light_port_disruption_comparison,primary_port_partial_capacity,81,1123,llm_agent,UNDISRUPTED,126739.000000,26080.000000,0.000000,0.000000,1308.000000,69921.000000,0.000000,29430.000000,0.000000,0.792513,327,23307,0,0.000000,0.000000,0,0,0,0,0.000000,0.000000,0.000000,0.000000,,True
light_port_disruption_comparison,primary_port_partial_capacity,81,1123,llm_agent,DISRUPTED,127779.000000,26080.000000,1040.000000,0.000000,1308.000000,69921.000000,0.000000,29430.000000,0.000000,0.792513,327,23307,0,0.000000,0.000000,13,0,0,14,0.000000,0.000000,0.000000,2160.194550,,True
light_port_disruption_comparison,primary_port_partial_capacity,82,1124,heuristic,UNDISRUPTED,137772.000000,26080.000000,0.000000,0.000000,1316.000000,78066.000000,0.000000,32310.000000,0.000000,0.774497,359,26022,0,0.000000,0.000000,0,0,0,0,0.000000,0.000000,0.000000,0.000000,,True
light_port_disruption_comparison,primary_port_partial_capacity,82,1124,heuristic,DISRUPTED,138372.000000,26080.000000,0.000000,0.000000,1316.000000,78666.000000,0.000000,32310.000000,0.000000,0.774497,359,26222,0,0.000000,0.000000,0,0,0,18,0.000000,0.000000,0.000000,0.008153,,True
light_port_disruption_comparison,primary_port_partial_capacity,82,1124,llm_agent,UNDISRUPTED,137772.000000,26080.000000,0.000000,0.000000,1316.000000,78066.000000,0.000000,32310.000000,0.000000,0.774497,359,26022,0,0.000000,0.000000,0,0,0,0,0.000000,0.000000,0.000000,0.000000,,True
light_port_disruption_comparison,primary_port_partial_capacity,82,1124,llm_agent,DISRUPTED,139412.000000,26080.000000,1040.000000,0.000000,1316.000000,78666.000000,0.000000,32310.000000,0.000000,0.774497,359,26222,0,0.000000,0.000000,13,0,0,18,0.000000,0.000000,0.000000,2027.287692,,True
light_port_disruption_comparison,primary_port_partial_capacity,83,1125,heuristic,UNDISRUPTED,146822.000000,26080.000000,0.000000,0.000000,1312.000000,83250.000000,0.000000,36180.000000,0.000000,0.753223,402,27750,0,0.000000,0.000000,0,0,0,0,0.000000,0.000000,0.000000,0.000000,,True
light_port_disruption_comparison,primary_port_partial_capacity,83,1125,heuristic,DISRUPTED,147302.000000,26080.000000,0.000000,0.000000,1312.000000,83730.000000,0.000000,36180.000000,0.000000,0.753223,402,27910,0,0.000000,0.000000,0,0,0,17,0.000000,0.000000,0.000000,0.007909,,True
light_port_disruption_comparison,primary_port_partial_capacity,83,1125,llm_agent,UNDISRUPTED,146822.000000,26080.000000,0.000000,0.000000,1312.000000,83250.000000,0.000000,36180.000000,0.000000,0.753223,402,27750,0,0.000000,0.000000,0,0,0,0,0.000000,0.000000,0.000000,0.000000,,True
light_port_disruption_comparison,primary_port_partial_capacity,83,1125,llm_agent,DISRUPTED,148342.000000,26080.000000,1040.000000,0.000000,1312.000000,83730.000000,0.000000,36180.000000,0.000000,0.753223,402,27910,0,0.000000,0.000000,13,0,0,17,0.000000,0.000000,0.000000,2001.518243,,True
light_port_disruption_comparison,primary_port_partial_capacity,84,1126,heuristic,UNDISRUPTED,143358.000000,26200.000000,0.000000,0.000000,1304.000000,81324.000000,60.000000,34470.000000,0.000000,0.762848,383,27108,40,0.018519,1.000000,0,0,0,0,0.000000,0.000000,0.000000,0.000000,,True
light_port_disruption_comparison,primary_port_partial_capacity,84,1126,heuristic,DISRUPTED,143358.000000,26200.000000,0.000000,0.000000,1304.000000,81324.000000,60.000000,34470.000000,0.000000,0.762848,383,27108,40,0.018519,1.000000,0,0,0,14,0.000000,0.000000,0.000000,0.007979,,True
light_port_disruption_comparison,primary_port_partial_capacity,84,1126,llm_agent,UNDISRUPTED,143358.000000,26200.000000,0.000000,0.000000,1304.000000,81324.000000,60.000000,34470.000000,0.000000,0.762848,383,27108,40,0.018519,1.000000,0,0,0,0,0.000000,0.000000,0.000000,0.000000,,True
light_port_disruption_comparison,primary_port_partial_capacity,84,1126,llm_agent,DISRUPTED,144398.000000,26200.000000,1040.000000,0.000000,1304.000000,81324.000000,60.000000,34470.000000,0.000000,0.762848,383,27108,40,0.018519,1.000000,13,0,0,14,0.000000,0.000000,0.000000,2212.009679,,True
light_port_disruption_comparison,primary_port_partial_capacity,85,1127,heuristic,UNDISRUPTED,136877.000000,26080.000000,0.000000,0.000000,1312.000000,76725.000000,0.000000,32760.000000,0.000000,0.771500,364,25575,0,0.000000,0.000000,0,0,0,0,0.000000,0.000000,0.000000,0.000000,,True
light_port_disruption_comparison,primary_port_partial_capacity,85,1127,heuristic,DISRUPTED,136877.000000,26080.000000,0.000000,0.000000,1312.000000,76725.000000,0.000000,32760.000000,0.000000,0.771500,364,25575,0,0.000000,0.000000,0,0,0,14,0.000000,0.000000,0.000000,0.008000,,True
light_port_disruption_comparison,primary_port_partial_capacity,85,1127,llm_agent,UNDISRUPTED,136877.000000,26080.000000,0.000000,0.000000,1312.000000,76725.000000,0.000000,32760.000000,0.000000,0.771500,364,25575,0,0.000000,0.000000,0,0,0,0,0.000000,0.000000,0.000000,0.000000,,True
light_port_disruption_comparison,primary_port_partial_capacity,85,1127,llm_agent,DISRUPTED,137917.000000,26080.000000,1040.000000,0.000000,1312.000000,76725.000000,0.000000,32760.000000,0.000000,0.771500,364,25575,0,0.000000,0.000000,13,0,0,14,0.000000,0.000000,0.000000,2151.965268,,True
light_port_disruption_comparison,primary_port_partial_capacity,86,1128,heuristic,UNDISRUPTED,131530.000000,26080.000000,0.000000,0.000000,1308.000000,73362.000000,0.000000,30780.000000,0.000000,0.785311,342,24454,0,0.000000,0.000000,0,0,0,0,0.000000,0.000000,0.000000,0.000000,,True
light_port_disruption_comparison,primary_port_partial_capacity,86,1128,heuristic,DISRUPTED,131830.000000,26080.000000,0.000000,0.000000,1308.000000,73602.000000,60.000000,30780.000000,0.000000,0.785311,342,24534,40,0.018519,1.000000,0,0,0,15,0.000000,0.000000,0.000000,0.008569,,True
light_port_disruption_comparison,primary_port_partial_capacity,86,1128,llm_agent,UNDISRUPTED,131530.000000,26080.000000,0.000000,0.000000,1308.000000,73362.000000,0.000000,30780.000000,0.000000,0.785311,342,24454,0,0.000000,0.000000,0,0,0,0,0.000000,0.000000,0.000000,0.000000,,True
light_port_disruption_comparison,primary_port_partial_capacity,86,1128,llm_agent,DISRUPTED,132790.000000,26080.000000,960.000000,0.000000,1308.000000,73602.000000,60.000000,30780.000000,0.000000,0.785311,342,24534,40,0.018519,1.000000,12,0,0,15,0.000000,0.000000,0.000000,2658.482867,,True
light_port_disruption_comparison,primary_port_partial_capacity,87,1129,heuristic,UNDISRUPTED,130111.000000,26080.000000,0.000000,0.000000,1308.000000,72393.000000,0.000000,30330.000000,0.000000,0.790423,337,24131,0,0.000000,0.000000,0,0,0,0,0.000000,0.000000,0.000000,0.000000,,True
light_port_disruption_comparison,primary_port_partial_capacity,87,1129,heuristic,DISRUPTED,130111.000000,26080.000000,0.000000,0.000000,1308.000000,72393.000000,0.000000,30330.000000,0.000000,0.790423,337,24131,0,0.000000,0.000000,0,0,0,14,0.000000,0.000000,0.000000,0.008548,,True
light_port_disruption_comparison,primary_port_partial_capacity,87,1129,llm_agent,UNDISRUPTED,130111.000000,26080.000000,0.000000,0.000000,1308.000000,72393.000000,0.000000,30330.000000,0.000000,0.790423,337,24131,0,0.000000,0.000000,0,0,0,0,0.000000,0.000000,0.000000,0.000000,,True
light_port_disruption_comparison,primary_port_partial_capacity,87,1129,llm_agent,DISRUPTED,131151.000000,26080.000000,1040.000000,0.000000,1308.000000,72393.000000,0.000000,30330.000000,0.000000,0.790423,337,24131,0,0.000000,0.000000,13,0,0,14,0.000000,0.000000,0.000000,2040.510152,,True
light_port_disruption_comparison,primary_port_partial_capacity,88,1130,heuristic,UNDISRUPTED,140049.000000,26080.000000,0.000000,0.000000,1304.000000,79095.000000,0.000000,33570.000000,0.000000,0.770037,373,26365,0,0.000000,0.000000,0,0,0,0,0.000000,0.000000,0.000000,0.000000,,True
light_port_disruption_comparison,primary_port_partial_capacity,88,1130,heuristic,DISRUPTED,140049.000000,26080.000000,0.000000,0.000000,1304.000000,79095.000000,0.000000,33570.000000,0.000000,0.770037,373,26365,0,0.000000,0.000000,0,0,0,14,0.000000,0.000000,0.000000,0.008607,,True
light_port_disruption_comparison,primary_port_partial_capacity,88,1130,llm_agent,UNDISRUPTED,140049.000000,26080.000000,0.000000,0.000000,1304.000000,79095.000000,0.000000,33570.000000,0.000000,0.770037,373,26365,0,0.000000,0.000000,0,0,0,0,0.000000,0.000000,0.000000,0.000000,,True
light_port_disruption_comparison,primary_port_partial_capacity,88,1130,llm_agent,DISRUPTED,141169.000000,26080.000000,1120.000000,0.000000,1304.000000,79095.000000,0.000000,33570.000000,0.000000,0.770037,373,26365,0,0.000000,0.000000,14,0,0,14,0.000000,0.000000,0.000000,2000.507893,,True
light_port_disruption_comparison,primary_port_partial_capacity,89,1131,heuristic,UNDISRUPTED,142561.000000,26080.000000,0.000000,0.000000,1308.000000,80613.000000,0.000000,34560.000000,0.000000,0.759398,384,26871,0,0.000000,0.000000,0,0,0,0,0.000000,0.000000,0.000000,0.000000,,True
light_port_disruption_comparison,primary_port_partial_capacity,89,1131,heuristic,DISRUPTED,142561.000000,26080.000000,0.000000,0.000000,1308.000000,80613.000000,0.000000,34560.000000,0.000000,0.759398,384,26871,0,0.000000,0.000000,0,0,0,14,0.000000,0.000000,0.000000,0.008470,,True
light_port_disruption_comparison,primary_port_partial_capacity,89,1131,llm_agent,UNDISRUPTED,142561.000000,26080.000000,0.000000,0.000000,1308.000000,80613.000000,0.000000,34560.000000,0.000000,0.759398,384,26871,0,0.000000,0.000000,0,0,0,0,0.000000,0.000000,0.000000,0.000000,,True
light_port_disruption_comparison,primary_port_partial_capacity,89,1131,llm_agent,DISRUPTED,143521.000000,26080.000000,960.000000,0.000000,1308.000000,80613.000000,0.000000,34560.000000,0.000000,0.759398,384,26871,0,0.000000,0.000000,12,0,0,14,0.000000,0.000000,0.000000,2845.424931,,True
light_port_disruption_comparison,primary_port_partial_capacity,90,1132,heuristic,UNDISRUPTED,141019.000000,26080.000000,0.000000,0.000000,1308.000000,79431.000000,0.000000,34200.000000,0.000000,0.764706,380,26477,0,0.000000,0.000000,0,0,0,0,0.000000,0.000000,0.000000,0.000000,,True
light_port_disruption_comparison,primary_port_partial_capacity,90,1132,heuristic,DISRUPTED,141019.000000,26080.000000,0.000000,0.000000,1308.000000,79431.000000,0.000000,34200.000000,0.000000,0.764706,380,26477,0,0.000000,0.000000,0,0,0,14,0.000000,0.000000,0.000000,0.005268,,True
light_port_disruption_comparison,primary_port_partial_capacity,90,1132,llm_agent,UNDISRUPTED,141019.000000,26080.000000,0.000000,0.000000,1308.000000,79431.000000,0.000000,34200.000000,0.000000,0.764706,380,26477,0,0.000000,0.000000,0,0,0,0,0.000000,0.000000,0.000000,0.000000,,True
light_port_disruption_comparison,primary_port_partial_capacity,90,1132,llm_agent,DISRUPTED,142139.000000,26080.000000,1120.000000,0.000000,1308.000000,79431.000000,0.000000,34200.000000,0.000000,0.764706,380,26477,0,0.000000,0.000000,14,0,0,14,0.000000,0.000000,0.000000,2265.403113,,True
light_port_disruption_comparison,primary_port_partial_capacity,91,1133,heuristic,UNDISRUPTED,137307.000000,26200.000000,0.000000,0.000000,1304.000000,77313.000000,0.000000,32490.000000,0.000000,0.771229,361,25771,0,0.000000,0.000000,0,0,0,0,0.000000,0.000000,0.000000,0.000000,,True
light_port_disruption_comparison,primary_port_partial_capacity,91,1133,heuristic,DISRUPTED,137307.000000,26200.000000,0.000000,0.000000,1304.000000,77313.000000,0.000000,32490.000000,0.000000,0.771229,361,25771,0,0.000000,0.000000,0,0,0,14,0.000000,0.000000,0.000000,0.008444,,True
light_port_disruption_comparison,primary_port_partial_capacity,91,1133,llm_agent,UNDISRUPTED,137307.000000,26200.000000,0.000000,0.000000,1304.000000,77313.000000,0.000000,32490.000000,0.000000,0.771229,361,25771,0,0.000000,0.000000,0,0,0,0,0.000000,0.000000,0.000000,0.000000,,True
light_port_disruption_comparison,primary_port_partial_capacity,91,1133,llm_agent,DISRUPTED,138427.000000,26200.000000,1120.000000,0.000000,1304.000000,77313.000000,0.000000,32490.000000,0.000000,0.771229,361,25771,0,0.000000,0.000000,14,0,0,14,0.000000,0.000000,0.000000,2115.839503,,True
light_port_disruption_comparison,primary_port_partial_capacity,92,1134,heuristic,UNDISRUPTED,151158.000000,26080.000000,0.000000,0.000000,1316.000000,86412.000000,0.000000,37350.000000,0.000000,0.746487,415,28804,0,0.000000,0.000000,0,0,0,0,0.000000,0.000000,0.000000,0.000000,,True
light_port_disruption_comparison,primary_port_partial_capacity,92,1134,heuristic,DISRUPTED,151158.000000,26080.000000,0.000000,0.000000,1316.000000,86412.000000,0.000000,37350.000000,0.000000,0.746487,415,28804,0,0.000000,0.000000,0,0,0,14,0.000000,0.000000,0.000000,0.008866,,True
light_port_disruption_comparison,primary_port_partial_capacity,92,1134,llm_agent,UNDISRUPTED,151158.000000,26080.000000,0.000000,0.000000,1316.000000,86412.000000,0.000000,37350.000000,0.000000,0.746487,415,28804,0,0.000000,0.000000,0,0,0,0,0.000000,0.000000,0.000000,0.000000,,True
light_port_disruption_comparison,primary_port_partial_capacity,92,1134,llm_agent,DISRUPTED,152278.000000,26080.000000,1120.000000,0.000000,1316.000000,86412.000000,0.000000,37350.000000,0.000000,0.746487,415,28804,0,0.000000,0.000000,14,0,0,14,0.000000,0.000000,0.000000,2105.446756,,True
light_port_disruption_comparison,primary_port_partial_capacity,93,1135,heuristic,UNDISRUPTED,140322.000000,26080.000000,0.000000,0.000000,1304.000000,79278.000000,0.000000,33660.000000,0.000000,0.765517,374,26426,0,0.000000,0.000000,0,0,0,0,0.000000,0.000000,0.000000,0.000000,,True
light_port_disruption_comparison,primary_port_partial_capacity,93,1135,heuristic,DISRUPTED,140322.000000,26080.000000,0.000000,0.000000,1304.000000,79278.000000,0.000000,33660.000000,0.000000,0.765517,374,26426,0,0.000000,0.000000,0,0,0,14,0.000000,0.000000,0.000000,0.008565,,True
light_port_disruption_comparison,primary_port_partial_capacity,93,1135,llm_agent,UNDISRUPTED,140322.000000,26080.000000,0.000000,0.000000,1304.000000,79278.000000,0.000000,33660.000000,0.000000,0.765517,374,26426,0,0.000000,0.000000,0,0,0,0,0.000000,0.000000,0.000000,0.000000,,True
light_port_disruption_comparison,primary_port_partial_capacity,93,1135,llm_agent,DISRUPTED,141442.000000,26080.000000,1120.000000,0.000000,1304.000000,79278.000000,0.000000,33660.000000,0.000000,0.765517,374,26426,0,0.000000,0.000000,14,0,0,14,0.000000,0.000000,0.000000,2195.435027,,True
light_port_disruption_comparison,primary_port_partial_capacity,94,1136,heuristic,UNDISRUPTED,135816.000000,26080.000000,0.000000,0.000000,1304.000000,75852.000000,0.000000,32580.000000,0.000000,0.772040,362,25284,0,0.000000,0.000000,0,0,0,0,0.000000,0.000000,0.000000,0.000000,,True
light_port_disruption_comparison,primary_port_partial_capacity,94,1136,heuristic,DISRUPTED,135816.000000,26080.000000,0.000000,0.000000,1304.000000,75852.000000,0.000000,32580.000000,0.000000,0.772040,362,25284,0,0.000000,0.000000,0,0,0,14,0.000000,0.000000,0.000000,0.006637,,True
light_port_disruption_comparison,primary_port_partial_capacity,94,1136,llm_agent,UNDISRUPTED,135816.000000,26080.000000,0.000000,0.000000,1304.000000,75852.000000,0.000000,32580.000000,0.000000,0.772040,362,25284,0,0.000000,0.000000,0,0,0,0,0.000000,0.000000,0.000000,0.000000,,True
light_port_disruption_comparison,primary_port_partial_capacity,94,1136,llm_agent,DISRUPTED,136936.000000,26080.000000,1120.000000,0.000000,1304.000000,75852.000000,0.000000,32580.000000,0.000000,0.772040,362,25284,0,0.000000,0.000000,14,0,0,14,0.000000,0.000000,0.000000,2075.423500,,True
light_port_disruption_comparison,primary_port_partial_capacity,95,1137,heuristic,UNDISRUPTED,131021.000000,26080.000000,0.000000,0.000000,1312.000000,72699.000000,60.000000,30870.000000,0.000000,0.786426,343,24233,40,0.018519,1.000000,0,0,0,0,0.000000,0.000000,0.000000,0.000000,,True
light_port_disruption_comparison,primary_port_partial_capacity,95,1137,heuristic,DISRUPTED,131621.000000,26080.000000,0.000000,0.000000,1312.000000,73299.000000,60.000000,30870.000000,0.000000,0.786426,343,24433,40,0.018519,1.000000,0,0,0,18,0.000000,0.000000,0.000000,0.007921,,True
light_port_disruption_comparison,primary_port_partial_capacity,95,1137,llm_agent,UNDISRUPTED,131021.000000,26080.000000,0.000000,0.000000,1312.000000,72699.000000,60.000000,30870.000000,0.000000,0.786426,343,24233,40,0.018519,1.000000,0,0,0,0,0.000000,0.000000,0.000000,0.000000,,True
light_port_disruption_comparison,primary_port_partial_capacity,95,1137,llm_agent,DISRUPTED,132661.000000,26080.000000,1040.000000,0.000000,1312.000000,73299.000000,60.000000,30870.000000,0.000000,0.786426,343,24433,40,0.018519,1.000000,13,0,0,18,0.000000,0.000000,0.000000,2417.826257,,True
light_port_disruption_comparison,primary_port_partial_capacity,96,1138,heuristic,UNDISRUPTED,138209.000000,26080.000000,0.000000,0.000000,1300.000000,76929.000000,60.000000,33840.000000,0.000000,0.768900,376,25643,40,0.018519,1.000000,0,0,0,0,0.000000,0.000000,0.000000,0.000000,,True
light_port_disruption_comparison,primary_port_partial_capacity,96,1138,heuristic,DISRUPTED,138449.000000,26080.000000,0.000000,0.000000,1300.000000,77169.000000,60.000000,33840.000000,0.000000,0.768900,376,25723,40,0.018519,1.000000,0,0,0,16,0.000000,0.000000,0.000000,0.007333,,True
light_port_disruption_comparison,primary_port_partial_capacity,96,1138,llm_agent,UNDISRUPTED,138209.000000,26080.000000,0.000000,0.000000,1300.000000,76929.000000,60.000000,33840.000000,0.000000,0.768900,376,25643,40,0.018519,1.000000,0,0,0,0,0.000000,0.000000,0.000000,0.000000,,True
light_port_disruption_comparison,primary_port_partial_capacity,96,1138,llm_agent,DISRUPTED,139329.000000,26080.000000,880.000000,0.000000,1300.000000,77169.000000,60.000000,33840.000000,0.000000,0.768900,376,25723,40,0.018519,1.000000,11,0,0,16,0.000000,0.000000,0.000000,2159.400997,,True
light_port_disruption_comparison,primary_port_partial_capacity,97,1139,heuristic,UNDISRUPTED,124631.000000,26080.000000,0.000000,0.000000,1312.000000,68799.000000,0.000000,28440.000000,0.000000,0.798982,316,22933,0,0.000000,0.000000,0,0,0,0,0.000000,0.000000,0.000000,0.000000,,True
light_port_disruption_comparison,primary_port_partial_capacity,97,1139,heuristic,DISRUPTED,124631.000000,26080.000000,0.000000,0.000000,1312.000000,68799.000000,0.000000,28440.000000,0.000000,0.798982,316,22933,0,0.000000,0.000000,0,0,0,14,0.000000,0.000000,0.000000,0.008991,,True
light_port_disruption_comparison,primary_port_partial_capacity,97,1139,llm_agent,UNDISRUPTED,124631.000000,26080.000000,0.000000,0.000000,1312.000000,68799.000000,0.000000,28440.000000,0.000000,0.798982,316,22933,0,0.000000,0.000000,0,0,0,0,0.000000,0.000000,0.000000,0.000000,,True
light_port_disruption_comparison,primary_port_partial_capacity,97,1139,llm_agent,DISRUPTED,125471.000000,27080.000000,880.000000,400.000000,1312.000000,67359.000000,0.000000,28440.000000,0.000000,0.798982,316,22453,0,0.000000,0.000000,11,1,40,13,0.000000,0.000000,0.000000,2161.094022,,True
light_port_disruption_comparison,primary_port_partial_capacity,98,1140,heuristic,UNDISRUPTED,127076.000000,26080.000000,0.000000,0.000000,1312.000000,69984.000000,0.000000,29700.000000,0.000000,0.791535,330,23328,0,0.000000,0.000000,0,0,0,0,0.000000,0.000000,0.000000,0.000000,,True
light_port_disruption_comparison,primary_port_partial_capacity,98,1140,heuristic,DISRUPTED,127076.000000,26080.000000,0.000000,0.000000,1312.000000,69984.000000,0.000000,29700.000000,0.000000,0.791535,330,23328,0,0.000000,0.000000,0,0,0,14,0.000000,0.000000,0.000000,0.009149,,True
light_port_disruption_comparison,primary_port_partial_capacity,98,1140,llm_agent,UNDISRUPTED,127076.000000,26080.000000,0.000000,0.000000,1312.000000,69984.000000,0.000000,29700.000000,0.000000,0.791535,330,23328,0,0.000000,0.000000,0,0,0,0,0.000000,0.000000,0.000000,0.000000,,True
light_port_disruption_comparison,primary_port_partial_capacity,98,1140,llm_agent,DISRUPTED,128196.000000,26080.000000,1120.000000,0.000000,1312.000000,69984.000000,0.000000,29700.000000,0.000000,0.791535,330,23328,0,0.000000,0.000000,14,0,0,14,0.000000,0.000000,0.000000,2218.661306,,True
light_port_disruption_comparison,primary_port_partial_capacity,99,1141,heuristic,UNDISRUPTED,126428.000000,26080.000000,0.000000,0.000000,1312.000000,70176.000000,60.000000,28800.000000,0.000000,0.797340,320,23392,40,0.018182,1.000000,0,0,0,1,0.000000,0.000000,0.000000,0.019709,,True
light_port_disruption_comparison,primary_port_partial_capacity,99,1141,heuristic,DISRUPTED,126428.000000,26080.000000,0.000000,0.000000,1312.000000,70176.000000,60.000000,28800.000000,0.000000,0.797340,320,23392,40,0.018182,1.000000,0,0,0,15,0.000000,0.000000,0.000000,0.007942,,True
light_port_disruption_comparison,primary_port_partial_capacity,99,1141,llm_agent,UNDISRUPTED,126428.000000,26080.000000,0.000000,0.000000,1312.000000,70176.000000,60.000000,28800.000000,0.000000,0.797340,320,23392,40,0.018182,1.000000,0,0,0,1,0.000000,0.000000,0.000000,2100.575125,,True
light_port_disruption_comparison,primary_port_partial_capacity,99,1141,llm_agent,DISRUPTED,127548.000000,26080.000000,1120.000000,0.000000,1312.000000,70176.000000,60.000000,28800.000000,0.000000,0.797340,320,23392,40,0.018182,1.000000,14,0,0,15,0.000000,0.000000,0.000000,2243.991750,,True
light_port_disruption_comparison,primary_port_partial_capacity,100,1142,heuristic,UNDISRUPTED,135923.000000,26080.000000,0.000000,0.000000,1312.000000,75501.000000,0.000000,33030.000000,0.000000,0.774154,367,25167,0,0.000000,0.000000,0,0,0,0,0.000000,0.000000,0.000000,0.000000,,True
light_port_disruption_comparison,primary_port_partial_capacity,100,1142,heuristic,DISRUPTED,135923.000000,26080.000000,0.000000,0.000000,1312.000000,75501.000000,0.000000,33030.000000,0.000000,0.774154,367,25167,0,0.000000,0.000000,0,0,0,14,0.000000,0.000000,0.000000,0.008476,,True
light_port_disruption_comparison,primary_port_partial_capacity,100,1142,llm_agent,UNDISRUPTED,135923.000000,26080.000000,0.000000,0.000000,1312.000000,75501.000000,0.000000,33030.000000,0.000000,0.774154,367,25167,0,0.000000,0.000000,0,0,0,0,0.000000,0.000000,0.000000,0.000000,,True
light_port_disruption_comparison,primary_port_partial_capacity,100,1142,llm_agent,DISRUPTED,136723.000000,27080.000000,960.000000,400.000000,1312.000000,73941.000000,0.000000,33030.000000,0.000000,0.774154,367,24647,0,0.000000,0.000000,12,1,40,13,0.000000,0.000000,0.000000,2200.070900,,True
