experiment_id,scenario_id,replication,seed,policy,run_kind,total_cost,transport_cost,reroute_cost,expedite_cost,holding_cost,backlog_cost,late_cost,terminal_cost,same_day_fill_rate,final_fulfilment_rate,ending_backlog_units,backlog_unit_days,late_delivered_units,late_delivery_rate,average_lateness_days_weighted,reroute_count,expedite_count,expedited_units,decision_count,invalid_action_rate,abstention_rate,fallback_rate,mean_decision_latency_ms,days_to_clear_backlog_after_shock,terminated_with_unresolved_state
heavy_port_disruption_comparison,primary_port_extended_closure_with_congestion,1,1043,heuristic,UNDISRUPTED,171417.000000,26080.000000,0.000000,0.000000,1304.000000,99033.000000,0.000000,45000.000000,0.000000,0.708114,500,33011,0,0.000000,0.000000,0,0,0,0,0.000000,0.000000,0.000000,0.000000,,True
heavy_port_disruption_comparison,primary_port_extended_closure_with_congestion,1,1043,heuristic,DISRUPTED,362565.000000,28480.000000,800.000000,0.000000,2532.000000,196713.000000,21540.000000,112500.000000,0.000000,0.311150,1180,65571,1400,0.729167,10.257143,10,0,0,149,0.000000,0.000000,0.000000,0.004514,,True
heavy_port_disruption_comparison,primary_port_extended_closure_with_congestion,1,1043,llm_agent,UNDISRUPTED,171417.000000,26080.000000,0.000000,0.000000,1304.000000,99033.000000,0.000000,45000.000000,0.000000,0.708114,500,33011,0,0.000000,0.000000,0,0,0,0,0.000000,0.000000,0.000000,0.000000,,True
heavy_port_disruption_comparison,primary_port_extended_closure_with_congestion,1,1043,llm_agent,DISRUPTED,173081.000000,54080.000000,320.000000,11200.000000,1188.000000,61713.000000,3180.000000,41400.000000,0.033859,0.731465,460,20571,80,0.037037,26.500000,4,28,1120,32,0.000000,0.000000,0.000000,4219.737912,,True
heavy_port_disruption_comparison,primary_port_extended_closure_with_congestion,2,1044,heuristic,UNDISRUPTED,122565.000000,26400.000000,0.000000,0.000000,1308.000000,66447.000000,60.000000,28350.000000,0.000000,0.800759,315,22149,40,0.018519,1.000000,0,0,0,0,0.000000,0.000000,0.000000,0.000000,,True
heavy_port_disruption_comparison,primary_port_extended_closure_with_congestion,2,1044,heuristic,DISRUPTED,215369.000000,27120.000000,240.000000,0.000000,1892.000000,122247.000000,17520.000000,46350.000000,0.000000,0.674257,515,40749,1200,0.555556,9.733333,3,0,0,141,0.000000,0.000000,0.000000,0.006594,,True
heavy_port_disruption_comparison,primary_port_extended_closure_with_congestion,2,1044,llm_agent,UNDISRUPTED,122565.000000,26400.000000,0.000000,0.000000,1308.000000,66447.000000,60.000000,28350.000000,0.000000,0.800759,315,22149,40,0.018519,1.000000,0,0,0,0,0.000000,0.000000,0.000000,0.000000,,True
heavy_port_disruption_comparison,primary_port_extended_closure_with_congestion,2,1044,llm_agent,DISRUPTED,135119.200000,47400.000000,480.000000,8400.000000,1376.200000,45453.000000,3660.000000,28350.000000,0.339658,0.800759,315,15151,160,0.074074,15.250000,6,21,840,27,0.000000,0.000000,0.000000,2360.847056,0,True
heavy_port_disruption_comparison,primary_port_extended_closure_with_congestion,3,1045,heuristic,UNDISRUPTED,132856.000000,26080.000000,0.000000,0.000000,1308.000000,74508.000000,0.000000,30960.000000,0.000000,0.786600,344,24836,0,0.000000,0.000000,0,0,0,0,0.000000,0.000000,0.000000,0.000000,,True
heavy_port_disruption_comparison,primary_port_extended_closure_with_congestion,3,1045,heuristic,DISRUPTED,293176.000000,28000.000000,640.000000,0.000000,2228.000000,153588.000000,19800.000000,88920.000000,0.000000,0.414392,944,51196,1240,0.620000,10.645161,8,0,0,143,0.000000,0.000000,0.000000,0.006043,,True
heavy_port_disruption_comparison,primary_port_extended_closure_with_congestion,3,1045,llm_agent,UNDISRUPTED,132856.000000,26080.000000,0.000000,0.000000,1308.000000,74508.000000,0.000000,30960.000000,0.000000,0.786600,344,24836,0,0.000000,0.000000,0,0,0,0,0.000000,0.000000,0.000000,0.000000,,True
heavy_port_disruption_comparison,primary_port_extended_closure_with_congestion,3,1045,llm_agent,DISRUPTED,107873.200000,52080.000000,320.000000,10400.000000,829.200000,28344.000000,2940.000000,12960.000000,0.439206,0.910670,144,9448,80,0.037037,24.500000,4,26,1040,30,0.000000,0.000000,0.000000,2261.877083,0,True
heavy_port_disruption_comparison,primary_port_extended_closure_with_congestion,4,1046,heuristic,UNDISRUPTED,123926.000000,26080.000000,0.000000,0.000000,1300.000000,68466.000000,0.000000,28080.000000,0.000000,0.800000,312,22822,0,0.000000,0.000000,0,0,0,0,0.000000,0.000000,0.000000,0.000000,,True
heavy_port_disruption_comparison,primary_port_extended_closure_with_congestion,4,1046,heuristic,DISRUPTED,155746.000000,26320.000000,80.000000,0.000000,1300.000000,90306.000000,9660.000000,28080.000000,0.000000,0.800000,312,30102,840,0.388889,7.666667,1,0,0,91,0.000000,0.000000,0.000000,0.011965,,True
heavy_port_disruption_comparison,primary_port_extended_closure_with_congestion,4,1046,llm_agent,UNDISRUPTED,123926.000000,26080.000000,0.000000,0.000000,1300.000000,68466.000000,0.000000,28080.000000,0.000000,0.800000,312,22822,0,0.000000,0.000000,0,0,0,0,0.000000,0.000000,0.000000,0.000000,,True
heavy_port_disruption_comparison,primary_port_extended_closure_with_congestion,4,1046,llm_agent,DISRUPTED,130230.300000,42080.000000,320.000000,6400.000000,1345.300000,50265.000000,1740.000000,28080.000000,0.266026,0.800000,312,16755,80,0.037037,14.500000,4,16,640,20,0.000000,0.000000,0.000000,2607.082810,,True
heavy_port_disruption_comparison,primary_port_extended_closure_with_congestion,5,1047,heuristic,UNDISRUPTED,134870.000000,26080.000000,0.000000,0.000000,1312.000000,75438.000000,0.000000,32040.000000,0.000000,0.774541,356,25146,0,0.000000,0.000000,0,0,0,0,0.000000,0.000000,0.000000,0.000000,,True
heavy_port_disruption_comparison,primary_port_extended_closure_with_congestion,5,1047,heuristic,DISRUPTED,318110.000000,28960.000000,960.000000,0.000000,2632.000000,170598.000000,20220.000000,94740.000000,0.000000,0.369221,996,56866,1360,0.680000,9.911765,12,0,0,134,0.000000,0.000000,0.000000,0.006364,,True
heavy_port_disruption_comparison,primary_port_extended_closure_with_congestion,5,1047,llm_agent,UNDISRUPTED,134870.000000,26080.000000,0.000000,0.000000,1312.000000,75438.000000,0.000000,32040.000000,0.000000,0.774541,356,25146,0,0.000000,0.000000,0,0,0,0,0.000000,0.000000,0.000000,0.000000,,True
heavy_port_disruption_comparison,primary_port_extended_closure_with_congestion,5,1047,llm_agent,DISRUPTED,146298.600000,54080.000000,320.000000,11200.000000,1402.600000,44076.000000,3180.000000,32040.000000,0.498417,0.774541,356,14692,80,0.036364,26.500000,4,28,1120,32,0.000000,0.000000,0.000000,4544.887006,0,True
heavy_port_disruption_comparison,primary_port_extended_closure_with_congestion,6,1048,heuristic,UNDISRUPTED,119402.000000,26080.000000,0.000000,0.000000,1312.000000,64740.000000,0.000000,27270.000000,0.000000,0.808591,303,21580,0,0.000000,0.000000,0,0,0,0,0.000000,0.000000,0.000000,0.000000,,True
heavy_port_disruption_comparison,primary_port_extended_closure_with_congestion,6,1048,heuristic,DISRUPTED,237986.000000,26560.000000,160.000000,0.000000,2436.000000,130860.000000,14700.000000,63270.000000,0.000000,0.555907,703,43620,1080,0.500000,9.074074,2,0,0,125,0.000000,0.000000,0.000000,0.006427,,True
heavy_port_disruption_comparison,primary_port_extended_closure_with_congestion,6,1048,llm_agent,UNDISRUPTED,119402.000000,26080.000000,0.000000,0.000000,1312.000000,64740.000000,0.000000,27270.000000,0.000000,0.808591,303,21580,0,0.000000,0.000000,0,0,0,0,0.000000,0.000000,0.000000,0.000000,,True
heavy_port_disruption_comparison,primary_port_extended_closure_with_congestion,6,1048,llm_agent,DISRUPTED,129339.200000,46080.000000,320.000000,8000.000000,1433.200000,44016.000000,2220.000000,27270.000000,0.392293,0.808591,303,14672,80,0.037037,18.500000,4,20,800,24,0.000000,0.000000,0.000000,2307.806620,0,True
heavy_port_disruption_comparison,primary_port_extended_closure_with_congestion,7,1049,heuristic,UNDISRUPTED,122696.000000,26080.000000,0.000000,0.000000,1312.000000,66954.000000,0.000000,28350.000000,0.000000,0.799746,315,22318,0,0.000000,0.000000,0,0,0,0,0.000000,0.000000,0.000000,0.000000,,True
heavy_port_disruption_comparison,primary_port_extended_closure_with_congestion,7,1049,heuristic,DISRUPTED,185428.000000,26560.000000,160.000000,0.000000,1784.000000,104034.000000,10140.000000,42750.000000,0.000000,0.698029,475,34678,880,0.407407,7.681818,2,0,0,98,0.000000,0.000000,0.000000,0.006601,,True
heavy_port_disruption_comparison,primary_port_extended_closure_with_congestion,7,1049,llm_agent,UNDISRUPTED,122696.000000,26080.000000,0.000000,0.000000,1312.000000,66954.000000,0.000000,28350.000000,0.000000,0.799746,315,22318,0,0.000000,0.000000,0,0,0,0,0.000000,0.000000,0.000000,0.000000,,True
heavy_port_disruption_comparison,primary_port_extended_closure_with_congestion,7,1049,llm_agent,DISRUPTED,130085.000000,42080.000000,240.000000,6400.000000,1391.000000,49884.000000,1740.000000,28350.000000,0.273999,0.799746,315,16628,80,0.037037,14.500000,3,16,640,20,0.000000,0.000000,0.000000,2568.747048,,True
heavy_port_disruption_comparison,primary_port_extended_closure_with_congestion,8,1050,heuristic,UNDISRUPTED,143145.000000,26080.000000,0.000000,0.000000,1316.000000,81729.000000,0.000000,34020.000000,0.000000,0.760759,378,27243,0,0.000000,0.000000,0,0,0,0,0.000000,0.000000,0.000000,0.000000,,True
heavy_port_disruption_comparison,primary_port_extended_closure_with_congestion,8,1050,heuristic,DISRUPTED,261845.000000,26560.000000,160.000000,0.000000,2436.000000,147969.000000,14700.000000,70020.000000,0.000000,0.507595,778,49323,1080,0.500000,9.074074,2,0,0,126,0.000000,0.000000,0.000000,0.006461,,True
heavy_port_disruption_comparison,primary_port_extended_closure_with_congestion,8,1050,llm_agent,UNDISRUPTED,143145.000000,26080.000000,0.000000,0.000000,1316.000000,81729.000000,0.000000,34020.000000,0.000000,0.760759,378,27243,0,0.000000,0.000000,0,0,0,0,0.000000,0.000000,0.000000,0.000000,,True
heavy_port_disruption_comparison,primary_port_extended_closure_with_congestion,8,1050,llm_agent,DISRUPTED,149851.100000,46080.000000,320.000000,8000.000000,1329.100000,57882.000000,2220.000000,34020.000000,0.279114,0.760759,378,19294,80,0.037037,18.500000,4,20,800,24,0.000000,0.000000,0.000000,2736.105238,,True
heavy_port_disruption_comparison,primary_port_extended_closure_with_congestion,9,1051,heuristic,UNDISRUPTED,145029.000000,26080.000000,0.000000,0.000000,1316.000000,81933.000000,60.000000,35640.000000,0.000000,0.758242,396,27311,40,0.018519,1.000000,0,0,0,1,0.000000,0.000000,0.000000,0.017750,,True
heavy_port_disruption_comparison,primary_port_extended_closure_with_congestion,9,1051,heuristic,DISRUPTED,269589.000000,27040.000000,320.000000,0.000000,2436.000000,151653.000000,16500.000000,71640.000000,0.000000,0.514042,796,50551,1160,0.537037,9.482759,4,0,0,133,0.000000,0.000000,0.000000,0.005724,,True
heavy_port_disruption_comparison,primary_port_extended_closure_with_congestion,9,1051,llm_agent,UNDISRUPTED,145109.000000,26080.000000,80.000000,0.000000,1316.000000,81933.000000,60.000000,35640.000000,0.000000,0.758242,396,27311,40,0.018519,1.000000,1,0,0,1,0.000000,0.000000,0.000000,2205.894791,,True
heavy_port_disruption_comparison,primary_port_extended_closure_with_congestion,9,1051,llm_agent,DISRUPTED,152252.700000,48080.000000,320.000000,8800.000000,1338.700000,55614.000000,2460.000000,35640.000000,0.336996,0.758242,396,18538,80,0.037037,20.500000,4,22,880,26,0.000000,0.000000,0.000000,2561.281253,0,True
heavy_port_disruption_comparison,primary_port_extended_closure_with_congestion,10,1052,heuristic,UNDISRUPTED,147504.000000,26080.000000,0.000000,0.000000,1316.000000,84558.000000,0.000000,35550.000000,0.000000,0.754963,395,28186,0,0.000000,0.000000,0,0,0,0,0.000000,0.000000,0.000000,0.000000,,True
heavy_port_disruption_comparison,primary_port_extended_closure_with_congestion,10,1052,heuristic,DISRUPTED,215636.000000,26560.000000,160.000000,0.000000,1788.000000,125358.000000,11820.000000,49950.000000,0.000000,0.655707,555,41786,960,0.436364,8.208333,2,0,0,104,0.000000,0.000000,0.000000,0.006550,,True
heavy_port_disruption_comparison,primary_port_extended_closure_with_congestion,10,1052,llm_agent,UNDISRUPTED,147504.000000,26080.000000,0.000000,0.000000,1316.000000,84558.000000,0.000000,35550.000000,0.000000,0.754963,395,28186,0,0.000000,0.000000,0,0,0,0,0.000000,0.000000,0.000000,0.000000,,True
heavy_port_disruption_comparison,primary_port_extended_closure_with_congestion,10,1052,llm_agent,DISRUPTED,153284.000000,44080.000000,320.000000,7200.000000,1316.000000,62838.000000,1980.000000,35550.000000,0.063275,0.754963,395,20946,80,0.036364,16.500000,4,18,720,22,0.000000,0.000000,0.000000,2342.258761,,True
heavy_port_disruption_comparison,primary_port_extended_closure_with_congestion,11,1053,heuristic,UNDISRUPTED,136394.000000,26080.000000,0.000000,0.000000,1312.000000,75252.000000,0.000000,33750.000000,0.000000,0.768089,375,25084,0,0.000000,0.000000,0,0,0,0,0.000000,0.000000,0.000000,0.000000,,True
heavy_port_disruption_comparison,primary_port_extended_closure_with_congestion,11,1053,heuristic,DISRUPTED,305594.000000,26080.000000,0.000000,0.000000,2632.000000,161052.000000,14580.000000,101250.000000,0.000000,0.347557,1055,53684,1040,0.541667,9.346154,0,0,0,141,0.000000,0.000000,0.000000,0.005950,,True
heavy_port_disruption_comparison,primary_port_extended_closure_with_congestion,11,1053,llm_agent,UNDISRUPTED,136394.000000,26080.000000,0.000000,0.000000,1312.000000,75252.000000,0.000000,33750.000000,0.000000,0.768089,375,25084,0,0.000000,0.000000,0,0,0,0,0.000000,0.000000,0.000000,0.000000,,True
heavy_port_disruption_comparison,primary_port_extended_closure_with_congestion,11,1053,llm_agent,DISRUPTED,144464.000000,44080.000000,320.000000,7200.000000,1382.000000,55632.000000,2100.000000,33750.000000,0.320346,0.768089,375,18544,80,0.037037,17.500000,4,18,720,22,0.000000,0.000000,0.000000,2359.674261,0,True
heavy_port_disruption_comparison,primary_port_extended_closure_with_congestion,12,1054,heuristic,UNDISRUPTED,134031.000000,26080.000000,0.000000,0.000000,1316.000000,73965.000000,0.000000,32670.000000,0.000000,0.774394,363,24655,0,0.000000,0.000000,0,0,0,0,0.000000,0.000000,0.000000,0.000000,,True
heavy_port_disruption_comparison,primary_port_extended_closure_with_congestion,12,1054,heuristic,DISRUPTED,284307.000000,27760.000000,560.000000,0.000000,2592.000000,154725.000000,17340.000000,81330.000000,0.000000,0.451212,883,51575,1200,0.576923,9.633333,7,0,0,129,0.000000,0.000000,0.000000,0.006133,,True
heavy_port_disruption_comparison,primary_port_extended_closure_with_congestion,12,1054,llm_agent,UNDISRUPTED,134031.000000,26080.000000,0.000000,0.000000,1316.000000,73965.000000,0.000000,32670.000000,0.000000,0.774394,363,24655,0,0.000000,0.000000,0,0,0,0,0.000000,0.000000,0.000000,0.000000,,True
heavy_port_disruption_comparison,primary_port_extended_closure_with_congestion,12,1054,llm_agent,DISRUPTED,144659.200000,50080.000000,320.000000,9600.000000,1418.200000,47871.000000,2700.000000,32670.000000,0.446861,0.774394,363,15957,80,0.037037,22.500000,4,24,960,28,0.000000,0.000000,0.000000,2364.579876,0,True
heavy_port_disruption_comparison,primary_port_extended_closure_with_congestion,13,1055,heuristic,UNDISRUPTED,145541.000000,26080.000000,0.000000,0.000000,1312.000000,82059.000000,0.000000,36090.000000,0.000000,0.756970,401,27353,0,0.000000,0.000000,0,0,0,0,0.000000,0.000000,0.000000,0.000000,,True
heavy_port_disruption_comparison,primary_port_extended_closure_with_congestion,13,1055,heuristic,DISRUPTED,264241.000000,26560.000000,160.000000,0.000000,2432.000000,148299.000000,14700.000000,72090.000000,0.000000,0.514545,801,49433,1080,0.500000,9.074074,2,0,0,126,0.000000,0.000000,0.000000,0.006552,,True
heavy_port_disruption_comparison,primary_port_extended_closure_with_congestion,13,1055,llm_agent,UNDISRUPTED,145541.000000,26080.000000,0.000000,0.000000,1312.000000,82059.000000,0.000000,36090.000000,0.000000,0.756970,401,27353,0,0.000000,0.000000,0,0,0,0,0.000000,0.000000,0.000000,0.000000,,True
heavy_port_disruption_comparison,primary_port_extended_closure_with_congestion,13,1055,llm_agent,DISRUPTED,152746.200000,46080.000000,320.000000,8000.000000,1341.200000,58695.000000,2220.000000,36090.000000,0.296364,0.756970,401,19565,80,0.037037,18.500000,4,20,800,24,0.000000,0.000000,0.000000,2264.478946,0,True
heavy_port_disruption_comparison,primary_port_extended_closure_with_congestion,14,1056,heuristic,UNDISRUPTED,140677.000000,26080.000000,0.000000,0.000000,1308.000000,80079.000000,0.000000,33210.000000,0.000000,0.768507,369,26693,0,0.000000,0.000000,0,0,0,0,0.000000,0.000000,0.000000,0.000000,,True
heavy_port_disruption_comparison,primary_port_extended_closure_with_congestion,14,1056,heuristic,DISRUPTED,173377.000000,26080.000000,0.000000,0.000000,1308.000000,102639.000000,10140.000000,33210.000000,0.000000,0.768507,369,34213,880,0.407407,7.681818,0,0,0,98,0.000000,0.000000,0.000000,0.006409,,True
heavy_port_disruption_comparison,primary_port_extended_closure_with_congestion,14,1056,llm_agent,UNDISRUPTED,140677.000000,26080.000000,0.000000,0.000000,1308.000000,80079.000000,0.000000,33210.000000,0.000000,0.768507,369,26693,0,0.000000,0.000000,0,0,0,0,0.000000,0.000000,0.000000,0.000000,,True
heavy_port_disruption_comparison,primary_port_extended_closure_with_congestion,14,1056,llm_agent,DISRUPTED,145624.400000,42080.000000,320.000000,6400.000000,1313.400000,60561.000000,1740.000000,33210.000000,0.172522,0.768507,369,20187,80,0.037037,14.500000,4,16,640,20,0.000000,0.000000,0.000000,2310.547765,,True
heavy_port_disruption_comparison,primary_port_extended_closure_with_congestion,15,1057,heuristic,UNDISRUPTED,130770.000000,26080.000000,0.000000,0.000000,1316.000000,72594.000000,0.000000,30780.000000,0.000000,0.784499,342,24198,0,0.000000,0.000000,0,0,0,0,0.000000,0.000000,0.000000,0.000000,,True
heavy_port_disruption_comparison,primary_port_extended_closure_with_congestion,15,1057,heuristic,DISRUPTED,155990.000000,26320.000000,80.000000,0.000000,1316.000000,89874.000000,7620.000000,30780.000000,0.000000,0.784499,342,29958,760,0.351852,6.684211,1,0,0,77,0.000000,0.000000,0.000000,0.005913,,True
heavy_port_disruption_comparison,primary_port_extended_closure_with_congestion,15,1057,llm_agent,UNDISRUPTED,130770.000000,26080.000000,0.000000,0.000000,1316.000000,72594.000000,0.000000,30780.000000,0.000000,0.784499,342,24198,0,0.000000,0.000000,0,0,0,0,0.000000,0.000000,0.000000,0.000000,,True
heavy_port_disruption_comparison,primary_port_extended_closure_with_congestion,15,1057,llm_agent,DISRUPTED,136004.300000,40080.000000,320.000000,5600.000000,1351.300000,56373.000000,1500.000000,30780.000000,0.204159,0.784499,342,18791,80,0.037037,12.500000,4,14,560,18,0.000000,0.000000,0.000000,2518.680743,0,True
heavy_port_disruption_comparison,primary_port_extended_closure_with_congestion,16,1058,heuristic,UNDISRUPTED,137639.000000,26080.000000,0.000000,0.000000,1312.000000,76407.000000,0.000000,33840.000000,0.000000,0.771150,376,25469,0,0.000000,0.000000,0,0,0,0,0.000000,0.000000,0.000000,0.000000,,True
heavy_port_disruption_comparison,primary_port_extended_closure_with_congestion,16,1058,heuristic,DISRUPTED,166559.000000,26080.000000,0.000000,0.000000,1312.000000,96327.000000,9000.000000,33840.000000,0.000000,0.771150,376,32109,800,0.370370,7.500000,0,0,0,88,0.000000,0.000000,0.000000,0.006378,,True
heavy_port_disruption_comparison,primary_port_extended_closure_with_congestion,16,1058,llm_agent,UNDISRUPTED,137639.000000,26080.000000,0.000000,0.000000,1312.000000,76407.000000,0.000000,33840.000000,0.000000,0.771150,376,25469,0,0.000000,0.000000,0,0,0,0,0.000000,0.000000,0.000000,0.000000,,True
heavy_port_disruption_comparison,primary_port_extended_closure_with_congestion,16,1058,llm_agent,DISRUPTED,143106.500000,41080.000000,320.000000,6000.000000,1344.500000,58902.000000,1620.000000,33840.000000,0.214242,0.771150,376,19634,80,0.037037,13.500000,4,15,600,19,0.000000,0.000000,0.000000,2491.462904,0,True
heavy_port_disruption_comparison,primary_port_extended_closure_with_congestion,17,1059,heuristic,UNDISRUPTED,141516.000000,26080.000000,0.000000,0.000000,1316.000000,79830.000000,0.000000,34290.000000,0.000000,0.763941,381,26610,0,0.000000,0.000000,0,0,0,0,0.000000,0.000000,0.000000,0.000000,,True
heavy_port_disruption_comparison,primary_port_extended_closure_with_congestion,17,1059,heuristic,DISRUPTED,319872.000000,26560.000000,160.000000,0.000000,2632.000000,168990.000000,14880.000000,106650.000000,0.000000,0.317844,1101,56330,1080,0.574468,9.185185,2,0,0,126,0.000000,0.000000,0.000000,0.006382,,True
heavy_port_disruption_comparison,primary_port_extended_closure_with_congestion,17,1059,llm_agent,UNDISRUPTED,141516.000000,26080.000000,0.000000,0.000000,1316.000000,79830.000000,0.000000,34290.000000,0.000000,0.763941,381,26610,0,0.000000,0.000000,0,0,0,0,0.000000,0.000000,0.000000,0.000000,,True
heavy_port_disruption_comparison,primary_port_extended_closure_with_congestion,17,1059,llm_agent,DISRUPTED,148730.500000,46080.000000,320.000000,8000.000000,1345.500000,56475.000000,2220.000000,34290.000000,0.311029,0.763941,381,18825,80,0.037037,18.500000,4,20,800,24,0.000000,0.000000,0.000000,2377.726366,,True
heavy_port_disruption_comparison,primary_port_extended_closure_with_congestion,18,1060,heuristic,UNDISRUPTED,133159.000000,26320.000000,0.000000,0.000000,1308.000000,75231.000000,60.000000,30240.000000,0.000000,0.785851,336,25077,40,0.018519,1.000000,0,0,0,1,0.000000,0.000000,0.000000,0.020208,,True
heavy_port_disruption_comparison,primary_port_extended_closure_with_congestion,18,1060,heuristic,DISRUPTED,313583.000000,27040.000000,240.000000,0.000000,2632.000000,165471.000000,15600.000000,102600.000000,0.000000,0.326960,1056,55157,1160,0.617021,8.965517,3,0,0,130,0.000000,0.000000,0.000000,0.006170,,True
heavy_port_disruption_comparison,primary_port_extended_closure_with_congestion,18,1060,llm_agent,UNDISRUPTED,133159.000000,26320.000000,0.000000,0.000000,1308.000000,75231.000000,60.000000,30240.000000,0.000000,0.785851,336,25077,40,0.018519,1.000000,0,0,0,1,1.000000,0.000000,1.000000,2265.899083,,True
heavy_port_disruption_comparison,primary_port_extended_closure_with_congestion,18,1060,llm_agent,DISRUPTED,140918.800000,47320.000000,400.000000,8400.000000,1353.800000,50805.000000,2400.000000,30240.000000,0.327597,0.785851,336,16935,120,0.055556,13.333333,5,21,840,26,0.000000,0.000000,0.000000,2373.449728,0,True
heavy_port_disruption_comparison,primary_port_extended_closure_with_congestion,19,1061,heuristic,UNDISRUPTED,143737.000000,26080.000000,0.000000,0.000000,1308.000000,81429.000000,0.000000,34920.000000,0.000000,0.762836,388,27143,0,0.000000,0.000000,0,0,0,0,0.000000,0.000000,0.000000,0.000000,,True
heavy_port_disruption_comparison,primary_port_extended_closure_with_congestion,19,1061,heuristic,DISRUPTED,324401.000000,26800.000000,240.000000,0.000000,2632.000000,171909.000000,15540.000000,107280.000000,0.000000,0.322738,1108,57303,1120,0.595745,9.250000,3,0,0,124,0.000000,0.000000,0.000000,0.004472,,True
heavy_port_disruption_comparison,primary_port_extended_closure_with_congestion,19,1061,llm_agent,UNDISRUPTED,143737.000000,26080.000000,0.000000,0.000000,1308.000000,81429.000000,0.000000,34920.000000,0.000000,0.762836,388,27143,0,0.000000,0.000000,0,0,0,0,0.000000,0.000000,0.000000,0.000000,,True
heavy_port_disruption_comparison,primary_port_extended_closure_with_congestion,19,1061,llm_agent,DISRUPTED,150920.300000,47080.000000,320.000000,8400.000000,1322.300000,56538.000000,2340.000000,34920.000000,0.256112,0.762836,388,18846,80,0.037037,19.500000,4,21,840,25,0.000000,0.000000,0.000000,3330.562127,0,True
heavy_port_disruption_comparison,primary_port_extended_closure_with_congestion,20,1062,heuristic,UNDISRUPTED,148912.000000,26080.000000,0.000000,0.000000,1308.000000,85194.000000,60.000000,36270.000000,0.000000,0.748910,403,28398,40,0.018519,1.000000,0,0,0,1,0.000000,0.000000,0.000000,0.014125,,True
heavy_port_disruption_comparison,primary_port_extended_closure_with_congestion,20,1062,heuristic,DISRUPTED,311160.000000,28480.000000,800.000000,0.000000,2136.000000,164394.000000,21120.000000,94230.000000,0.000000,0.375078,1003,54798,1280,0.640000,11.000000,10,0,0,151,0.000000,0.000000,0.000000,0.005858,,True
heavy_port_disruption_comparison,primary_port_extended_closure_with_congestion,20,1062,llm_agent,UNDISRUPTED,148992.000000,26080.000000,80.000000,0.000000,1308.000000,85194.000000,60.000000,36270.000000,0.000000,0.748910,403,28398,40,0.018519,1.000000,1,0,0,1,0.000000,0.000000,0.000000,3007.918291,,True
heavy_port_disruption_comparison,primary_port_extended_closure_with_congestion,20,1062,llm_agent,DISRUPTED,109390.500000,54080.000000,400.000000,11200.000000,561.500000,28839.000000,3240.000000,11070.000000,0.335826,0.923364,123,9613,120,0.055556,18.000000,5,28,1120,33,0.000000,0.000000,0.000000,2518.832855,,True
heavy_port_disruption_comparison,primary_port_extended_closure_with_congestion,21,1063,heuristic,UNDISRUPTED,133457.000000,26080.000000,0.000000,0.000000,1312.000000,74745.000000,0.000000,31320.000000,0.000000,0.777778,348,24915,0,0.000000,0.000000,0,0,0,0,0.000000,0.000000,0.000000,0.000000,,True
heavy_port_disruption_comparison,primary_port_extended_closure_with_congestion,21,1063,heuristic,DISRUPTED,229689.000000,26560.000000,160.000000,0.000000,2224.000000,128745.000000,11880.000000,60120.000000,0.000000,0.573436,668,42915,960,0.444444,8.250000,2,0,0,104,0.000000,0.000000,0.000000,0.006647,,True
heavy_port_disruption_comparison,primary_port_extended_closure_with_congestion,21,1063,llm_agent,UNDISRUPTED,133457.000000,26080.000000,0.000000,0.000000,1312.000000,74745.000000,0.000000,31320.000000,0.000000,0.777778,348,24915,0,0.000000,0.000000,0,0,0,0,0.000000,0.000000,0.000000,0.000000,,True
heavy_port_disruption_comparison,primary_port_extended_closure_with_congestion,21,1063,llm_agent,DISRUPTED,140536.800000,44080.000000,320.000000,7200.000000,1357.800000,54279.000000,1980.000000,31320.000000,0.293742,0.777778,348,18093,80,0.037037,16.500000,4,18,720,22,0.000000,0.000000,0.000000,2410.098371,0,True
heavy_port_disruption_comparison,primary_port_extended_closure_with_congestion,22,1064,heuristic,UNDISRUPTED,137191.000000,26080.000000,0.000000,0.000000,1428.000000,76473.000000,0.000000,33210.000000,0.000000,0.767045,369,25491,0,0.000000,0.000000,0,0,0,0,0.000000,0.000000,0.000000,0.000000,,True
heavy_port_disruption_comparison,primary_port_extended_closure_with_congestion,22,1064,heuristic,DISRUPTED,218935.000000,26560.000000,160.000000,0.000000,1892.000000,126273.000000,16440.000000,47610.000000,0.000000,0.666035,529,42091,1120,0.509091,9.785714,2,0,0,147,0.000000,0.000000,0.000000,0.005922,,True
heavy_port_disruption_comparison,primary_port_extended_closure_with_congestion,22,1064,llm_agent,UNDISRUPTED,137191.000000,26080.000000,0.000000,0.000000,1428.000000,76473.000000,0.000000,33210.000000,0.000000,0.767045,369,25491,0,0.000000,0.000000,0,0,0,0,0.000000,0.000000,0.000000,0.000000,,True
heavy_port_disruption_comparison,primary_port_extended_closure_with_congestion,22,1064,llm_agent,DISRUPTED,144924.500000,46080.000000,320.000000,8000.000000,1466.500000,53508.000000,2340.000000,33210.000000,0.327652,0.767045,369,17836,80,0.036364,19.500000,4,20,800,24,0.000000,0.000000,0.000000,2730.642694,,True
heavy_port_disruption_comparison,primary_port_extended_closure_with_congestion,23,1065,heuristic,UNDISRUPTED,140241.000000,26080.000000,0.000000,0.000000,1316.000000,79185.000000,0.000000,33660.000000,0.000000,0.765957,374,26395,0,0.000000,0.000000,0,0,0,0,0.000000,0.000000,0.000000,0.000000,,True
heavy_port_disruption_comparison,primary_port_extended_closure_with_congestion,23,1065,heuristic,DISRUPTED,194041.000000,26560.000000,160.000000,0.000000,1556.000000,113025.000000,11880.000000,40860.000000,0.000000,0.715895,454,37675,960,0.444444,8.250000,2,0,0,104,0.000000,0.000000,0.000000,0.005884,,True
heavy_port_disruption_comparison,primary_port_extended_closure_with_congestion,23,1065,llm_agent,UNDISRUPTED,140241.000000,26080.000000,0.000000,0.000000,1316.000000,79185.000000,0.000000,33660.000000,0.000000,0.765957,374,26395,0,0.000000,0.000000,0,0,0,0,0.000000,0.000000,0.000000,0.000000,,True
heavy_port_disruption_comparison,primary_port_extended_closure_with_congestion,23,1065,llm_agent,DISRUPTED,146979.800000,44080.000000,320.000000,7200.000000,1350.800000,58389.000000,1980.000000,33660.000000,0.270964,0.765957,374,19463,80,0.037037,16.500000,4,18,720,22,0.000000,0.000000,0.000000,2417.500576,0,True
heavy_port_disruption_comparison,primary_port_extended_closure_with_congestion,24,1066,heuristic,UNDISRUPTED,147925.000000,26080.000000,0.000000,0.000000,1308.000000,84447.000000,0.000000,36090.000000,0.000000,0.748274,401,28149,0,0.000000,0.000000,0,0,0,0,0.000000,0.000000,0.000000,0.000000,,True
heavy_port_disruption_comparison,primary_port_extended_closure_with_congestion,24,1066,heuristic,DISRUPTED,249949.000000,26320.000000,80.000000,0.000000,2212.000000,142407.000000,14040.000000,64890.000000,0.000000,0.547395,721,47469,1040,0.472727,9.000000,1,0,0,123,0.000000,0.000000,0.000000,0.006406,,True
heavy_port_disruption_comparison,primary_port_extended_closure_with_congestion,24,1066,llm_agent,UNDISRUPTED,147925.000000,26080.000000,0.000000,0.000000,1308.000000,84447.000000,0.000000,36090.000000,0.000000,0.748274,401,28149,0,0.000000,0.000000,0,0,0,0,0.000000,0.000000,0.000000,0.000000,,True
heavy_port_disruption_comparison,primary_port_extended_closure_with_congestion,24,1066,llm_agent,DISRUPTED,154102.100000,45080.000000,320.000000,7600.000000,1322.100000,61590.000000,2100.000000,36090.000000,0.258632,0.748274,401,20530,80,0.036364,17.500000,4,19,760,23,0.000000,0.000000,0.000000,2670.841029,,True
heavy_port_disruption_comparison,primary_port_extended_closure_with_congestion,25,1067,heuristic,UNDISRUPTED,145710.000000,26080.000000,0.000000,0.000000,1304.000000,83226.000000,0.000000,35100.000000,0.000000,0.755025,390,27742,0,0.000000,0.000000,0,0,0,0,0.000000,0.000000,0.000000,0.000000,,True
heavy_port_disruption_comparison,primary_port_extended_closure_with_congestion,25,1067,heuristic,DISRUPTED,264298.000000,26560.000000,160.000000,0.000000,2432.000000,149346.000000,14700.000000,71100.000000,0.000000,0.503769,790,49782,1080,0.500000,9.074074,2,0,0,120,0.000000,0.000000,0.000000,0.006469,,True
heavy_port_disruption_comparison,primary_port_extended_closure_with_congestion,25,1067,llm_agent,UNDISRUPTED,145710.000000,26080.000000,0.000000,0.000000,1304.000000,83226.000000,0.000000,35100.000000,0.000000,0.755025,390,27742,0,0.000000,0.000000,0,0,0,0,0.000000,0.000000,0.000000,0.000000,,True
heavy_port_disruption_comparison,primary_port_extended_closure_with_congestion,25,1067,llm_agent,DISRUPTED,152010.000000,46080.000000,320.000000,8000.000000,1304.000000,58986.000000,2220.000000,35100.000000,0.244975,0.755025,390,19662,80,0.037037,18.500000,4,20,800,24,0.000000,0.000000,0.000000,2813.321000,,True
heavy_port_disruption_comparison,primary_port_extended_closure_with_congestion,26,1068,heuristic,UNDISRUPTED,134043.000000,26080.000000,0.000000,0.000000,1304.000000,75339.000000,0.000000,31320.000000,0.000000,0.775194,348,25113,0,0.000000,0.000000,0,0,0,0,0.000000,0.000000,0.000000,0.000000,,True
heavy_port_disruption_comparison,primary_port_extended_closure_with_congestion,26,1068,heuristic,DISRUPTED,191011.000000,26560.000000,160.000000,0.000000,1652.000000,109779.000000,10740.000000,42120.000000,0.000000,0.697674,468,36593,920,0.425926,7.782609,2,0,0,94,0.000000,0.000000,0.000000,0.006623,,True
heavy_port_disruption_comparison,primary_port_extended_closure_with_congestion,26,1068,llm_agent,UNDISRUPTED,134043.000000,26080.000000,0.000000,0.000000,1304.000000,75339.000000,0.000000,31320.000000,0.000000,0.775194,348,25113,0,0.000000,0.000000,0,0,0,0,0.000000,0.000000,0.000000,0.000000,,True
heavy_port_disruption_comparison,primary_port_extended_closure_with_congestion,26,1068,llm_agent,DISRUPTED,140257.200000,43080.000000,320.000000,6800.000000,1332.200000,55545.000000,1860.000000,31320.000000,0.255168,0.775194,348,18515,80,0.037037,15.500000,4,17,680,21,0.000000,0.000000,0.000000,2548.322536,,True
heavy_port_disruption_comparison,primary_port_extended_closure_with_congestion,27,1069,heuristic,UNDISRUPTED,143386.000000,26400.000000,0.000000,0.000000,1312.000000,81024.000000,0.000000,34650.000000,0.000000,0.758014,385,27008,0,0.000000,0.000000,0,0,0,0,0.000000,0.000000,0.000000,0.000000,,True
heavy_port_disruption_comparison,primary_port_extended_closure_with_congestion,27,1069,heuristic,DISRUPTED,288822.000000,26880.000000,160.000000,0.000000,2588.000000,159504.000000,16380.000000,83310.000000,0.000000,0.431175,905,53168,1120,0.538462,9.750000,2,0,0,147,0.000000,0.000000,0.000000,0.006606,,True
heavy_port_disruption_comparison,primary_port_extended_closure_with_congestion,27,1069,llm_agent,UNDISRUPTED,143386.000000,26400.000000,0.000000,0.000000,1312.000000,81024.000000,0.000000,34650.000000,0.000000,0.758014,385,27008,0,0.000000,0.000000,0,0,0,0,0.000000,0.000000,0.000000,0.000000,,True
heavy_port_disruption_comparison,primary_port_extended_closure_with_congestion,27,1069,llm_agent,DISRUPTED,150804.200000,46400.000000,320.000000,8000.000000,1344.200000,57750.000000,2340.000000,34650.000000,0.287241,0.758014,385,19250,80,0.037037,19.500000,4,20,800,24,0.000000,0.000000,0.000000,2448.822557,0,True
heavy_port_disruption_comparison,primary_port_extended_closure_with_congestion,28,1070,heuristic,UNDISRUPTED,133153.000000,26080.000000,0.000000,0.000000,1308.000000,75165.000000,0.000000,30600.000000,0.000000,0.785759,340,25055,0,0.000000,0.000000,0,0,0,0,0.000000,0.000000,0.000000,0.000000,,True
heavy_port_disruption_comparison,primary_port_extended_closure_with_congestion,28,1070,heuristic,DISRUPTED,332357.000000,28240.000000,720.000000,0.000000,2632.000000,176925.000000,20880.000000,102960.000000,0.000000,0.332073,1060,58975,1360,0.723404,10.235294,9,0,0,142,0.000000,0.000000,0.000000,0.006506,,True
heavy_port_disruption_comparison,primary_port_extended_closure_with_congestion,28,1070,llm_agent,UNDISRUPTED,133153.000000,26080.000000,0.000000,0.000000,1308.000000,75165.000000,0.000000,30600.000000,0.000000,0.785759,340,25055,0,0.000000,0.000000,0,0,0,0,0.000000,0.000000,0.000000,0.000000,,True
heavy_port_disruption_comparison,primary_port_extended_closure_with_congestion,28,1070,llm_agent,DISRUPTED,142917.100000,53080.000000,320.000000,10800.000000,1359.100000,43698.000000,3060.000000,30600.000000,0.477001,0.785759,340,14566,80,0.037037,25.500000,4,27,1080,31,0.000000,0.000000,0.000000,2392.659636,0,True
heavy_port_disruption_comparison,primary_port_extended_closure_with_congestion,29,1071,heuristic,UNDISRUPTED,135994.000000,26080.000000,0.000000,0.000000,1308.000000,75486.000000,0.000000,33120.000000,0.000000,0.772559,368,25162,0,0.000000,0.000000,0,0,0,0,0.000000,0.000000,0.000000,0.000000,,True
heavy_port_disruption_comparison,primary_port_extended_closure_with_congestion,29,1071,heuristic,DISRUPTED,247266.000000,27040.000000,320.000000,0.000000,2220.000000,139206.000000,16560.000000,61920.000000,0.000000,0.574784,688,46402,1160,0.527273,9.517241,4,0,0,132,0.000000,0.000000,0.000000,0.006234,,True
heavy_port_disruption_comparison,primary_port_extended_closure_with_congestion,29,1071,llm_agent,UNDISRUPTED,135994.000000,26080.000000,0.000000,0.000000,1308.000000,75486.000000,0.000000,33120.000000,0.000000,0.772559,368,25162,0,0.000000,0.000000,0,0,0,0,0.000000,0.000000,0.000000,0.000000,,True
heavy_port_disruption_comparison,primary_port_extended_closure_with_congestion,29,1071,llm_agent,DISRUPTED,145297.100000,48080.000000,320.000000,8800.000000,1388.100000,51129.000000,2460.000000,33120.000000,0.378863,0.772559,368,17043,80,0.036364,20.500000,4,22,880,26,0.000000,0.000000,0.000000,2455.458880,,True
heavy_port_disruption_comparison,primary_port_extended_closure_with_congestion,30,1072,heuristic,UNDISRUPTED,148311.000000,26080.000000,0.000000,0.000000,1316.000000,84645.000000,0.000000,36270.000000,0.000000,0.749378,403,28215,0,0.000000,0.000000,0,0,0,0,0.000000,0.000000,0.000000,0.000000,,True
heavy_port_disruption_comparison,primary_port_extended_closure_with_congestion,30,1072,heuristic,DISRUPTED,173611.000000,26560.000000,160.000000,0.000000,1316.000000,101685.000000,7620.000000,36270.000000,0.000000,0.749378,403,33895,760,0.345455,6.684211,2,0,0,75,0.000000,0.000000,0.000000,0.007079,,True
heavy_port_disruption_comparison,primary_port_extended_closure_with_congestion,30,1072,llm_agent,UNDISRUPTED,148311.000000,26080.000000,0.000000,0.000000,1316.000000,84645.000000,0.000000,36270.000000,0.000000,0.749378,403,28215,0,0.000000,0.000000,0,0,0,0,0.000000,0.000000,0.000000,0.000000,,True
heavy_port_disruption_comparison,primary_port_extended_closure_with_congestion,30,1072,llm_agent,DISRUPTED,152457.200000,40080.000000,320.000000,5600.000000,1316.200000,67371.000000,1500.000000,36270.000000,0.112562,0.749378,403,22457,80,0.036364,12.500000,4,14,560,18,0.000000,0.000000,0.000000,2637.447792,,True
heavy_port_disruption_comparison,primary_port_extended_closure_with_congestion,31,1073,heuristic,UNDISRUPTED,137924.000000,26080.000000,0.000000,0.000000,1312.000000,77322.000000,0.000000,33210.000000,0.000000,0.766603,369,25774,0,0.000000,0.000000,0,0,0,0,0.000000,0.000000,0.000000,0.000000,,True
heavy_port_disruption_comparison,primary_port_extended_closure_with_congestion,31,1073,heuristic,DISRUPTED,200664.000000,26560.000000,160.000000,0.000000,1552.000000,117282.000000,14700.000000,40410.000000,0.000000,0.716003,449,39094,1080,0.500000,9.074074,2,0,0,126,0.000000,0.000000,0.000000,0.006012,,True
heavy_port_disruption_comparison,primary_port_extended_closure_with_congestion,31,1073,llm_agent,UNDISRUPTED,137924.000000,26080.000000,0.000000,0.000000,1312.000000,77322.000000,0.000000,33210.000000,0.000000,0.766603,369,25774,0,0.000000,0.000000,0,0,0,0,0.000000,0.000000,0.000000,0.000000,,True
heavy_port_disruption_comparison,primary_port_extended_closure_with_congestion,31,1073,llm_agent,DISRUPTED,145621.200000,46080.000000,320.000000,8000.000000,1353.200000,54438.000000,2220.000000,33210.000000,0.330803,0.766603,369,18146,80,0.037037,18.500000,4,20,800,24,0.000000,0.000000,0.000000,2949.484399,0,True
heavy_port_disruption_comparison,primary_port_extended_closure_with_congestion,32,1074,heuristic,UNDISRUPTED,138218.000000,26080.000000,0.000000,0.000000,1312.000000,77376.000000,60.000000,33390.000000,0.000000,0.769851,371,25792,40,0.018519,1.000000,0,0,0,0,0.000000,0.000000,0.000000,0.000000,,True
heavy_port_disruption_comparison,primary_port_extended_closure_with_congestion,32,1074,heuristic,DISRUPTED,322350.000000,27040.000000,320.000000,0.000000,2604.000000,169776.000000,16860.000000,105750.000000,0.000000,0.323201,1091,56592,1200,0.638298,9.366667,4,0,0,134,0.000000,0.000000,0.000000,0.006657,,True
heavy_port_disruption_comparison,primary_port_extended_closure_with_congestion,32,1074,llm_agent,UNDISRUPTED,138218.000000,26080.000000,0.000000,0.000000,1312.000000,77376.000000,60.000000,33390.000000,0.000000,0.769851,371,25792,40,0.018519,1.000000,0,0,0,0,0.000000,0.000000,0.000000,0.000000,,True
heavy_port_disruption_comparison,primary_port_extended_closure_with_congestion,32,1074,llm_agent,DISRUPTED,147142.900000,48080.000000,320.000000,8800.000000,1379.900000,52653.000000,2520.000000,33390.000000,0.374690,0.769851,371,17551,120,0.055556,14.000000,4,22,880,26,0.000000,0.000000,0.000000,2534.590372,0,True
heavy_port_disruption_comparison,primary_port_extended_closure_with_congestion,33,1075,heuristic,UNDISRUPTED,119568.000000,26080.000000,0.000000,0.000000,1316.000000,64902.000000,0.000000,27270.000000,0.000000,0.805395,303,21634,0,0.000000,0.000000,0,0,0,0,0.000000,0.000000,0.000000,0.000000,,True
heavy_port_disruption_comparison,primary_port_extended_closure_with_congestion,33,1075,heuristic,DISRUPTED,209820.000000,26080.000000,0.000000,0.000000,2228.000000,115302.000000,10140.000000,56070.000000,0.000000,0.599872,623,38434,880,0.407407,7.681818,0,0,0,98,0.000000,0.000000,0.000000,0.006088,,True
heavy_port_disruption_comparison,primary_port_extended_closure_with_congestion,33,1075,llm_agent,UNDISRUPTED,119568.000000,26080.000000,0.000000,0.000000,1316.000000,64902.000000,0.000000,27270.000000,0.000000,0.805395,303,21634,0,0.000000,0.000000,0,0,0,0,0.000000,0.000000,0.000000,0.000000,,True
heavy_port_disruption_comparison,primary_port_extended_closure_with_congestion,33,1075,llm_agent,DISRUPTED,127122.900000,42080.000000,320.000000,6400.000000,1393.900000,47919.000000,1740.000000,27270.000000,0.303147,0.805395,303,15973,80,0.037037,14.500000,4,16,640,20,0.000000,0.000000,0.000000,3517.776704,,True
heavy_port_disruption_comparison,primary_port_extended_closure_with_congestion,34,1076,heuristic,UNDISRUPTED,158820.000000,26080.000000,0.000000,0.000000,1316.000000,90744.000000,0.000000,40680.000000,0.000000,0.727218,452,30248,0,0.000000,0.000000,0,0,0,0,0.000000,0.000000,0.000000,0.000000,,True
heavy_port_disruption_comparison,primary_port_extended_closure_with_congestion,34,1076,heuristic,DISRUPTED,329056.000000,26800.000000,240.000000,0.000000,2532.000000,175704.000000,15600.000000,108180.000000,0.000000,0.316838,1132,58568,1120,0.583333,9.285714,3,0,0,129,0.000000,0.000000,0.000000,0.006171,,True
heavy_port_disruption_comparison,primary_port_extended_closure_with_congestion,34,1076,llm_agent,UNDISRUPTED,158820.000000,26080.000000,0.000000,0.000000,1316.000000,90744.000000,0.000000,40680.000000,0.000000,0.727218,452,30248,0,0.000000,0.000000,0,0,0,0,0.000000,0.000000,0.000000,0.000000,,True
heavy_port_disruption_comparison,primary_port_extended_closure_with_congestion,34,1076,llm_agent,DISRUPTED,158373.300000,47080.000000,320.000000,8400.000000,1200.300000,61953.000000,2340.000000,37080.000000,0.188292,0.751358,412,20651,80,0.037037,19.500000,4,21,840,25,0.000000,0.000000,0.000000,3359.404112,,True
heavy_port_disruption_comparison,primary_port_extended_closure_with_congestion,35,1077,heuristic,UNDISRUPTED,141440.000000,26080.000000,0.000000,0.000000,1312.000000,79308.000000,0.000000,34740.000000,0.000000,0.762169,386,26436,0,0.000000,0.000000,0,0,0,0,0.000000,0.000000,0.000000,0.000000,,True
heavy_port_disruption_comparison,primary_port_extended_closure_with_congestion,35,1077,heuristic,DISRUPTED,286396.000000,26320.000000,80.000000,0.000000,2608.000000,155508.000000,13860.000000,88020.000000,0.000000,0.417129,946,51836,1040,0.509804,8.884615,1,0,0,123,0.000000,0.000000,0.000000,0.006034,,True
heavy_port_disruption_comparison,primary_port_extended_closure_with_congestion,35,1077,llm_agent,UNDISRUPTED,141440.000000,26080.000000,0.000000,0.000000,1312.000000,79308.000000,0.000000,34740.000000,0.000000,0.762169,386,26436,0,0.000000,0.000000,0,0,0,0,0.000000,0.000000,0.000000,0.000000,,True
heavy_port_disruption_comparison,primary_port_extended_closure_with_congestion,35,1077,llm_agent,DISRUPTED,147999.700000,45080.000000,320.000000,7600.000000,1330.700000,56829.000000,2100.000000,34740.000000,0.306839,0.762169,386,18943,80,0.037037,17.500000,4,19,760,23,0.000000,0.000000,0.000000,3005.784830,,True
heavy_port_disruption_comparison,primary_port_extended_closure_with_congestion,36,1078,heuristic,UNDISRUPTED,149859.000000,26080.000000,0.000000,0.000000,1436.000000,84003.000000,0.000000,38340.000000,0.000000,0.734248,426,28001,0,0.000000,0.000000,0,0,0,0,0.000000,0.000000,0.000000,0.000000,,True
heavy_port_disruption_comparison,primary_port_extended_closure_with_congestion,36,1078,heuristic,DISRUPTED,205159.000000,26560.000000,160.000000,0.000000,1556.000000,120243.000000,14700.000000,41940.000000,0.000000,0.709295,466,40081,1080,0.500000,9.074074,2,0,0,126,0.000000,0.000000,0.000000,0.006251,,True
heavy_port_disruption_comparison,primary_port_extended_closure_with_congestion,36,1078,llm_agent,UNDISRUPTED,149859.000000,26080.000000,0.000000,0.000000,1436.000000,84003.000000,0.000000,38340.000000,0.000000,0.734248,426,28001,0,0.000000,0.000000,0,0,0,0,0.000000,0.000000,0.000000,0.000000,,True
heavy_port_disruption_comparison,primary_port_extended_closure_with_congestion,36,1078,llm_agent,DISRUPTED,156892.800000,46080.000000,320.000000,8000.000000,1455.800000,60477.000000,2220.000000,38340.000000,0.313787,0.734248,426,20159,80,0.037037,18.500000,4,20,800,24,0.000000,0.000000,0.000000,3278.356698,0,True
heavy_port_disruption_comparison,primary_port_extended_closure_with_congestion,37,1079,heuristic,UNDISRUPTED,131639.000000,26400.000000,0.000000,0.000000,1316.000000,73683.000000,0.000000,30240.000000,0.000000,0.781107,336,24561,0,0.000000,0.000000,0,0,0,0,0.000000,0.000000,0.000000,0.000000,,True
heavy_port_disruption_comparison,primary_port_extended_closure_with_congestion,37,1079,heuristic,DISRUPTED,264571.000000,26880.000000,160.000000,0.000000,2568.000000,145803.000000,14820.000000,74340.000000,0.000000,0.468404,816,48601,1080,0.509434,9.148148,2,0,0,127,0.000000,0.000000,0.000000,0.006154,,True
heavy_port_disruption_comparison,primary_port_extended_closure_with_congestion,37,1079,llm_agent,UNDISRUPTED,131639.000000,26400.000000,0.000000,0.000000,1316.000000,73683.000000,0.000000,30240.000000,0.000000,0.781107,336,24561,0,0.000000,0.000000,0,0,0,0,0.000000,0.000000,0.000000,0.000000,,True
heavy_port_disruption_comparison,primary_port_extended_closure_with_congestion,37,1079,llm_agent,DISRUPTED,139581.600000,46400.000000,320.000000,8000.000000,1380.600000,51021.000000,2220.000000,30240.000000,0.332248,0.781107,336,17007,80,0.037037,18.500000,4,20,800,24,0.000000,0.000000,0.000000,2657.017632,0,True
heavy_port_disruption_comparison,primary_port_extended_closure_with_congestion,38,1080,heuristic,UNDISRUPTED,133146.000000,26080.000000,0.000000,0.000000,1316.000000,74700.000000,0.000000,31050.000000,0.000000,0.779271,345,24900,0,0.000000,0.000000,0,0,0,0,0.000000,0.000000,0.000000,0.000000,,True
heavy_port_disruption_comparison,primary_port_extended_closure_with_congestion,38,1080,heuristic,DISRUPTED,295382.000000,27040.000000,320.000000,0.000000,2432.000000,155460.000000,16380.000000,93750.000000,0.000000,0.369802,985,51820,1160,0.591837,9.413793,4,0,0,132,0.000000,0.000000,0.000000,0.006406,,True
heavy_port_disruption_comparison,primary_port_extended_closure_with_congestion,38,1080,llm_agent,UNDISRUPTED,133146.000000,26080.000000,0.000000,0.000000,1316.000000,74700.000000,0.000000,31050.000000,0.000000,0.779271,345,24900,0,0.000000,0.000000,0,0,0,0,0.000000,0.000000,0.000000,0.000000,,True
heavy_port_disruption_comparison,primary_port_extended_closure_with_congestion,38,1080,llm_agent,DISRUPTED,127596.100000,48080.000000,320.000000,8800.000000,1153.100000,42933.000000,2460.000000,23850.000000,0.385157,0.830454,265,14311,80,0.037037,20.500000,4,22,880,26,0.000000,0.000000,0.000000,2577.601003,0,True
heavy_port_disruption_comparison,primary_port_extended_closure_with_congestion,39,1081,heuristic,UNDISRUPTED,141155.000000,26080.000000,0.000000,0.000000,1312.000000,79593.000000,60.000000,34110.000000,0.000000,0.763421,379,26531,40,0.018519,1.000000,0,0,0,1,0.000000,0.000000,0.000000,0.024167,,True
heavy_port_disruption_comparison,primary_port_extended_closure_with_congestion,39,1081,heuristic,DISRUPTED,166395.000000,26560.000000,160.000000,0.000000,1312.000000,96633.000000,7620.000000,34110.000000,0.000000,0.763421,379,32211,760,0.351852,6.684211,2,0,0,75,0.000000,0.000000,0.000000,0.006651,,True
heavy_port_disruption_comparison,primary_port_extended_closure_with_congestion,39,1081,llm_agent,UNDISRUPTED,141235.000000,26080.000000,80.000000,0.000000,1312.000000,79593.000000,60.000000,34110.000000,0.000000,0.763421,379,26531,40,0.018519,1.000000,1,0,0,1,0.000000,0.000000,0.000000,3205.267791,,True
heavy_port_disruption_comparison,primary_port_extended_closure_with_congestion,39,1081,llm_agent,DISRUPTED,145648.200000,40080.000000,320.000000,5600.000000,1329.200000,62709.000000,1500.000000,34110.000000,0.176030,0.763421,379,20903,80,0.037037,12.500000,4,14,560,18,0.000000,0.000000,0.000000,2436.790474,,True
heavy_port_disruption_comparison,primary_port_extended_closure_with_congestion,40,1082,heuristic,UNDISRUPTED,150383.000000,26080.000000,0.000000,0.000000,1312.000000,86451.000000,0.000000,36540.000000,0.000000,0.750154,406,28817,0,0.000000,0.000000,0,0,0,0,0.000000,0.000000,0.000000,0.000000,,True
heavy_port_disruption_comparison,primary_port_extended_closure_with_congestion,40,1082,heuristic,DISRUPTED,280527.000000,26320.000000,80.000000,0.000000,2556.000000,156891.000000,14040.000000,80640.000000,0.000000,0.454769,886,52297,1040,0.490566,9.000000,1,0,0,123,0.000000,0.000000,0.000000,0.006585,,True
heavy_port_disruption_comparison,primary_port_extended_closure_with_congestion,40,1082,llm_agent,UNDISRUPTED,150383.000000,26080.000000,0.000000,0.000000,1312.000000,86451.000000,0.000000,36540.000000,0.000000,0.750154,406,28817,0,0.000000,0.000000,0,0,0,0,0.000000,0.000000,0.000000,0.000000,,True
heavy_port_disruption_comparison,primary_port_extended_closure_with_congestion,40,1082,llm_agent,DISRUPTED,156363.000000,45080.000000,320.000000,7600.000000,1312.000000,63411.000000,2100.000000,36540.000000,0.057846,0.750154,406,21137,80,0.037037,17.500000,4,19,760,23,0.000000,0.000000,0.000000,2458.711808,,True
heavy_port_disruption_comparison,primary_port_extended_closure_with_congestion,41,1083,heuristic,UNDISRUPTED,131117.000000,26080.000000,0.000000,0.000000,1312.000000,73215.000000,0.000000,30510.000000,0.000000,0.789572,339,24405,0,0.000000,0.000000,0,0,0,0,0.000000,0.000000,0.000000,0.000000,,True
heavy_port_disruption_comparison,primary_port_extended_closure_with_congestion,41,1083,heuristic,DISRUPTED,199193.000000,26560.000000,160.000000,0.000000,1788.000000,113775.000000,12000.000000,44910.000000,0.000000,0.690255,499,37925,960,0.444444,8.333333,2,0,0,104,0.000000,0.000000,0.000000,0.006617,,True
heavy_port_disruption_comparison,primary_port_extended_closure_with_congestion,41,1083,llm_agent,UNDISRUPTED,131117.000000,26080.000000,0.000000,0.000000,1312.000000,73215.000000,0.000000,30510.000000,0.000000,0.789572,339,24405,0,0.000000,0.000000,0,0,0,0,0.000000,0.000000,0.000000,0.000000,,True
heavy_port_disruption_comparison,primary_port_extended_closure_with_congestion,41,1083,llm_agent,DISRUPTED,137898.800000,44080.000000,320.000000,7200.000000,1359.800000,52449.000000,1980.000000,30510.000000,0.281813,0.789572,339,17483,80,0.037037,16.500000,4,18,720,22,0.000000,0.000000,0.000000,2221.421053,,True
heavy_port_disruption_comparison,primary_port_extended_closure_with_congestion,42,1084,heuristic,UNDISRUPTED,129184.000000,26080.000000,0.000000,0.000000,1308.000000,71556.000000,0.000000,30240.000000,0.000000,0.790000,336,23852,0,0.000000,0.000000,0,0,0,0,0.000000,0.000000,0.000000,0.000000,,True
heavy_port_disruption_comparison,primary_port_extended_closure_with_congestion,42,1084,heuristic,DISRUPTED,300180.000000,28960.000000,960.000000,0.000000,2624.000000,160716.000000,18720.000000,88200.000000,0.000000,0.415000,936,53572,1280,0.640000,9.750000,12,0,0,126,0.000000,0.000000,0.000000,0.006358,,True
heavy_port_disruption_comparison,primary_port_extended_closure_with_congestion,42,1084,llm_agent,UNDISRUPTED,129184.000000,26080.000000,0.000000,0.000000,1308.000000,71556.000000,0.000000,30240.000000,0.000000,0.790000,336,23852,0,0.000000,0.000000,0,0,0,0,0.000000,0.000000,0.000000,0.000000,,True
heavy_port_disruption_comparison,primary_port_extended_closure_with_congestion,42,1084,llm_agent,DISRUPTED,141250.500000,53080.000000,320.000000,10800.000000,1429.500000,42321.000000,3060.000000,30240.000000,0.493125,0.790000,336,14107,80,0.037037,25.500000,4,27,1080,31,0.000000,0.000000,0.000000,2467.197204,0,True
heavy_port_disruption_comparison,primary_port_extended_closure_with_congestion,43,1085,heuristic,UNDISRUPTED,147773.000000,26080.000000,0.000000,0.000000,1312.000000,84471.000000,0.000000,35910.000000,0.000000,0.753247,399,28157,0,0.000000,0.000000,0,0,0,0,0.000000,0.000000,0.000000,0.000000,,True
heavy_port_disruption_comparison,primary_port_extended_closure_with_congestion,43,1085,heuristic,DISRUPTED,317661.000000,27280.000000,400.000000,0.000000,2620.000000,174351.000000,19140.000000,93870.000000,0.000000,0.382189,999,58117,1240,0.620000,10.290323,5,0,0,145,0.000000,0.000000,0.000000,0.006114,,True
heavy_port_disruption_comparison,primary_port_extended_closure_with_congestion,43,1085,llm_agent,UNDISRUPTED,147773.000000,26080.000000,0.000000,0.000000,1312.000000,84471.000000,0.000000,35910.000000,0.000000,0.753247,399,28157,0,0.000000,0.000000,0,0,0,0,0.000000,0.000000,0.000000,0.000000,,True
heavy_port_disruption_comparison,primary_port_extended_closure_with_congestion,43,1085,llm_agent,DISRUPTED,159213.000000,49080.000000,480.000000,9200.000000,1312.000000,59271.000000,3960.000000,35910.000000,0.009895,0.753247,399,19757,120,0.055556,22.000000,6,23,920,29,0.000000,0.000000,0.000000,2475.287496,,True
heavy_port_disruption_comparison,primary_port_extended_closure_with_congestion,44,1086,heuristic,UNDISRUPTED,125976.000000,26080.000000,0.000000,0.000000,1316.000000,70140.000000,0.000000,28440.000000,0.000000,0.796260,316,23380,0,0.000000,0.000000,0,0,0,0,0.000000,0.000000,0.000000,0.000000,,True
heavy_port_disruption_comparison,primary_port_extended_closure_with_congestion,44,1086,heuristic,DISRUPTED,291452.000000,26800.000000,240.000000,0.000000,2632.000000,155100.000000,15540.000000,91140.000000,0.000000,0.383623,956,51700,1120,0.571429,9.250000,3,0,0,129,0.000000,0.000000,0.000000,0.005937,,True
heavy_port_disruption_comparison,primary_port_extended_closure_with_congestion,44,1086,llm_agent,UNDISRUPTED,125976.000000,26080.000000,0.000000,0.000000,1316.000000,70140.000000,0.000000,28440.000000,0.000000,0.796260,316,23380,0,0.000000,0.000000,0,0,0,0,0.000000,0.000000,0.000000,0.000000,,True
heavy_port_disruption_comparison,primary_port_extended_closure_with_congestion,44,1086,llm_agent,DISRUPTED,127439.400000,47080.000000,320.000000,8400.000000,1277.400000,43182.000000,2340.000000,24840.000000,0.379110,0.822050,276,14394,80,0.037037,19.500000,4,21,840,25,0.000000,0.000000,0.000000,2200.125607,0,True
heavy_port_disruption_comparison,primary_port_extended_closure_with_congestion,45,1087,heuristic,UNDISRUPTED,149845.000000,26080.000000,0.000000,0.000000,1308.000000,85467.000000,0.000000,36990.000000,0.000000,0.741672,411,28489,0,0.000000,0.000000,0,0,0,0,0.000000,0.000000,0.000000,0.000000,,True
heavy_port_disruption_comparison,primary_port_extended_closure_with_congestion,45,1087,heuristic,DISRUPTED,337777.000000,28240.000000,720.000000,0.000000,2520.000000,180987.000000,20820.000000,104490.000000,0.000000,0.314268,1091,60329,1360,0.708333,10.205882,9,0,0,147,0.000000,0.000000,0.000000,0.006456,,True
heavy_port_disruption_comparison,primary_port_extended_closure_with_congestion,45,1087,llm_agent,UNDISRUPTED,149845.000000,26080.000000,0.000000,0.000000,1308.000000,85467.000000,0.000000,36990.000000,0.000000,0.741672,411,28489,0,0.000000,0.000000,0,0,0,0,0.000000,0.000000,0.000000,0.000000,,True
heavy_port_disruption_comparison,primary_port_extended_closure_with_congestion,45,1087,llm_agent,DISRUPTED,151661.100000,53080.000000,320.000000,10800.000000,1211.100000,49800.000000,3060.000000,33390.000000,0.399749,0.766813,371,16600,80,0.037037,25.500000,4,27,1080,31,0.000000,0.000000,0.000000,2471.805190,0,True
heavy_port_disruption_comparison,primary_port_extended_closure_with_congestion,46,1088,heuristic,UNDISRUPTED,142976.000000,26080.000000,0.000000,0.000000,1312.000000,81834.000000,0.000000,33750.000000,0.000000,0.765038,375,27278,0,0.000000,0.000000,0,0,0,0,0.000000,0.000000,0.000000,0.000000,,True
heavy_port_disruption_comparison,primary_port_extended_closure_with_congestion,46,1088,heuristic,DISRUPTED,310464.000000,28480.000000,800.000000,0.000000,2280.000000,165834.000000,21360.000000,91710.000000,0.000000,0.389098,975,55278,1360,0.680000,10.470588,10,0,0,150,0.000000,0.000000,0.000000,0.006115,,True
heavy_port_disruption_comparison,primary_port_extended_closure_with_congestion,46,1088,llm_agent,UNDISRUPTED,142976.000000,26080.000000,0.000000,0.000000,1312.000000,81834.000000,0.000000,33750.000000,0.000000,0.765038,375,27278,0,0.000000,0.000000,0,0,0,0,0.000000,0.000000,0.000000,0.000000,,True
heavy_port_disruption_comparison,primary_port_extended_closure_with_congestion,46,1088,llm_agent,DISRUPTED,123700.400000,54080.000000,320.000000,11200.000000,884.400000,34686.000000,3180.000000,19350.000000,0.462406,0.865288,215,11562,80,0.037037,26.500000,4,28,1120,32,0.000000,0.000000,0.000000,2374.377283,0,True
heavy_port_disruption_comparison,primary_port_extended_closure_with_congestion,47,1089,heuristic,UNDISRUPTED,143751.000000,26200.000000,0.000000,0.000000,1316.000000,82035.000000,0.000000,34200.000000,0.000000,0.762500,380,27345,0,0.000000,0.000000,0,0,0,0,0.000000,0.000000,0.000000,0.000000,,True
heavy_port_disruption_comparison,primary_port_extended_closure_with_congestion,47,1089,heuristic,DISRUPTED,320455.000000,28840.000000,880.000000,0.000000,2360.000000,170475.000000,21000.000000,96900.000000,0.000000,0.362500,1020,56825,1320,0.660000,10.606061,11,0,0,143,0.000000,0.000000,0.000000,0.006006,,True
heavy_port_disruption_comparison,primary_port_extended_closure_with_congestion,47,1089,llm_agent,UNDISRUPTED,143751.000000,26200.000000,0.000000,0.000000,1316.000000,82035.000000,0.000000,34200.000000,0.000000,0.762500,380,27345,0,0.000000,0.000000,0,0,0,0,0.000000,0.000000,0.000000,0.000000,,True
heavy_port_disruption_comparison,primary_port_extended_closure_with_congestion,47,1089,llm_agent,DISRUPTED,124629.900000,54200.000000,320.000000,11200.000000,877.900000,35052.000000,3180.000000,19800.000000,0.461875,0.862500,220,11684,80,0.036364,26.500000,4,28,1120,32,0.000000,0.000000,0.000000,2428.328848,0,True
heavy_port_disruption_comparison,primary_port_extended_closure_with_congestion,48,1090,heuristic,UNDISRUPTED,146346.000000,26200.000000,0.000000,0.000000,1304.000000,82752.000000,0.000000,36090.000000,0.000000,0.753079,401,27584,0,0.000000,0.000000,0,0,0,0,0.000000,0.000000,0.000000,0.000000,,True
heavy_port_disruption_comparison,primary_port_extended_closure_with_congestion,48,1090,heuristic,DISRUPTED,330010.000000,28360.000000,720.000000,0.000000,2628.000000,178872.000000,20640.000000,98790.000000,0.000000,0.358990,1041,59624,1360,0.693878,10.117647,9,0,0,147,0.000000,0.000000,0.000000,0.006133,,True
heavy_port_disruption_comparison,primary_port_extended_closure_with_congestion,48,1090,llm_agent,UNDISRUPTED,146346.000000,26200.000000,0.000000,0.000000,1304.000000,82752.000000,0.000000,36090.000000,0.000000,0.753079,401,27584,0,0.000000,0.000000,0,0,0,0,0.000000,0.000000,0.000000,0.000000,,True
heavy_port_disruption_comparison,primary_port_extended_closure_with_congestion,48,1090,llm_agent,DISRUPTED,148416.300000,53200.000000,320.000000,10800.000000,1215.300000,47331.000000,3060.000000,32490.000000,0.468596,0.777709,361,15777,80,0.037037,25.500000,4,27,1080,31,0.000000,0.000000,0.000000,2513.456801,0,True
heavy_port_disruption_comparison,primary_port_extended_closure_with_congestion,49,1091,heuristic,UNDISRUPTED,116785.000000,26080.000000,0.000000,0.000000,1308.000000,63297.000000,0.000000,26100.000000,0.000000,0.813744,290,21099,0,0.000000,0.000000,0,0,0,0,0.000000,0.000000,0.000000,0.000000,,True
heavy_port_disruption_comparison,primary_port_extended_closure_with_congestion,49,1091,heuristic,DISRUPTED,280433.000000,27280.000000,400.000000,0.000000,2376.000000,144177.000000,17400.000000,88800.000000,0.000000,0.402697,930,48059,1160,0.591837,10.000000,5,0,0,133,0.000000,0.000000,0.000000,0.006028,,True
heavy_port_disruption_comparison,primary_port_extended_closure_with_congestion,49,1091,llm_agent,UNDISRUPTED,116785.000000,26080.000000,0.000000,0.000000,1308.000000,63297.000000,0.000000,26100.000000,0.000000,0.813744,290,21099,0,0.000000,0.000000,0,0,0,0,0.000000,0.000000,0.000000,0.000000,,True
heavy_port_disruption_comparison,primary_port_extended_closure_with_congestion,49,1091,llm_agent,DISRUPTED,107260.300000,49080.000000,320.000000,9200.000000,1134.300000,29646.000000,2580.000000,15300.000000,0.495183,0.890816,170,9882,80,0.037037,21.500000,4,23,920,27,0.000000,0.000000,0.000000,2350.223119,0,True
heavy_port_disruption_comparison,primary_port_extended_closure_with_congestion,50,1092,heuristic,UNDISRUPTED,130891.000000,26080.000000,0.000000,0.000000,1308.000000,73623.000000,0.000000,29880.000000,0.000000,0.788938,332,24541,0,0.000000,0.000000,0,0,0,0,0.000000,0.000000,0.000000,0.000000,,True
heavy_port_disruption_comparison,primary_port_extended_closure_with_congestion,50,1092,heuristic,DISRUPTED,289943.000000,28240.000000,720.000000,0.000000,2140.000000,150903.000000,20100.000000,87840.000000,0.000000,0.407502,932,50301,1200,0.600000,11.166667,9,0,0,155,0.000000,0.000000,0.000000,0.004689,,True
heavy_port_disruption_comparison,primary_port_extended_closure_with_congestion,50,1092,llm_agent,UNDISRUPTED,130891.000000,26080.000000,0.000000,0.000000,1308.000000,73623.000000,0.000000,29880.000000,0.000000,0.788938,332,24541,0,0.000000,0.000000,0,0,0,0,0.000000,0.000000,0.000000,0.000000,,True
heavy_port_disruption_comparison,primary_port_extended_closure_with_congestion,50,1092,llm_agent,DISRUPTED,99116.900000,52080.000000,320.000000,10400.000000,706.900000,24270.000000,3060.000000,8280.000000,0.471710,0.941513,92,8090,80,0.037037,25.500000,4,26,1040,30,0.000000,0.000000,0.000000,2412.231621,0,True
heavy_port_disruption_comparison,primary_port_extended_closure_with_congestion,51,1093,heuristic,UNDISRUPTED,127751.000000,26080.000000,0.000000,0.000000,1312.000000,70689.000000,60.000000,29610.000000,0.000000,0.792298,329,23563,40,0.018519,1.000000,0,0,0,0,0.000000,0.000000,0.000000,0.000000,,True
heavy_port_disruption_comparison,primary_port_extended_closure_with_congestion,51,1093,heuristic,DISRUPTED,252035.000000,26080.000000,0.000000,0.000000,2536.000000,139569.000000,14640.000000,69210.000000,0.000000,0.514520,769,46523,1080,0.500000,9.037037,0,0,0,130,0.000000,0.000000,0.000000,0.006423,,True
heavy_port_disruption_comparison,primary_port_extended_closure_with_congestion,51,1093,llm_agent,UNDISRUPTED,127751.000000,26080.000000,0.000000,0.000000,1312.000000,70689.000000,60.000000,29610.000000,0.000000,0.792298,329,23563,40,0.018519,1.000000,0,0,0,0,0.000000,0.000000,0.000000,0.000000,,True
heavy_port_disruption_comparison,primary_port_extended_closure_with_congestion,51,1093,llm_agent,DISRUPTED,137451.800000,44080.000000,480.000000,7200.000000,1328.800000,51633.000000,3120.000000,29610.000000,0.285985,0.792298,329,17211,160,0.074074,13.000000,6,18,720,24,0.000000,0.000000,0.000000,2588.353153,0,True
heavy_port_disruption_comparison,primary_port_extended_closure_with_congestion,52,1094,heuristic,UNDISRUPTED,124207.000000,26080.000000,0.000000,0.000000,1308.000000,68769.000000,60.000000,27990.000000,0.000000,0.800896,311,22923,40,0.018519,1.000000,0,0,0,0,0.000000,0.000000,0.000000,0.000000,,True
heavy_port_disruption_comparison,primary_port_extended_closure_with_congestion,52,1094,heuristic,DISRUPTED,283771.000000,26320.000000,80.000000,0.000000,2632.000000,150129.000000,13920.000000,90690.000000,0.000000,0.391165,951,50043,1080,0.551020,8.592593,1,0,0,123,0.000000,0.000000,0.000000,0.006387,,True
heavy_port_disruption_comparison,primary_port_extended_closure_with_congestion,52,1094,llm_agent,UNDISRUPTED,124207.000000,26080.000000,0.000000,0.000000,1308.000000,68769.000000,60.000000,27990.000000,0.000000,0.800896,311,22923,40,0.018519,1.000000,0,0,0,0,0.000000,0.000000,0.000000,0.000000,,True
heavy_port_disruption_comparison,primary_port_extended_closure_with_congestion,52,1094,llm_agent,DISRUPTED,124825.800000,45080.000000,320.000000,7600.000000,1262.800000,44013.000000,2160.000000,24390.000000,0.352113,0.826504,271,14671,120,0.055556,12.000000,4,19,760,23,0.000000,0.000000,0.000000,2472.402444,0,True
heavy_port_disruption_comparison,primary_port_extended_closure_with_congestion,53,1095,heuristic,UNDISRUPTED,135359.000000,26080.000000,0.000000,0.000000,1312.000000,75657.000000,0.000000,32310.000000,0.000000,0.775765,359,25219,0,0.000000,0.000000,0,0,0,0,0.000000,0.000000,0.000000,0.000000,,True
heavy_port_disruption_comparison,primary_port_extended_closure_with_congestion,53,1095,heuristic,DISRUPTED,298275.000000,28240.000000,720.000000,0.000000,2228.000000,156297.000000,20520.000000,90270.000000,0.000000,0.400999,959,52099,1280,0.640000,10.687500,9,0,0,147,0.000000,0.000000,0.000000,0.006730,,True
heavy_port_disruption_comparison,primary_port_extended_closure_with_congestion,53,1095,llm_agent,UNDISRUPTED,135359.000000,26080.000000,0.000000,0.000000,1312.000000,75657.000000,0.000000,32310.000000,0.000000,0.775765,359,25219,0,0.000000,0.000000,0,0,0,0,0.000000,0.000000,0.000000,0.000000,,True
heavy_port_disruption_comparison,primary_port_extended_closure_with_congestion,53,1095,llm_agent,DISRUPTED,110614.700000,53080.000000,320.000000,10800.000000,826.700000,28218.000000,3060.000000,14310.000000,0.506558,0.900687,159,9406,80,0.037037,25.500000,4,27,1080,31,0.000000,0.000000,0.000000,2363.861792,0,True
heavy_port_disruption_comparison,primary_port_extended_closure_with_congestion,54,1096,heuristic,UNDISRUPTED,146399.000000,26080.000000,0.000000,0.000000,1432.000000,81897.000000,0.000000,36990.000000,0.000000,0.738550,411,27299,0,0.000000,0.000000,0,0,0,0,0.000000,0.000000,0.000000,0.000000,,True
heavy_port_disruption_comparison,primary_port_extended_closure_with_congestion,54,1096,heuristic,DISRUPTED,201679.000000,26320.000000,80.000000,0.000000,1912.000000,114177.000000,7800.000000,51390.000000,0.000000,0.636768,571,38059,760,0.351852,6.842105,1,0,0,77,0.000000,0.000000,0.000000,0.007288,,True
heavy_port_disruption_comparison,primary_port_extended_closure_with_congestion,54,1096,llm_agent,UNDISRUPTED,146399.000000,26080.000000,0.000000,0.000000,1432.000000,81897.000000,0.000000,36990.000000,0.000000,0.738550,411,27299,0,0.000000,0.000000,0,0,0,0,0.000000,0.000000,0.000000,0.000000,,True
heavy_port_disruption_comparison,primary_port_extended_closure_with_congestion,54,1096,llm_agent,DISRUPTED,151382.600000,40080.000000,320.000000,5600.000000,1447.600000,65445.000000,1500.000000,36990.000000,0.169847,0.738550,411,21815,80,0.037037,12.500000,4,14,560,18,0.000000,0.000000,0.000000,2822.475930,,True
heavy_port_disruption_comparison,primary_port_extended_closure_with_congestion,55,1097,heuristic,UNDISRUPTED,134450.000000,26080.000000,0.000000,0.000000,1312.000000,75108.000000,0.000000,31950.000000,0.000000,0.779640,355,25036,0,0.000000,0.000000,0,0,0,0,0.000000,0.000000,0.000000,0.000000,,True
heavy_port_disruption_comparison,primary_port_extended_closure_with_congestion,55,1097,heuristic,DISRUPTED,264602.000000,26320.000000,80.000000,0.000000,2564.000000,145668.000000,13920.000000,76050.000000,0.000000,0.481688,835,48556,1040,0.490566,8.923077,1,0,0,123,0.000000,0.000000,0.000000,0.006703,,True
heavy_port_disruption_comparison,primary_port_extended_closure_with_congestion,55,1097,llm_agent,UNDISRUPTED,134450.000000,26080.000000,0.000000,0.000000,1312.000000,75108.000000,0.000000,31950.000000,0.000000,0.779640,355,25036,0,0.000000,0.000000,0,0,0,0,0.000000,0.000000,0.000000,0.000000,,True
heavy_port_disruption_comparison,primary_port_extended_closure_with_congestion,55,1097,llm_agent,DISRUPTED,141524.300000,45080.000000,320.000000,7600.000000,1347.300000,53127.000000,2100.000000,31950.000000,0.313470,0.779640,355,17709,80,0.037037,17.500000,4,19,760,23,0.000000,0.000000,0.000000,2347.394355,0,True
heavy_port_disruption_comparison,primary_port_extended_closure_with_congestion,56,1098,heuristic,UNDISRUPTED,136949.000000,26200.000000,0.000000,0.000000,1312.000000,75897.000000,60.000000,33480.000000,0.000000,0.773171,372,25299,40,0.018519,1.000000,0,0,0,0,0.000000,0.000000,0.000000,0.000000,,True
heavy_port_disruption_comparison,primary_port_extended_closure_with_congestion,56,1098,heuristic,DISRUPTED,272845.000000,26920.000000,240.000000,0.000000,2568.000000,149937.000000,15600.000000,77580.000000,0.000000,0.480488,852,49979,1160,0.547170,8.965517,3,0,0,129,0.000000,0.000000,0.000000,0.006147,,True
heavy_port_disruption_comparison,primary_port_extended_closure_with_congestion,56,1098,llm_agent,UNDISRUPTED,136949.000000,26200.000000,0.000000,0.000000,1312.000000,75897.000000,60.000000,33480.000000,0.000000,0.773171,372,25299,40,0.018519,1.000000,0,0,0,0,0.000000,0.000000,0.000000,0.000000,,True
heavy_port_disruption_comparison,primary_port_extended_closure_with_congestion,56,1098,llm_agent,DISRUPTED,145475.500000,47200.000000,320.000000,8400.000000,1373.500000,52302.000000,2400.000000,33480.000000,0.321951,0.773171,372,17434,120,0.055556,13.333333,4,21,840,25,0.000000,0.000000,0.000000,2707.218743,0,True
heavy_port_disruption_comparison,primary_port_extended_closure_with_congestion,57,1099,heuristic,UNDISRUPTED,129482.000000,26080.000000,0.000000,0.000000,1312.000000,71400.000000,0.000000,30690.000000,0.000000,0.786475,341,23800,0,0.000000,0.000000,0,0,0,0,0.000000,0.000000,0.000000,0.000000,,True
heavy_port_disruption_comparison,primary_port_extended_closure_with_congestion,57,1099,heuristic,DISRUPTED,168942.000000,26560.000000,160.000000,0.000000,1312.000000,98280.000000,11940.000000,30690.000000,0.000000,0.786475,341,32760,960,0.444444,8.291667,2,0,0,105,0.000000,0.000000,0.000000,0.006921,,True
heavy_port_disruption_comparison,primary_port_extended_closure_with_congestion,57,1099,llm_agent,UNDISRUPTED,129482.000000,26080.000000,0.000000,0.000000,1312.000000,71400.000000,0.000000,30690.000000,0.000000,0.786475,341,23800,0,0.000000,0.000000,0,0,0,0,0.000000,0.000000,0.000000,0.000000,,True
heavy_port_disruption_comparison,primary_port_extended_closure_with_congestion,57,1099,llm_agent,DISRUPTED,136967.000000,44080.000000,320.000000,7200.000000,1367.000000,51330.000000,1980.000000,30690.000000,0.308704,0.786475,341,17110,80,0.037037,16.500000,4,18,720,22,0.000000,0.000000,0.000000,2420.464886,0,True
heavy_port_disruption_comparison,primary_port_extended_closure_with_congestion,58,1100,heuristic,UNDISRUPTED,150362.000000,26080.000000,0.000000,0.000000,1420.000000,85872.000000,0.000000,36990.000000,0.000000,0.739048,411,28624,0,0.000000,0.000000,0,0,0,0,0.000000,0.000000,0.000000,0.000000,,True
heavy_port_disruption_comparison,primary_port_extended_closure_with_congestion,58,1100,heuristic,DISRUPTED,230302.000000,26080.000000,0.000000,0.000000,2100.000000,131832.000000,11700.000000,58590.000000,0.000000,0.586667,651,43944,920,0.425926,8.478261,0,0,0,116,0.000000,0.000000,0.000000,0.006225,,True
heavy_port_disruption_comparison,primary_port_extended_closure_with_congestion,58,1100,llm_agent,UNDISRUPTED,150362.000000,26080.000000,0.000000,0.000000,1420.000000,85872.000000,0.000000,36990.000000,0.000000,0.739048,411,28624,0,0.000000,0.000000,0,0,0,0,0.000000,0.000000,0.000000,0.000000,,True
heavy_port_disruption_comparison,primary_port_extended_closure_with_congestion,58,1100,llm_agent,DISRUPTED,155382.000000,42080.000000,320.000000,6400.000000,1420.000000,66312.000000,1860.000000,36990.000000,0.126349,0.739048,411,22104,80,0.037037,15.500000,4,16,640,20,0.000000,0.000000,0.000000,2380.961752,,True
heavy_port_disruption_comparison,primary_port_extended_closure_with_congestion,59,1101,heuristic,UNDISRUPTED,131117.000000,26080.000000,0.000000,0.000000,1312.000000,71595.000000,0.000000,32130.000000,0.000000,0.781384,357,23865,0,0.000000,0.000000,0,0,0,0,0.000000,0.000000,0.000000,0.000000,,True
heavy_port_disruption_comparison,primary_port_extended_closure_with_congestion,59,1101,heuristic,DISRUPTED,174417.000000,26560.000000,160.000000,0.000000,1312.000000,100995.000000,13260.000000,32130.000000,0.000000,0.781384,357,33665,1000,0.462963,8.840000,2,0,0,114,0.000000,0.000000,0.000000,0.007209,,True
heavy_port_disruption_comparison,primary_port_extended_closure_with_congestion,59,1101,llm_agent,UNDISRUPTED,131117.000000,26080.000000,0.000000,0.000000,1312.000000,71595.000000,0.000000,32130.000000,0.000000,0.781384,357,23865,0,0.000000,0.000000,0,0,0,0,0.000000,0.000000,0.000000,0.000000,,True
heavy_port_disruption_comparison,primary_port_extended_closure_with_congestion,59,1101,llm_agent,DISRUPTED,139972.500000,45080.000000,320.000000,7600.000000,1412.500000,51330.000000,2100.000000,32130.000000,0.345989,0.781384,357,17110,80,0.037037,17.500000,4,19,760,23,0.000000,0.000000,0.000000,2529.885212,0,True
heavy_port_disruption_comparison,primary_port_extended_closure_with_congestion,60,1102,heuristic,UNDISRUPTED,130245.000000,26080.000000,0.000000,0.000000,1316.000000,72159.000000,0.000000,30690.000000,0.000000,0.789506,341,24053,0,0.000000,0.000000,0,0,0,0,0.000000,0.000000,0.000000,0.000000,,True
heavy_port_disruption_comparison,primary_port_extended_closure_with_congestion,60,1102,heuristic,DISRUPTED,328721.000000,28240.000000,720.000000,0.000000,2632.000000,173439.000000,20640.000000,103050.000000,0.000000,0.345062,1061,57813,1360,0.723404,10.117647,9,0,0,147,0.000000,0.000000,0.000000,0.007130,,True
heavy_port_disruption_comparison,primary_port_extended_closure_with_congestion,60,1102,llm_agent,UNDISRUPTED,130245.000000,26080.000000,0.000000,0.000000,1316.000000,72159.000000,0.000000,30690.000000,0.000000,0.789506,341,24053,0,0.000000,0.000000,0,0,0,0,0.000000,0.000000,0.000000,0.000000,,True
heavy_port_disruption_comparison,primary_port_extended_closure_with_congestion,60,1102,llm_agent,DISRUPTED,142419.100000,53080.000000,320.000000,10800.000000,1437.100000,43032.000000,3060.000000,30690.000000,0.506790,0.789506,341,14344,80,0.037037,25.500000,4,27,1080,31,0.000000,0.000000,0.000000,2272.006535,0,True
heavy_port_disruption_comparison,primary_port_extended_closure_with_congestion,61,1103,heuristic,UNDISRUPTED,133069.000000,26080.000000,0.000000,0.000000,1428.000000,72891.000000,0.000000,32670.000000,0.000000,0.769670,363,24297,0,0.000000,0.000000,0,0,0,0,0.000000,0.000000,0.000000,0.000000,,True
heavy_port_disruption_comparison,primary_port_extended_closure_with_congestion,61,1103,heuristic,DISRUPTED,158409.000000,26320.000000,80.000000,0.000000,1428.000000,90291.000000,7620.000000,32670.000000,0.000000,0.769670,363,30097,760,0.351852,6.684211,1,0,0,77,0.000000,0.000000,0.000000,0.005572,,True
heavy_port_disruption_comparison,primary_port_extended_closure_with_congestion,61,1103,llm_agent,UNDISRUPTED,133069.000000,26080.000000,0.000000,0.000000,1428.000000,72891.000000,0.000000,32670.000000,0.000000,0.769670,363,24297,0,0.000000,0.000000,0,0,0,0,0.000000,0.000000,0.000000,0.000000,,True
heavy_port_disruption_comparison,primary_port_extended_closure_with_congestion,61,1103,llm_agent,DISRUPTED,138561.900000,40080.000000,320.000000,5600.000000,1463.900000,56928.000000,1500.000000,32670.000000,0.211294,0.769670,363,18976,80,0.037037,12.500000,4,14,560,18,0.000000,0.000000,0.000000,2561.314984,,True
heavy_port_disruption_comparison,primary_port_extended_closure_with_congestion,62,1104,heuristic,UNDISRUPTED,139766.000000,26080.000000,0.000000,0.000000,1312.000000,78984.000000,0.000000,33390.000000,0.000000,0.767106,371,26328,0,0.000000,0.000000,0,0,0,0,0.000000,0.000000,0.000000,0.000000,,True
heavy_port_disruption_comparison,primary_port_extended_closure_with_congestion,62,1104,heuristic,DISRUPTED,299766.000000,27520.000000,480.000000,0.000000,2612.000000,164304.000000,18180.000000,86670.000000,0.000000,0.415568,931,54768,1240,0.607843,9.774194,6,0,0,138,0.000000,0.000000,0.000000,0.006487,,True
heavy_port_disruption_comparison,primary_port_extended_closure_with_congestion,62,1104,llm_agent,UNDISRUPTED,139766.000000,26080.000000,0.000000,0.000000,1312.000000,78984.000000,0.000000,33390.000000,0.000000,0.767106,371,26328,0,0.000000,0.000000,0,0,0,0,0.000000,0.000000,0.000000,0.000000,,True
heavy_port_disruption_comparison,primary_port_extended_closure_with_congestion,62,1104,llm_agent,DISRUPTED,148314.100000,50080.000000,320.000000,9600.000000,1347.100000,50877.000000,2700.000000,33390.000000,0.431262,0.767106,371,16959,80,0.037037,22.500000,4,24,960,28,0.000000,0.000000,0.000000,2691.468421,0,True
heavy_port_disruption_comparison,primary_port_extended_closure_with_congestion,63,1105,heuristic,UNDISRUPTED,147767.000000,26080.000000,0.000000,0.000000,1312.000000,83835.000000,0.000000,36540.000000,0.000000,0.750308,406,27945,0,0.000000,0.000000,0,0,0,0,0.000000,0.000000,0.000000,0.000000,,True
heavy_port_disruption_comparison,primary_port_extended_closure_with_congestion,63,1105,heuristic,DISRUPTED,277811.000000,26800.000000,240.000000,0.000000,2536.000000,155955.000000,16140.000000,76140.000000,0.000000,0.479705,846,51985,1120,0.518519,9.607143,3,0,0,132,0.000000,0.000000,0.000000,0.006483,,True
heavy_port_disruption_comparison,primary_port_extended_closure_with_congestion,63,1105,llm_agent,UNDISRUPTED,147767.000000,26080.000000,0.000000,0.000000,1312.000000,83835.000000,0.000000,36540.000000,0.000000,0.750308,406,27945,0,0.000000,0.000000,0,0,0,0,0.000000,0.000000,0.000000,0.000000,,True
heavy_port_disruption_comparison,primary_port_extended_closure_with_congestion,63,1105,llm_agent,DISRUPTED,154729.800000,47080.000000,320.000000,8400.000000,1330.800000,58719.000000,2340.000000,36540.000000,0.322878,0.750308,406,19573,80,0.037037,19.500000,4,21,840,25,0.000000,0.000000,0.000000,2385.061940,0,True
heavy_port_disruption_comparison,primary_port_extended_closure_with_congestion,64,1106,heuristic,UNDISRUPTED,141210.000000,26080.000000,0.000000,0.000000,1316.000000,78354.000000,0.000000,35460.000000,0.000000,0.760777,394,26118,0,0.000000,0.000000,0,0,0,0,0.000000,0.000000,0.000000,0.000000,,True
heavy_port_disruption_comparison,primary_port_extended_closure_with_congestion,64,1106,heuristic,DISRUPTED,180670.000000,26560.000000,160.000000,0.000000,1436.000000,103794.000000,9660.000000,39060.000000,0.000000,0.736491,434,34598,840,0.388889,7.666667,2,0,0,95,0.000000,0.000000,0.000000,0.006986,,True
heavy_port_disruption_comparison,primary_port_extended_closure_with_congestion,64,1106,llm_agent,UNDISRUPTED,141210.000000,26080.000000,0.000000,0.000000,1316.000000,78354.000000,0.000000,35460.000000,0.000000,0.760777,394,26118,0,0.000000,0.000000,0,0,0,0,0.000000,0.000000,0.000000,0.000000,,True
heavy_port_disruption_comparison,primary_port_extended_closure_with_congestion,64,1106,llm_agent,DISRUPTED,147244.300000,41080.000000,320.000000,6000.000000,1351.300000,61293.000000,1740.000000,35460.000000,0.222222,0.760777,394,20431,80,0.037037,14.500000,4,15,600,19,0.000000,0.000000,0.000000,2550.397546,0,True
heavy_port_disruption_comparison,primary_port_extended_closure_with_congestion,65,1107,heuristic,UNDISRUPTED,149586.000000,26080.000000,0.000000,0.000000,1424.000000,83652.000000,0.000000,38430.000000,0.000000,0.736745,427,27884,0,0.000000,0.000000,0,0,0,0,0.000000,0.000000,0.000000,0.000000,,True
heavy_port_disruption_comparison,primary_port_extended_closure_with_congestion,65,1107,heuristic,DISRUPTED,204382.000000,26320.000000,80.000000,0.000000,1660.000000,118332.000000,12360.000000,45630.000000,0.000000,0.687423,507,39444,960,0.444444,8.583333,1,0,0,111,0.000000,0.000000,0.000000,0.006505,,True
heavy_port_disruption_comparison,primary_port_extended_closure_with_congestion,65,1107,llm_agent,UNDISRUPTED,149586.000000,26080.000000,0.000000,0.000000,1424.000000,83652.000000,0.000000,38430.000000,0.000000,0.736745,427,27884,0,0.000000,0.000000,0,0,0,0,0.000000,0.000000,0.000000,0.000000,,True
heavy_port_disruption_comparison,primary_port_extended_closure_with_congestion,65,1107,llm_agent,DISRUPTED,155977.600000,44080.000000,320.000000,7200.000000,1447.600000,62520.000000,1980.000000,38430.000000,0.262639,0.736745,427,20840,80,0.037037,16.500000,4,18,720,22,0.000000,0.000000,0.000000,2507.197466,0,True
heavy_port_disruption_comparison,primary_port_extended_closure_with_congestion,66,1108,heuristic,UNDISRUPTED,120771.000000,26400.000000,0.000000,0.000000,1308.000000,65883.000000,0.000000,27180.000000,0.000000,0.808010,302,21961,0,0.000000,0.000000,0,0,0,0,0.000000,0.000000,0.000000,0.000000,,True
heavy_port_disruption_comparison,primary_port_extended_closure_with_congestion,66,1108,heuristic,DISRUPTED,145431.000000,26400.000000,0.000000,0.000000,1308.000000,82923.000000,7620.000000,27180.000000,0.000000,0.808010,302,27641,760,0.351852,6.684211,0,0,0,79,0.000000,0.000000,0.000000,0.006830,,True
heavy_port_disruption_comparison,primary_port_extended_closure_with_congestion,66,1108,llm_agent,UNDISRUPTED,120771.000000,26400.000000,0.000000,0.000000,1308.000000,65883.000000,0.000000,27180.000000,0.000000,0.808010,302,21961,0,0.000000,0.000000,0,0,0,0,0.000000,0.000000,0.000000,0.000000,,True
heavy_port_disruption_comparison,primary_port_extended_closure_with_congestion,66,1108,llm_agent,DISRUPTED,126313.700000,40400.000000,240.000000,5600.000000,1359.700000,50034.000000,1500.000000,27180.000000,0.230134,0.808010,302,16678,80,0.037037,12.500000,3,14,560,18,0.000000,0.000000,0.000000,2348.068975,,True
heavy_port_disruption_comparison,primary_port_extended_closure_with_congestion,67,1109,heuristic,UNDISRUPTED,158014.000000,26080.000000,0.000000,0.000000,1428.000000,89406.000000,60.000000,41040.000000,0.000000,0.719730,456,29802,40,0.018519,1.000000,0,0,0,1,0.000000,0.000000,0.000000,0.036584,,True
heavy_port_disruption_comparison,primary_port_extended_closure_with_congestion,67,1109,heuristic,DISRUPTED,190954.000000,26080.000000,0.000000,0.000000,1428.000000,112206.000000,10200.000000,41040.000000,0.000000,0.719730,456,37402,920,0.425926,7.391304,0,0,0,99,0.000000,0.000000,0.000000,0.008260,,True
heavy_port_disruption_comparison,primary_port_extended_closure_with_congestion,67,1109,llm_agent,UNDISRUPTED,158094.000000,26080.000000,80.000000,0.000000,1428.000000,89406.000000,60.000000,41040.000000,0.000000,0.719730,456,29802,40,0.018519,1.000000,1,0,0,1,0.000000,0.000000,0.000000,3528.429250,,True
heavy_port_disruption_comparison,primary_port_extended_closure_with_congestion,67,1109,llm_agent,DISRUPTED,163080.800000,42080.000000,400.000000,6400.000000,1430.800000,69930.000000,1800.000000,41040.000000,0.205286,0.719730,456,23310,120,0.055556,10.000000,5,16,640,21,0.000000,0.000000,0.000000,2414.662903,,True
heavy_port_disruption_comparison,primary_port_extended_closure_with_congestion,68,1110,heuristic,UNDISRUPTED,145769.000000,26080.000000,0.000000,0.000000,1312.000000,82287.000000,0.000000,36090.000000,0.000000,0.750156,401,27429,0,0.000000,0.000000,0,0,0,0,0.000000,0.000000,0.000000,0.000000,,True
heavy_port_disruption_comparison,primary_port_extended_closure_with_congestion,68,1110,heuristic,DISRUPTED,238741.000000,26320.000000,80.000000,0.000000,2224.000000,134247.000000,10980.000000,64890.000000,0.000000,0.550779,721,44749,920,0.425926,7.956522,1,0,0,101,0.000000,0.000000,0.000000,0.007068,,True
heavy_port_disruption_comparison,primary_port_extended_closure_with_congestion,68,1110,llm_agent,UNDISRUPTED,145769.000000,26080.000000,0.000000,0.000000,1312.000000,82287.000000,0.000000,36090.000000,0.000000,0.750156,401,27429,0,0.000000,0.000000,0,0,0,0,0.000000,0.000000,0.000000,0.000000,,True
heavy_port_disruption_comparison,primary_port_extended_closure_with_congestion,68,1110,llm_agent,DISRUPTED,151636.000000,43080.000000,320.000000,6800.000000,1329.000000,62157.000000,1860.000000,36090.000000,0.206854,0.750156,401,20719,80,0.037037,15.500000,4,17,680,21,0.000000,0.000000,0.000000,2500.441792,,True
heavy_port_disruption_comparison,primary_port_extended_closure_with_congestion,69,1111,heuristic,UNDISRUPTED,129007.000000,26080.000000,0.000000,0.000000,1308.000000,71649.000000,0.000000,29970.000000,0.000000,0.789773,333,23883,0,0.000000,0.000000,0,0,0,0,0.000000,0.000000,0.000000,0.000000,,True
heavy_port_disruption_comparison,primary_port_extended_closure_with_congestion,69,1111,heuristic,DISRUPTED,208803.000000,26320.000000,80.000000,0.000000,2004.000000,117609.000000,11220.000000,51570.000000,0.000000,0.638258,573,39203,920,0.425926,8.130435,1,0,0,101,0.000000,0.000000,0.000000,0.006653,,True
heavy_port_disruption_comparison,primary_port_extended_closure_with_congestion,69,1111,llm_agent,UNDISRUPTED,129007.000000,26080.000000,0.000000,0.000000,1308.000000,71649.000000,0.000000,29970.000000,0.000000,0.789773,333,23883,0,0.000000,0.000000,0,0,0,0,0.000000,0.000000,0.000000,0.000000,,True
heavy_port_disruption_comparison,primary_port_extended_closure_with_congestion,69,1111,llm_agent,DISRUPTED,136061.300000,43080.000000,320.000000,6800.000000,1363.300000,52668.000000,1860.000000,29970.000000,0.267677,0.789773,333,17556,80,0.037037,15.500000,4,17,680,21,0.000000,0.000000,0.000000,2868.423438,0,True
heavy_port_disruption_comparison,primary_port_extended_closure_with_congestion,70,1112,heuristic,UNDISRUPTED,115714.000000,26080.000000,0.000000,0.000000,1308.000000,62226.000000,0.000000,26100.000000,0.000000,0.815051,290,20742,0,0.000000,0.000000,0,0,0,0,0.000000,0.000000,0.000000,0.000000,,True
heavy_port_disruption_comparison,primary_port_extended_closure_with_congestion,70,1112,heuristic,DISRUPTED,287294.000000,27280.000000,400.000000,0.000000,2628.000000,150906.000000,17280.000000,88800.000000,0.000000,0.406888,930,50302,1200,0.612245,9.600000,5,0,0,135,0.000000,0.000000,0.000000,0.006368,,True
heavy_port_disruption_comparison,primary_port_extended_closure_with_congestion,70,1112,llm_agent,UNDISRUPTED,115714.000000,26080.000000,0.000000,0.000000,1308.000000,62226.000000,0.000000,26100.000000,0.000000,0.815051,290,20742,0,0.000000,0.000000,0,0,0,0,0.000000,0.000000,0.000000,0.000000,,True
heavy_port_disruption_comparison,primary_port_extended_closure_with_congestion,70,1112,llm_agent,DISRUPTED,120529.000000,49080.000000,320.000000,9200.000000,1353.000000,35496.000000,2580.000000,22500.000000,0.487245,0.840561,250,11832,80,0.037037,21.500000,4,23,920,27,0.000000,0.000000,0.000000,2682.753346,0,True
heavy_port_disruption_comparison,primary_port_extended_closure_with_congestion,71,1113,heuristic,UNDISRUPTED,127933.000000,26080.000000,0.000000,0.000000,1308.000000,71115.000000,0.000000,29430.000000,0.000000,0.793691,327,23705,0,0.000000,0.000000,0,0,0,0,0.000000,0.000000,0.000000,0.000000,,True
heavy_port_disruption_comparison,primary_port_extended_closure_with_congestion,71,1113,heuristic,DISRUPTED,227777.000000,26560.000000,160.000000,0.000000,2112.000000,129075.000000,15240.000000,54630.000000,0.000000,0.617035,607,43025,1080,0.500000,9.407407,2,0,0,128,0.000000,0.000000,0.000000,0.005728,,True
heavy_port_disruption_comparison,primary_port_extended_closure_with_congestion,71,1113,llm_agent,UNDISRUPTED,127933.000000,26080.000000,0.000000,0.000000,1308.000000,71115.000000,0.000000,29430.000000,0.000000,0.793691,327,23705,0,0.000000,0.000000,0,0,0,0,0.000000,0.000000,0.000000,0.000000,,True
heavy_port_disruption_comparison,primary_port_extended_closure_with_congestion,71,1113,llm_agent,DISRUPTED,135782.100000,46080.000000,320.000000,8000.000000,1354.100000,48378.000000,2220.000000,29430.000000,0.328707,0.793691,327,16126,80,0.037037,18.500000,4,20,800,24,0.000000,0.000000,0.000000,2346.989531,,True
heavy_port_disruption_comparison,primary_port_extended_closure_with_congestion,72,1114,heuristic,UNDISRUPTED,138315.000000,26080.000000,0.000000,0.000000,1436.000000,76059.000000,0.000000,34740.000000,0.000000,0.760099,386,25353,0,0.000000,0.000000,0,0,0,0,0.000000,0.000000,0.000000,0.000000,,True
heavy_port_disruption_comparison,primary_port_extended_closure_with_congestion,72,1114,heuristic,DISRUPTED,196239.000000,26560.000000,160.000000,0.000000,1900.000000,109659.000000,8820.000000,49140.000000,0.000000,0.660659,546,36553,800,0.370370,7.350000,2,0,0,86,0.000000,0.000000,0.000000,0.007018,,True
heavy_port_disruption_comparison,primary_port_extended_closure_with_congestion,72,1114,llm_agent,UNDISRUPTED,138315.000000,26080.000000,0.000000,0.000000,1436.000000,76059.000000,0.000000,34740.000000,0.000000,0.760099,386,25353,0,0.000000,0.000000,0,0,0,0,0.000000,0.000000,0.000000,0.000000,,True
heavy_port_disruption_comparison,primary_port_extended_closure_with_congestion,72,1114,llm_agent,DISRUPTED,144148.300000,41080.000000,320.000000,6000.000000,1480.300000,58908.000000,1620.000000,34740.000000,0.234307,0.760099,386,19636,80,0.037037,13.500000,4,15,600,19,0.000000,0.000000,0.000000,2995.065945,,True
heavy_port_disruption_comparison,primary_port_extended_closure_with_congestion,73,1115,heuristic,UNDISRUPTED,131413.000000,26080.000000,0.000000,0.000000,1308.000000,73065.000000,0.000000,30960.000000,0.000000,0.783648,344,24355,0,0.000000,0.000000,0,0,0,0,0.000000,0.000000,0.000000,0.000000,,True
heavy_port_disruption_comparison,primary_port_extended_closure_with_congestion,73,1115,heuristic,DISRUPTED,237913.000000,26320.000000,80.000000,0.000000,2428.000000,131145.000000,10980.000000,66960.000000,0.000000,0.532075,744,43715,920,0.425926,7.956522,1,0,0,101,0.000000,0.000000,0.000000,0.006732,,True
heavy_port_disruption_comparison,primary_port_extended_closure_with_congestion,73,1115,llm_agent,UNDISRUPTED,131413.000000,26080.000000,0.000000,0.000000,1308.000000,73065.000000,0.000000,30960.000000,0.000000,0.783648,344,24355,0,0.000000,0.000000,0,0,0,0,0.000000,0.000000,0.000000,0.000000,,True
heavy_port_disruption_comparison,primary_port_extended_closure_with_congestion,73,1115,llm_agent,DISRUPTED,137960.700000,43080.000000,320.000000,6800.000000,1354.700000,53586.000000,1860.000000,30960.000000,0.254717,0.783648,344,17862,80,0.037037,15.500000,4,17,680,21,0.000000,0.000000,0.000000,2894.082379,,True
heavy_port_disruption_comparison,primary_port_extended_closure_with_congestion,74,1116,heuristic,UNDISRUPTED,126787.000000,26080.000000,0.000000,0.000000,1308.000000,70869.000000,0.000000,28530.000000,0.000000,0.794022,317,23623,0,0.000000,0.000000,0,0,0,0,0.000000,0.000000,0.000000,0.000000,,True
heavy_port_disruption_comparison,primary_port_extended_closure_with_congestion,74,1116,heuristic,DISRUPTED,319291.000000,27760.000000,560.000000,0.000000,2632.000000,168549.000000,18900.000000,100890.000000,0.000000,0.326186,1037,56183,1280,0.680851,9.843750,7,0,0,140,0.000000,0.000000,0.000000,0.006549,,True
heavy_port_disruption_comparison,primary_port_extended_closure_with_congestion,74,1116,llm_agent,UNDISRUPTED,126787.000000,26080.000000,0.000000,0.000000,1308.000000,70869.000000,0.000000,28530.000000,0.000000,0.794022,317,23623,0,0.000000,0.000000,0,0,0,0,0.000000,0.000000,0.000000,0.000000,,True
heavy_port_disruption_comparison,primary_port_extended_closure_with_congestion,74,1116,llm_agent,DISRUPTED,137868.500000,51080.000000,320.000000,10000.000000,1414.500000,43704.000000,2820.000000,28530.000000,0.463938,0.794022,317,14568,80,0.037037,23.500000,4,25,1000,29,0.000000,0.000000,0.000000,2404.539563,0,True
heavy_port_disruption_comparison,primary_port_extended_closure_with_congestion,75,1117,heuristic,UNDISRUPTED,142461.000000,26080.000000,0.000000,0.000000,1424.000000,79227.000000,180.000000,35550.000000,0.000000,0.748887,395,26409,120,0.055556,1.000000,0,0,0,2,0.000000,0.000000,0.000000,0.014479,,True
heavy_port_disruption_comparison,primary_port_extended_closure_with_congestion,75,1117,heuristic,DISRUPTED,327973.000000,27040.000000,320.000000,0.000000,2716.000000,174987.000000,18600.000000,104310.000000,0.000000,0.316592,1075,58329,1320,0.702128,9.393939,4,0,0,144,0.000000,0.000000,0.000000,0.006282,,True
heavy_port_disruption_comparison,primary_port_extended_closure_with_congestion,75,1117,llm_agent,UNDISRUPTED,142541.000000,26080.000000,80.000000,0.000000,1424.000000,79227.000000,180.000000,35550.000000,0.000000,0.748887,395,26409,120,0.055556,1.000000,1,0,0,2,0.000000,0.000000,0.000000,2249.004771,,True
heavy_port_disruption_comparison,primary_port_extended_closure_with_congestion,75,1117,llm_agent,DISRUPTED,146981.600000,48080.000000,560.000000,8800.000000,1326.600000,52305.000000,3960.000000,31950.000000,0.362365,0.774317,355,17435,240,0.111111,11.000000,7,22,880,30,0.000000,0.000000,0.000000,3454.324381,0,True
heavy_port_disruption_comparison,primary_port_extended_closure_with_congestion,76,1118,heuristic,UNDISRUPTED,156203.000000,26080.000000,0.000000,0.000000,1312.000000,89211.000000,0.000000,39600.000000,0.000000,0.734139,440,29737,0,0.000000,0.000000,0,0,0,0,0.000000,0.000000,0.000000,0.000000,,True
heavy_port_disruption_comparison,primary_port_extended_closure_with_congestion,76,1118,heuristic,DISRUPTED,316963.000000,27760.000000,560.000000,0.000000,2332.000000,169851.000000,18900.000000,97560.000000,0.000000,0.371601,1040,56617,1280,0.640000,9.843750,7,0,0,141,0.000000,0.000000,0.000000,0.006179,,True
heavy_port_disruption_comparison,primary_port_extended_closure_with_congestion,76,1118,llm_agent,UNDISRUPTED,156203.000000,26080.000000,0.000000,0.000000,1312.000000,89211.000000,0.000000,39600.000000,0.000000,0.734139,440,29737,0,0.000000,0.000000,0,0,0,0,0.000000,0.000000,0.000000,0.000000,,True
heavy_port_disruption_comparison,primary_port_extended_closure_with_congestion,76,1118,llm_agent,DISRUPTED,142405.200000,51080.000000,320.000000,10000.000000,968.200000,48417.000000,2820.000000,28800.000000,0.258610,0.806647,320,16139,80,0.037037,23.500000,4,25,1000,29,0.000000,0.000000,0.000000,2755.902715,,True
heavy_port_disruption_comparison,primary_port_extended_closure_with_congestion,77,1119,heuristic,UNDISRUPTED,134162.000000,26080.000000,0.000000,0.000000,1312.000000,74670.000000,60.000000,32040.000000,0.000000,0.779156,356,24890,40,0.018519,1.000000,0,0,0,1,0.000000,0.000000,0.000000,0.019167,,True
heavy_port_disruption_comparison,primary_port_extended_closure_with_congestion,77,1119,heuristic,DISRUPTED,260462.000000,26560.000000,160.000000,0.000000,2532.000000,144390.000000,15180.000000,71640.000000,0.000000,0.506203,796,48130,1120,0.518519,9.035714,2,0,0,129,0.000000,0.000000,0.000000,0.006001,,True
heavy_port_disruption_comparison,primary_port_extended_closure_with_congestion,77,1119,llm_agent,UNDISRUPTED,134242.000000,26080.000000,80.000000,0.000000,1312.000000,74670.000000,60.000000,32040.000000,0.000000,0.779156,356,24890,40,0.018519,1.000000,1,0,0,1,0.000000,0.000000,0.000000,2085.764500,,True
heavy_port_disruption_comparison,primary_port_extended_closure_with_congestion,77,1119,llm_agent,DISRUPTED,141993.900000,46080.000000,320.000000,8000.000000,1376.900000,51897.000000,2280.000000,32040.000000,0.338089,0.779156,356,17299,120,0.055556,12.666667,4,20,800,25,0.040000,0.000000,0.040000,2750.911470,0,True
heavy_port_disruption_comparison,primary_port_extended_closure_with_congestion,78,1120,heuristic,UNDISRUPTED,134922.000000,26080.000000,0.000000,0.000000,1316.000000,75396.000000,0.000000,32130.000000,0.000000,0.777293,357,25132,0,0.000000,0.000000,0,0,0,0,0.000000,0.000000,0.000000,0.000000,,True
heavy_port_disruption_comparison,primary_port_extended_closure_with_congestion,78,1120,heuristic,DISRUPTED,176982.000000,26080.000000,0.000000,0.000000,1316.000000,104436.000000,13020.000000,32130.000000,0.000000,0.777293,357,34812,1000,0.462963,8.680000,0,0,0,120,0.000000,0.000000,0.000000,0.006048,,True
heavy_port_disruption_comparison,primary_port_extended_closure_with_congestion,78,1120,llm_agent,UNDISRUPTED,134922.000000,26080.000000,0.000000,0.000000,1316.000000,75396.000000,0.000000,32130.000000,0.000000,0.777293,357,25132,0,0.000000,0.000000,0,0,0,0,0.000000,0.000000,0.000000,0.000000,,True
heavy_port_disruption_comparison,primary_port_extended_closure_with_congestion,78,1120,llm_agent,DISRUPTED,141908.800000,44080.000000,320.000000,7200.000000,1358.800000,54840.000000,1980.000000,32130.000000,0.292576,0.777293,357,18280,80,0.037037,16.500000,4,18,720,22,0.000000,0.000000,0.000000,2727.755443,,True
heavy_port_disruption_comparison,primary_port_extended_closure_with_congestion,79,1121,heuristic,UNDISRUPTED,126335.000000,26080.000000,0.000000,0.000000,1300.000000,69885.000000,0.000000,29070.000000,0.000000,0.794136,323,23295,0,0.000000,0.000000,0,0,0,0,0.000000,0.000000,0.000000,0.000000,,True
heavy_port_disruption_comparison,primary_port_extended_closure_with_congestion,79,1121,heuristic,DISRUPTED,277159.000000,26800.000000,240.000000,0.000000,2604.000000,149565.000000,15600.000000,82350.000000,0.000000,0.437221,883,49855,1120,0.549020,9.285714,3,0,0,124,0.000000,0.000000,0.000000,0.006338,,True
heavy_port_disruption_comparison,primary_port_extended_closure_with_congestion,79,1121,llm_agent,UNDISRUPTED,126335.000000,26080.000000,0.000000,0.000000,1300.000000,69885.000000,0.000000,29070.000000,0.000000,0.794136,323,23295,0,0.000000,0.000000,0,0,0,0,0.000000,0.000000,0.000000,0.000000,,True
heavy_port_disruption_comparison,primary_port_extended_closure_with_congestion,79,1121,llm_agent,DISRUPTED,135179.500000,47080.000000,320.000000,8400.000000,1379.500000,46590.000000,2340.000000,29070.000000,0.367113,0.794136,323,15530,80,0.037037,19.500000,4,21,840,25,0.000000,0.000000,0.000000,2465.759377,,True
heavy_port_disruption_comparison,primary_port_extended_closure_with_congestion,80,1122,heuristic,UNDISRUPTED,158923.000000,26080.000000,0.000000,0.000000,1308.000000,91215.000000,0.000000,40320.000000,0.000000,0.732537,448,30405,0,0.000000,0.000000,0,0,0,0,0.000000,0.000000,0.000000,0.000000,,True
heavy_port_disruption_comparison,primary_port_extended_closure_with_congestion,80,1122,heuristic,DISRUPTED,317095.000000,28000.000000,640.000000,0.000000,2180.000000,168495.000000,19500.000000,98280.000000,0.000000,0.374328,1048,56165,1200,0.600000,10.833333,8,0,0,144,0.000000,0.000000,0.000000,0.005427,,True
heavy_port_disruption_comparison,primary_port_extended_closure_with_congestion,80,1122,llm_agent,UNDISRUPTED,158923.000000,26080.000000,0.000000,0.000000,1308.000000,91215.000000,0.000000,40320.000000,0.000000,0.732537,448,30405,0,0.000000,0.000000,0,0,0,0,0.000000,0.000000,0.000000,0.000000,,True
heavy_port_disruption_comparison,primary_port_extended_closure_with_congestion,80,1122,llm_agent,DISRUPTED,125211.000000,52080.000000,320.000000,10400.000000,656.000000,40095.000000,2940.000000,18720.000000,0.011343,0.875821,208,13365,80,0.037037,24.500000,4,26,1040,30,0.000000,0.000000,0.000000,2366.111381,,True
heavy_port_disruption_comparison,primary_port_extended_closure_with_congestion,81,1123,heuristic,UNDISRUPTED,126739.000000,26080.000000,0.000000,0.000000,1308.000000,69921.000000,0.000000,29430.000000,0.000000,0.792513,327,23307,0,0.000000,0.000000,0,0,0,0,0.000000,0.000000,0.000000,0.000000,,True
heavy_port_disruption_comparison,primary_port_extended_closure_with_congestion,81,1123,heuristic,DISRUPTED,251239.000000,27040.000000,320.000000,0.000000,2428.000000,139641.000000,16380.000000,65430.000000,0.000000,0.538706,727,46547,1160,0.537037,9.413793,4,0,0,132,0.000000,0.000000,0.000000,0.006317,,True
heavy_port_disruption_comparison,primary_port_extended_closure_with_congestion,81,1123,llm_agent,UNDISRUPTED,126739.000000,26080.000000,0.000000,0.000000,1308.000000,69921.000000,0.000000,29430.000000,0.000000,0.792513,327,23307,0,0.000000,0.000000,0,0,0,0,0.000000,0.000000,0.000000,0.000000,,True
heavy_port_disruption_comparison,primary_port_extended_closure_with_congestion,81,1123,llm_agent,DISRUPTED,136683.800000,48080.000000,320.000000,8800.000000,1408.800000,46185.000000,2460.000000,29430.000000,0.416244,0.792513,327,15395,80,0.037037,20.500000,4,22,880,26,0.000000,0.000000,0.000000,2473.250865,0,True
heavy_port_disruption_comparison,primary_port_extended_closure_with_congestion,82,1124,heuristic,UNDISRUPTED,137772.000000,26080.000000,0.000000,0.000000,1316.000000,78066.000000,0.000000,32310.000000,0.000000,0.774497,359,26022,0,0.000000,0.000000,0,0,0,0,0.000000,0.000000,0.000000,0.000000,,True
heavy_port_disruption_comparison,primary_port_extended_closure_with_congestion,82,1124,heuristic,DISRUPTED,318428.000000,26800.000000,240.000000,0.000000,2632.000000,168546.000000,15540.000000,104670.000000,0.000000,0.322236,1079,56182,1120,0.595745,9.250000,3,0,0,129,0.000000,0.000000,0.000000,0.006287,,True
heavy_port_disruption_comparison,primary_port_extended_closure_with_congestion,82,1124,llm_agent,UNDISRUPTED,137772.000000,26080.000000,0.000000,0.000000,1316.000000,78066.000000,0.000000,32310.000000,0.000000,0.774497,359,26022,0,0.000000,0.000000,0,0,0,0,0.000000,0.000000,0.000000,0.000000,,True
heavy_port_disruption_comparison,primary_port_extended_closure_with_congestion,82,1124,llm_agent,DISRUPTED,144975.700000,47080.000000,320.000000,8400.000000,1338.700000,53187.000000,2340.000000,32310.000000,0.307161,0.774497,359,17729,80,0.037037,19.500000,4,21,840,25,0.000000,0.000000,0.000000,2507.743348,0,True
heavy_port_disruption_comparison,primary_port_extended_closure_with_congestion,83,1125,heuristic,UNDISRUPTED,146822.000000,26080.000000,0.000000,0.000000,1312.000000,83250.000000,0.000000,36180.000000,0.000000,0.753223,402,27750,0,0.000000,0.000000,0,0,0,0,0.000000,0.000000,0.000000,0.000000,,True
heavy_port_disruption_comparison,primary_port_extended_closure_with_congestion,83,1125,heuristic,DISRUPTED,316282.000000,27040.000000,320.000000,0.000000,2632.000000,170850.000000,16560.000000,98880.000000,0.000000,0.360344,1042,56950,1160,0.591837,9.517241,4,0,0,133,0.000000,0.000000,0.000000,0.006365,,True
heavy_port_disruption_comparison,primary_port_extended_closure_with_congestion,83,1125,llm_agent,UNDISRUPTED,146822.000000,26080.000000,0.000000,0.000000,1312.000000,83250.000000,0.000000,36180.000000,0.000000,0.753223,402,27750,0,0.000000,0.000000,0,0,0,0,0.000000,0.000000,0.000000,0.000000,,True
heavy_port_disruption_comparison,primary_port_extended_closure_with_congestion,83,1125,llm_agent,DISRUPTED,146837.900000,48080.000000,320.000000,8800.000000,1200.900000,53397.000000,2460.000000,32580.000000,0.337017,0.777778,362,17799,80,0.037037,20.500000,4,22,880,26,0.000000,0.000000,0.000000,2277.952518,,True
heavy_port_disruption_comparison,primary_port_extended_closure_with_congestion,84,1126,heuristic,UNDISRUPTED,143358.000000,26200.000000,0.000000,0.000000,1304.000000,81324.000000,60.000000,34470.000000,0.000000,0.762848,383,27108,40,0.018519,1.000000,0,0,0,0,0.000000,0.000000,0.000000,0.000000,,True
heavy_port_disruption_comparison,primary_port_extended_closure_with_congestion,84,1126,heuristic,DISRUPTED,179378.000000,26440.000000,80.000000,0.000000,1304.000000,105924.000000,11160.000000,34470.000000,0.000000,0.762848,383,35308,920,0.425926,8.086957,1,0,0,101,0.000000,0.000000,0.000000,0.006924,,True
heavy_port_disruption_comparison,primary_port_extended_closure_with_congestion,84,1126,llm_agent,UNDISRUPTED,143358.000000,26200.000000,0.000000,0.000000,1304.000000,81324.000000,60.000000,34470.000000,0.000000,0.762848,383,27108,40,0.018519,1.000000,0,0,0,0,0.000000,0.000000,0.000000,0.000000,,True
heavy_port_disruption_comparison,primary_port_extended_closure_with_congestion,84,1126,llm_agent,DISRUPTED,149376.000000,43200.000000,320.000000,6800.000000,1322.000000,61344.000000,1920.000000,34470.000000,0.250155,0.762848,383,20448,120,0.055556,10.666667,4,17,680,21,0.000000,0.000000,0.000000,2359.392946,,True
heavy_port_disruption_comparison,primary_port_extended_closure_with_congestion,85,1127,heuristic,UNDISRUPTED,136877.000000,26080.000000,0.000000,0.000000,1312.000000,76725.000000,0.000000,32760.000000,0.000000,0.771500,364,25575,0,0.000000,0.000000,0,0,0,0,0.000000,0.000000,0.000000,0.000000,,True
heavy_port_disruption_comparison,primary_port_extended_closure_with_congestion,85,1127,heuristic,DISRUPTED,162417.000000,26560.000000,160.000000,0.000000,1312.000000,94005.000000,7620.000000,32760.000000,0.000000,0.771500,364,31335,760,0.351852,6.684211,2,0,0,74,0.000000,0.000000,0.000000,0.006948,,True
heavy_port_disruption_comparison,primary_port_extended_closure_with_congestion,85,1127,llm_agent,UNDISRUPTED,136877.000000,26080.000000,0.000000,0.000000,1312.000000,76725.000000,0.000000,32760.000000,0.000000,0.771500,364,25575,0,0.000000,0.000000,0,0,0,0,0.000000,0.000000,0.000000,0.000000,,True
heavy_port_disruption_comparison,primary_port_extended_closure_with_congestion,85,1127,llm_agent,DISRUPTED,141572.500000,40080.000000,240.000000,5600.000000,1332.500000,60060.000000,1500.000000,32760.000000,0.175769,0.771500,364,20020,80,0.037037,12.500000,3,14,560,18,0.000000,0.000000,0.000000,2534.254924,,True
heavy_port_disruption_comparison,primary_port_extended_closure_with_congestion,86,1128,heuristic,UNDISRUPTED,131530.000000,26080.000000,0.000000,0.000000,1308.000000,73362.000000,0.000000,30780.000000,0.000000,0.785311,342,24454,0,0.000000,0.000000,0,0,0,0,0.000000,0.000000,0.000000,0.000000,,True
heavy_port_disruption_comparison,primary_port_extended_closure_with_congestion,86,1128,heuristic,DISRUPTED,273286.000000,27280.000000,400.000000,0.000000,2564.000000,150762.000000,17400.000000,74880.000000,0.000000,0.483992,822,50254,1200,0.566038,9.666667,5,0,0,137,0.000000,0.000000,0.000000,0.006332,,True
heavy_port_disruption_comparison,primary_port_extended_closure_with_congestion,86,1128,llm_agent,UNDISRUPTED,131530.000000,26080.000000,0.000000,0.000000,1308.000000,73362.000000,0.000000,30780.000000,0.000000,0.785311,342,24454,0,0.000000,0.000000,0,0,0,0,0.000000,0.000000,0.000000,0.000000,,True
heavy_port_disruption_comparison,primary_port_extended_closure_with_congestion,86,1128,llm_agent,DISRUPTED,140387.900000,49080.000000,320.000000,9200.000000,1378.900000,47049.000000,2580.000000,30780.000000,0.432517,0.785311,342,15683,80,0.037037,21.500000,4,23,920,27,0.000000,0.000000,0.000000,2417.044483,0,True
heavy_port_disruption_comparison,primary_port_extended_closure_with_congestion,87,1129,heuristic,UNDISRUPTED,130111.000000,26080.000000,0.000000,0.000000,1308.000000,72393.000000,0.000000,30330.000000,0.000000,0.790423,337,24131,0,0.000000,0.000000,0,0,0,0,0.000000,0.000000,0.000000,0.000000,,True
heavy_port_disruption_comparison,primary_port_extended_closure_with_congestion,87,1129,heuristic,DISRUPTED,265407.000000,26800.000000,240.000000,0.000000,2564.000000,145833.000000,15540.000000,74430.000000,0.000000,0.491915,817,48611,1120,0.528302,9.250000,3,0,0,129,0.000000,0.000000,0.000000,0.006090,,True
heavy_port_disruption_comparison,primary_port_extended_closure_with_congestion,87,1129,llm_agent,UNDISRUPTED,130111.000000,26080.000000,0.000000,0.000000,1308.000000,72393.000000,0.000000,30330.000000,0.000000,0.790423,337,24131,0,0.000000,0.000000,0,0,0,0,0.000000,0.000000,0.000000,0.000000,,True
heavy_port_disruption_comparison,primary_port_extended_closure_with_congestion,87,1129,llm_agent,DISRUPTED,138139.800000,47080.000000,320.000000,8400.000000,1372.800000,48297.000000,2340.000000,30330.000000,0.359453,0.790423,337,16099,80,0.037037,19.500000,4,21,840,25,0.000000,0.000000,0.000000,2338.510423,0,True
heavy_port_disruption_comparison,primary_port_extended_closure_with_congestion,88,1130,heuristic,UNDISRUPTED,140049.000000,26080.000000,0.000000,0.000000,1304.000000,79095.000000,0.000000,33570.000000,0.000000,0.770037,373,26365,0,0.000000,0.000000,0,0,0,0,0.000000,0.000000,0.000000,0.000000,,True
heavy_port_disruption_comparison,primary_port_extended_closure_with_congestion,88,1130,heuristic,DISRUPTED,276065.000000,26800.000000,240.000000,0.000000,2560.000000,153135.000000,15660.000000,77670.000000,0.000000,0.474106,853,51045,1120,0.528302,9.321429,3,0,0,129,0.000000,0.000000,0.000000,0.005748,,True
heavy_port_disruption_comparison,primary_port_extended_closure_with_congestion,88,1130,llm_agent,UNDISRUPTED,140049.000000,26080.000000,0.000000,0.000000,1304.000000,79095.000000,0.000000,33570.000000,0.000000,0.770037,373,26365,0,0.000000,0.000000,0,0,0,0,0.000000,0.000000,0.000000,0.000000,,True
heavy_port_disruption_comparison,primary_port_extended_closure_with_congestion,88,1130,llm_agent,DISRUPTED,147330.200000,47080.000000,320.000000,8400.000000,1329.200000,54291.000000,2340.000000,33570.000000,0.316276,0.770037,373,18097,80,0.037037,19.500000,4,21,840,25,0.000000,0.000000,0.000000,2413.149702,0,True
heavy_port_disruption_comparison,primary_port_extended_closure_with_congestion,89,1131,heuristic,UNDISRUPTED,142561.000000,26080.000000,0.000000,0.000000,1308.000000,80613.000000,0.000000,34560.000000,0.000000,0.759398,384,26871,0,0.000000,0.000000,0,0,0,0,0.000000,0.000000,0.000000,0.000000,,True
heavy_port_disruption_comparison,primary_port_extended_closure_with_congestion,89,1131,heuristic,DISRUPTED,256253.000000,27280.000000,400.000000,0.000000,2220.000000,145773.000000,17220.000000,63360.000000,0.000000,0.558897,704,48591,1200,0.555556,9.566667,5,0,0,130,0.000000,0.000000,0.000000,0.006458,,True
heavy_port_disruption_comparison,primary_port_extended_closure_with_congestion,89,1131,llm_agent,UNDISRUPTED,142561.000000,26080.000000,0.000000,0.000000,1308.000000,80613.000000,0.000000,34560.000000,0.000000,0.759398,384,26871,0,0.000000,0.000000,0,0,0,0,0.000000,0.000000,0.000000,0.000000,,True
heavy_port_disruption_comparison,primary_port_extended_closure_with_congestion,89,1131,llm_agent,DISRUPTED,150685.900000,49080.000000,320.000000,9200.000000,1335.900000,53610.000000,2580.000000,34560.000000,0.369048,0.759398,384,17870,80,0.037037,21.500000,4,23,920,27,0.000000,0.000000,0.000000,2301.891532,,True
heavy_port_disruption_comparison,primary_port_extended_closure_with_congestion,90,1132,heuristic,UNDISRUPTED,141019.000000,26080.000000,0.000000,0.000000,1308.000000,79431.000000,0.000000,34200.000000,0.000000,0.764706,380,26477,0,0.000000,0.000000,0,0,0,0,0.000000,0.000000,0.000000,0.000000,,True
heavy_port_disruption_comparison,primary_port_extended_closure_with_congestion,90,1132,heuristic,DISRUPTED,166559.000000,26560.000000,160.000000,0.000000,1308.000000,96711.000000,7620.000000,34200.000000,0.000000,0.764706,380,32237,760,0.351852,6.684211,2,0,0,75,0.000000,0.000000,0.000000,0.006620,,True
heavy_port_disruption_comparison,primary_port_extended_closure_with_congestion,90,1132,llm_agent,UNDISRUPTED,141019.000000,26080.000000,0.000000,0.000000,1308.000000,79431.000000,0.000000,34200.000000,0.000000,0.764706,380,26477,0,0.000000,0.000000,0,0,0,0,0.000000,0.000000,0.000000,0.000000,,True
heavy_port_disruption_comparison,primary_port_extended_closure_with_congestion,90,1132,llm_agent,DISRUPTED,145878.600000,40080.000000,320.000000,5600.000000,1319.600000,62859.000000,1500.000000,34200.000000,0.157276,0.764706,380,20953,80,0.037037,12.500000,4,14,560,18,0.000000,0.000000,0.000000,3163.102810,,True
heavy_port_disruption_comparison,primary_port_extended_closure_with_congestion,91,1133,heuristic,UNDISRUPTED,137307.000000,26200.000000,0.000000,0.000000,1304.000000,77313.000000,0.000000,32490.000000,0.000000,0.771229,361,25771,0,0.000000,0.000000,0,0,0,0,0.000000,0.000000,0.000000,0.000000,,True
heavy_port_disruption_comparison,primary_port_extended_closure_with_congestion,91,1133,heuristic,DISRUPTED,262459.000000,27160.000000,320.000000,0.000000,2416.000000,147393.000000,16680.000000,68490.000000,0.000000,0.517744,761,49131,1160,0.537037,9.586207,4,0,0,132,0.000000,0.000000,0.000000,0.006443,,True
heavy_port_disruption_comparison,primary_port_extended_closure_with_congestion,91,1133,llm_agent,UNDISRUPTED,137307.000000,26200.000000,0.000000,0.000000,1304.000000,77313.000000,0.000000,32490.000000,0.000000,0.771229,361,25771,0,0.000000,0.000000,0,0,0,0,0.000000,0.000000,0.000000,0.000000,,True
heavy_port_disruption_comparison,primary_port_extended_closure_with_congestion,91,1133,llm_agent,DISRUPTED,145204.900000,48200.000000,320.000000,8800.000000,1334.900000,51600.000000,2460.000000,32490.000000,0.353612,0.771229,361,17200,80,0.037037,20.500000,4,22,880,26,0.000000,0.000000,0.000000,2371.491718,,True
heavy_port_disruption_comparison,primary_port_extended_closure_with_congestion,92,1134,heuristic,UNDISRUPTED,151158.000000,26080.000000,0.000000,0.000000,1316.000000,86412.000000,0.000000,37350.000000,0.000000,0.746487,415,28804,0,0.000000,0.000000,0,0,0,0,0.000000,0.000000,0.000000,0.000000,,True
heavy_port_disruption_comparison,primary_port_extended_closure_with_congestion,92,1134,heuristic,DISRUPTED,310854.000000,27520.000000,480.000000,0.000000,2612.000000,171492.000000,18120.000000,90630.000000,0.000000,0.404398,975,57164,1240,0.607843,9.741935,6,0,0,138,0.000000,0.000000,0.000000,0.006252,,True
heavy_port_disruption_comparison,primary_port_extended_closure_with_congestion,92,1134,llm_agent,UNDISRUPTED,151158.000000,26080.000000,0.000000,0.000000,1316.000000,86412.000000,0.000000,37350.000000,0.000000,0.746487,415,28804,0,0.000000,0.000000,0,0,0,0,0.000000,0.000000,0.000000,0.000000,,True
heavy_port_disruption_comparison,primary_port_extended_closure_with_congestion,92,1134,llm_agent,DISRUPTED,158739.800000,50080.000000,320.000000,9600.000000,1323.800000,57366.000000,2700.000000,37350.000000,0.359805,0.746487,415,19122,80,0.037037,22.500000,4,24,960,28,0.000000,0.000000,0.000000,2994.499162,0,True
heavy_port_disruption_comparison,primary_port_extended_closure_with_congestion,93,1135,heuristic,UNDISRUPTED,140322.000000,26080.000000,0.000000,0.000000,1304.000000,79278.000000,0.000000,33660.000000,0.000000,0.765517,374,26426,0,0.000000,0.000000,0,0,0,0,0.000000,0.000000,0.000000,0.000000,,True
heavy_port_disruption_comparison,primary_port_extended_closure_with_congestion,93,1135,heuristic,DISRUPTED,261982.000000,26800.000000,240.000000,0.000000,2424.000000,147318.000000,15540.000000,69660.000000,0.000000,0.514734,774,49106,1120,0.518519,9.250000,3,0,0,129,0.000000,0.000000,0.000000,0.006265,,True
heavy_port_disruption_comparison,primary_port_extended_closure_with_congestion,93,1135,llm_agent,UNDISRUPTED,140322.000000,26080.000000,0.000000,0.000000,1304.000000,79278.000000,0.000000,33660.000000,0.000000,0.765517,374,26426,0,0.000000,0.000000,0,0,0,0,0.000000,0.000000,0.000000,0.000000,,True
heavy_port_disruption_comparison,primary_port_extended_closure_with_congestion,93,1135,llm_agent,DISRUPTED,147592.100000,47080.000000,320.000000,8400.000000,1321.100000,54471.000000,2340.000000,33660.000000,0.335423,0.765517,374,18157,80,0.037037,19.500000,4,21,840,25,0.000000,0.000000,0.000000,2613.293940,,True
heavy_port_disruption_comparison,primary_port_extended_closure_with_congestion,94,1136,heuristic,UNDISRUPTED,135816.000000,26080.000000,0.000000,0.000000,1304.000000,75852.000000,0.000000,32580.000000,0.000000,0.772040,362,25284,0,0.000000,0.000000,0,0,0,0,0.000000,0.000000,0.000000,0.000000,,True
heavy_port_disruption_comparison,primary_port_extended_closure_with_congestion,94,1136,heuristic,DISRUPTED,186496.000000,26560.000000,160.000000,0.000000,1424.000000,108972.000000,13200.000000,36180.000000,0.000000,0.746851,402,36324,1000,0.462963,8.800000,2,0,0,114,0.000000,0.000000,0.000000,0.006108,,True
heavy_port_disruption_comparison,primary_port_extended_closure_with_congestion,94,1136,llm_agent,UNDISRUPTED,135816.000000,26080.000000,0.000000,0.000000,1304.000000,75852.000000,0.000000,32580.000000,0.000000,0.772040,362,25284,0,0.000000,0.000000,0,0,0,0,0.000000,0.000000,0.000000,0.000000,,True
heavy_port_disruption_comparison,primary_port_extended_closure_with_congestion,94,1136,llm_agent,DISRUPTED,143339.800000,45080.000000,320.000000,7600.000000,1353.800000,54306.000000,2100.000000,32580.000000,0.299748,0.772040,362,18102,80,0.037037,17.500000,4,19,760,23,0.000000,0.000000,0.000000,2394.787984,0,True
heavy_port_disruption_comparison,primary_port_extended_closure_with_congestion,95,1137,heuristic,UNDISRUPTED,131021.000000,26080.000000,0.000000,0.000000,1312.000000,72699.000000,60.000000,30870.000000,0.000000,0.786426,343,24233,40,0.018519,1.000000,0,0,0,0,0.000000,0.000000,0.000000,0.000000,,True
heavy_port_disruption_comparison,primary_port_extended_closure_with_congestion,95,1137,heuristic,DISRUPTED,249301.000000,26560.000000,160.000000,0.000000,2432.000000,138579.000000,14700.000000,66870.000000,0.000000,0.537360,743,46193,1080,0.500000,9.074074,2,0,0,126,0.000000,0.000000,0.000000,0.006150,,True
heavy_port_disruption_comparison,primary_port_extended_closure_with_congestion,95,1137,llm_agent,UNDISRUPTED,131021.000000,26080.000000,0.000000,0.000000,1312.000000,72699.000000,60.000000,30870.000000,0.000000,0.786426,343,24233,40,0.018519,1.000000,0,0,0,0,0.000000,0.000000,0.000000,0.000000,,True
heavy_port_disruption_comparison,primary_port_extended_closure_with_congestion,95,1137,llm_agent,DISRUPTED,138968.700000,46080.000000,320.000000,8000.000000,1378.700000,50100.000000,2220.000000,30870.000000,0.334371,0.786426,343,16700,80,0.037037,18.500000,4,20,800,24,0.000000,0.000000,0.000000,2339.334988,0,True
heavy_port_disruption_comparison,primary_port_extended_closure_with_congestion,96,1138,heuristic,UNDISRUPTED,138209.000000,26080.000000,0.000000,0.000000,1300.000000,76929.000000,60.000000,33840.000000,0.000000,0.768900,376,25643,40,0.018519,1.000000,0,0,0,0,0.000000,0.000000,0.000000,0.000000,,True
heavy_port_disruption_comparison,primary_port_extended_closure_with_congestion,96,1138,heuristic,DISRUPTED,188349.000000,26560.000000,160.000000,0.000000,1420.000000,109569.000000,13200.000000,37440.000000,0.000000,0.744315,416,36523,1000,0.462963,8.800000,2,0,0,114,0.000000,0.000000,0.000000,0.006523,,True
heavy_port_disruption_comparison,primary_port_extended_closure_with_congestion,96,1138,llm_agent,UNDISRUPTED,138209.000000,26080.000000,0.000000,0.000000,1300.000000,76929.000000,60.000000,33840.000000,0.000000,0.768900,376,25643,40,0.018519,1.000000,0,0,0,0,0.000000,0.000000,0.000000,0.000000,,True
heavy_port_disruption_comparison,primary_port_extended_closure_with_congestion,96,1138,llm_agent,DISRUPTED,145615.700000,45080.000000,320.000000,7600.000000,1355.700000,55320.000000,2100.000000,33840.000000,0.318377,0.768900,376,18440,80,0.037037,17.500000,4,19,760,23,0.000000,0.000000,0.000000,2453.193080,,True
heavy_port_disruption_comparison,primary_port_extended_closure_with_congestion,97,1139,heuristic,UNDISRUPTED,124631.000000,26080.000000,0.000000,0.000000,1312.000000,68799.000000,0.000000,28440.000000,0.000000,0.798982,316,22933,0,0.000000,0.000000,0,0,0,0,0.000000,0.000000,0.000000,0.000000,,True
heavy_port_disruption_comparison,primary_port_extended_closure_with_congestion,97,1139,heuristic,DISRUPTED,269463.000000,27520.000000,480.000000,0.000000,2564.000000,148239.000000,18120.000000,72540.000000,0.000000,0.493639,796,49413,1240,0.584906,9.741935,6,0,0,138,0.000000,0.000000,0.000000,0.006175,,True
heavy_port_disruption_comparison,primary_port_extended_closure_with_congestion,97,1139,llm_agent,UNDISRUPTED,124631.000000,26080.000000,0.000000,0.000000,1312.000000,68799.000000,0.000000,28440.000000,0.000000,0.798982,316,22933,0,0.000000,0.000000,0,0,0,0,0.000000,0.000000,0.000000,0.000000,,True
heavy_port_disruption_comparison,primary_port_extended_closure_with_congestion,97,1139,llm_agent,DISRUPTED,135565.200000,50080.000000,320.000000,9600.000000,1420.200000,43005.000000,2700.000000,28440.000000,0.438295,0.798982,316,14335,80,0.037037,22.500000,4,24,960,28,0.000000,0.000000,0.000000,2373.810835,0,True
heavy_port_disruption_comparison,primary_port_extended_closure_with_congestion,98,1140,heuristic,UNDISRUPTED,127076.000000,26080.000000,0.000000,0.000000,1312.000000,69984.000000,0.000000,29700.000000,0.000000,0.791535,330,23328,0,0.000000,0.000000,0,0,0,0,0.000000,0.000000,0.000000,0.000000,,True
heavy_port_disruption_comparison,primary_port_extended_closure_with_congestion,98,1140,heuristic,DISRUPTED,242580.000000,26320.000000,80.000000,0.000000,2436.000000,134184.000000,13860.000000,65700.000000,0.000000,0.538850,730,44728,1040,0.481481,8.884615,1,0,0,123,0.000000,0.000000,0.000000,0.006139,,True
heavy_port_disruption_comparison,primary_port_extended_closure_with_congestion,98,1140,llm_agent,UNDISRUPTED,127076.000000,26080.000000,0.000000,0.000000,1312.000000,69984.000000,0.000000,29700.000000,0.000000,0.791535,330,23328,0,0.000000,0.000000,0,0,0,0,0.000000,0.000000,0.000000,0.000000,,True
heavy_port_disruption_comparison,primary_port_extended_closure_with_congestion,98,1140,llm_agent,DISRUPTED,135017.000000,45080.000000,320.000000,7600.000000,1383.000000,48834.000000,2100.000000,29700.000000,0.375237,0.791535,330,16278,80,0.037037,17.500000,4,19,760,23,0.000000,0.000000,0.000000,2528.691315,0,True
heavy_port_disruption_comparison,primary_port_extended_closure_with_congestion,99,1141,heuristic,UNDISRUPTED,126428.000000,26080.000000,0.000000,0.000000,1312.000000,70176.000000,60.000000,28800.000000,0.000000,0.797340,320,23392,40,0.018182,1.000000,0,0,0,1,0.000000,0.000000,0.000000,0.021042,,True
heavy_port_disruption_comparison,primary_port_extended_closure_with_congestion,99,1141,heuristic,DISRUPTED,271084.000000,26320.000000,80.000000,0.000000,2608.000000,146136.000000,13860.000000,82080.000000,0.000000,0.442685,880,48712,1040,0.500000,8.884615,1,0,0,123,0.000000,0.000000,0.000000,0.006344,,True
heavy_port_disruption_comparison,primary_port_extended_closure_with_congestion,99,1141,llm_agent,UNDISRUPTED,126508.000000,26080.000000,80.000000,0.000000,1312.000000,70176.000000,60.000000,28800.000000,0.000000,0.797340,320,23392,40,0.018182,1.000000,1,0,0,1,0.000000,0.000000,0.000000,2207.821958,,True
heavy_port_disruption_comparison,primary_port_extended_closure_with_congestion,99,1141,llm_agent,DISRUPTED,133689.000000,45080.000000,320.000000,7600.000000,1363.000000,48426.000000,2100.000000,28800.000000,0.319823,0.797340,320,16142,80,0.036364,17.500000,4,19,760,23,0.000000,0.000000,0.000000,2463.221328,0,True
heavy_port_disruption_comparison,primary_port_extended_closure_with_congestion,100,1142,heuristic,UNDISRUPTED,135923.000000,26080.000000,0.000000,0.000000,1312.000000,75501.000000,0.000000,33030.000000,0.000000,0.774154,367,25167,0,0.000000,0.000000,0,0,0,0,0.000000,0.000000,0.000000,0.000000,,True
heavy_port_disruption_comparison,primary_port_extended_closure_with_congestion,100,1142,heuristic,DISRUPTED,243815.000000,26800.000000,240.000000,0.000000,2224.000000,137181.000000,15540.000000,61830.000000,0.000000,0.577231,687,45727,1120,0.518519,9.250000,3,0,0,124,0.000000,0.000000,0.000000,0.006409,,True
heavy_port_disruption_comparison,primary_port_extended_closure_with_congestion,100,1142,llm_agent,UNDISRUPTED,135923.000000,26080.000000,0.000000,0.000000,1312.000000,75501.000000,0.000000,33030.000000,0.000000,0.774154,367,25167,0,0.000000,0.000000,0,0,0,0,0.000000,0.000000,0.000000,0.000000,,True
heavy_port_disruption_comparison,primary_port_extended_closure_with_congestion,100,1142,llm_agent,DISRUPTED,144641.700000,47080.000000,320.000000,8400.000000,1379.700000,52092.000000,2340.000000,33030.000000,0.366154,0.774154,367,17364,80,0.037037,19.500000,4,21,840,25,0.000000,0.000000,0.000000,2626.235873,0,True
