experiment_id,scenario_id,replication,seed,policy,run_kind,total_cost,transport_cost,reroute_cost,expedite_cost,holding_cost,backlog_cost,late_cost,terminal_cost,same_day_fill_rate,final_fulfilment_rate,ending_backlog_units,backlog_unit_days,late_delivered_units,late_delivery_rate,average_lateness_days_weighted,reroute_count,expedite_count,expedited_units,decision_count,invalid_action_rate,abstention_rate,fallback_rate,mean_decision_latency_ms,days_to_clear_backlog_after_shock,terminated_with_unresolved_state
baseline_port_closure_comparison,primary_port_closure,1,1043,heuristic,UNDISRUPTED,171417.000000,26080.000000,0.000000,0.000000,1304.000000,99033.000000,0.000000,45000.000000,0.000000,0.708114,500,33011,0,0.000000,0.000000,0,0,0,0,0.000000,0.000000,0.000000,0.000000,,True
baseline_port_closure_comparison,primary_port_closure,1,1043,heuristic,DISRUPTED,179277.000000,26080.000000,0.000000,0.000000,1304.000000,104673.000000,2220.000000,45000.000000,0.000000,0.708114,500,34891,400,0.185185,3.700000,0,0,0,31,0.000000,0.000000,0.000000,0.004802,,True
baseline_port_closure_comparison,primary_port_closure,1,1043,llm_agent,UNDISRUPTED,171417.000000,26080.000000,0.000000,0.000000,1304.000000,99033.000000,0.000000,45000.000000,0.000000,0.708114,500,33011,0,0.000000,0.000000,0,0,0,0,0.000000,0.000000,0.000000,0.000000,,True
baseline_port_closure_comparison,primary_port_closure,1,1043,llm_agent,DISRUPTED,174037.000000,33080.000000,320.000000,2800.000000,1304.000000,90753.000000,780.000000,45000.000000,0.000000,0.708114,500,30251,80,0.037037,6.500000,4,7,280,11,0.000000,0.000000,0.000000,2254.046144,,True
baseline_port_closure_comparison,primary_port_closure,2,1044,heuristic,UNDISRUPTED,122565.000000,26400.000000,0.000000,0.000000,1308.000000,66447.000000,60.000000,28350.000000,0.000000,0.800759,315,22149,40,0.018519,1.000000,0,0,0,0,0.000000,0.000000,0.000000,0.000000,,True
baseline_port_closure_comparison,primary_port_closure,2,1044,heuristic,DISRUPTED,130305.000000,26400.000000,0.000000,0.000000,1308.000000,71967.000000,2280.000000,28350.000000,0.000000,0.800759,315,23989,440,0.203704,3.454545,0,0,0,31,0.000000,0.000000,0.000000,0.007140,,True
baseline_port_closure_comparison,primary_port_closure,2,1044,llm_agent,UNDISRUPTED,122565.000000,26400.000000,0.000000,0.000000,1308.000000,66447.000000,60.000000,28350.000000,0.000000,0.800759,315,22149,40,0.018519,1.000000,0,0,0,0,0.000000,0.000000,0.000000,0.000000,,True
baseline_port_closure_comparison,primary_port_closure,2,1044,llm_agent,DISRUPTED,126125.000000,33400.000000,480.000000,2800.000000,1308.000000,58647.000000,1140.000000,28350.000000,0.000000,0.800759,315,19549,160,0.074074,4.750000,6,7,280,13,0.000000,0.000000,0.000000,2248.544923,,True
baseline_port_closure_comparison,primary_port_closure,3,1045,heuristic,UNDISRUPTED,132856.000000,26080.000000,0.000000,0.000000,1308.000000,74508.000000,0.000000,30960.000000,0.000000,0.786600,344,24836,0,0.000000,0.000000,0,0,0,0,0.000000,0.000000,0.000000,0.000000,,True
baseline_port_closure_comparison,primary_port_closure,3,1045,heuristic,DISRUPTED,140596.000000,26080.000000,0.000000,0.000000,1308.000000,80028.000000,2220.000000,30960.000000,0.000000,0.786600,344,26676,400,0.185185,3.700000,0,0,0,31,0.000000,0.000000,0.000000,0.007327,,True
baseline_port_closure_comparison,primary_port_closure,3,1045,llm_agent,UNDISRUPTED,132856.000000,26080.000000,0.000000,0.000000,1308.000000,74508.000000,0.000000,30960.000000,0.000000,0.786600,344,24836,0,0.000000,0.000000,0,0,0,0,0.000000,0.000000,0.000000,0.000000,,True
baseline_port_closure_comparison,primary_port_closure,3,1045,llm_agent,DISRUPTED,136536.000000,32320.000000,560.000000,2400.000000,1308.000000,68028.000000,960.000000,30960.000000,0.000000,0.786600,344,22676,120,0.055556,5.333333,7,6,240,13,0.000000,0.000000,0.000000,2260.316369,,True
baseline_port_closure_comparison,primary_port_closure,4,1046,heuristic,UNDISRUPTED,123926.000000,26080.000000,0.000000,0.000000,1300.000000,68466.000000,0.000000,28080.000000,0.000000,0.800000,312,22822,0,0.000000,0.000000,0,0,0,0,0.000000,0.000000,0.000000,0.000000,,True
baseline_port_closure_comparison,primary_port_closure,4,1046,heuristic,DISRUPTED,129746.000000,26080.000000,0.000000,0.000000,1300.000000,72666.000000,1620.000000,28080.000000,0.000000,0.800000,312,24222,320,0.148148,3.375000,0,0,0,26,0.000000,0.000000,0.000000,0.008734,,True
baseline_port_closure_comparison,primary_port_closure,4,1046,llm_agent,UNDISRUPTED,123926.000000,26080.000000,0.000000,0.000000,1300.000000,68466.000000,0.000000,28080.000000,0.000000,0.800000,312,22822,0,0.000000,0.000000,0,0,0,0,0.000000,0.000000,0.000000,0.000000,,True
baseline_port_closure_comparison,primary_port_closure,4,1046,llm_agent,DISRUPTED,125946.000000,33080.000000,320.000000,2800.000000,1300.000000,59706.000000,660.000000,28080.000000,0.000000,0.800000,312,19902,80,0.037037,5.500000,4,7,280,11,0.000000,0.000000,0.000000,2165.184166,,True
baseline_port_closure_comparison,primary_port_closure,5,1047,heuristic,UNDISRUPTED,134870.000000,26080.000000,0.000000,0.000000,1312.000000,75438.000000,0.000000,32040.000000,0.000000,0.774541,356,25146,0,0.000000,0.000000,0,0,0,0,0.000000,0.000000,0.000000,0.000000,,True
baseline_port_closure_comparison,primary_port_closure,5,1047,heuristic,DISRUPTED,140810.000000,26080.000000,0.000000,0.000000,1312.000000,79758.000000,1620.000000,32040.000000,0.000000,0.774541,356,26586,320,0.145455,3.375000,0,0,0,26,0.000000,0.000000,0.000000,0.009232,,True
baseline_port_closure_comparison,primary_port_closure,5,1047,llm_agent,UNDISRUPTED,134870.000000,26080.000000,0.000000,0.000000,1312.000000,75438.000000,0.000000,32040.000000,0.000000,0.774541,356,25146,0,0.000000,0.000000,0,0,0,0,0.000000,0.000000,0.000000,0.000000,,True
baseline_port_closure_comparison,primary_port_closure,5,1047,llm_agent,DISRUPTED,137010.000000,33080.000000,320.000000,2800.000000,1312.000000,66798.000000,660.000000,32040.000000,0.000000,0.774541,356,22266,80,0.036364,5.500000,4,7,280,11,0.000000,0.000000,0.000000,2067.078204,,True
baseline_port_closure_comparison,primary_port_closure,6,1048,heuristic,UNDISRUPTED,119402.000000,26080.000000,0.000000,0.000000,1312.000000,64740.000000,0.000000,27270.000000,0.000000,0.808591,303,21580,0,0.000000,0.000000,0,0,0,0,0.000000,0.000000,0.000000,0.000000,,True
baseline_port_closure_comparison,primary_port_closure,6,1048,heuristic,DISRUPTED,125462.000000,26080.000000,0.000000,0.000000,1312.000000,69180.000000,1620.000000,27270.000000,0.000000,0.808591,303,23060,320,0.148148,3.375000,0,0,0,26,0.000000,0.000000,0.000000,0.007311,,True
baseline_port_closure_comparison,primary_port_closure,6,1048,llm_agent,UNDISRUPTED,119402.000000,26080.000000,0.000000,0.000000,1312.000000,64740.000000,0.000000,27270.000000,0.000000,0.808591,303,21580,0,0.000000,0.000000,0,0,0,0,0.000000,0.000000,0.000000,0.000000,,True
baseline_port_closure_comparison,primary_port_closure,6,1048,llm_agent,DISRUPTED,121582.000000,33080.000000,240.000000,2800.000000,1312.000000,56220.000000,660.000000,27270.000000,0.009476,0.808591,303,18740,80,0.037037,5.500000,3,7,280,11,0.000000,0.000000,0.000000,2262.502985,,True
baseline_port_closure_comparison,primary_port_closure,7,1049,heuristic,UNDISRUPTED,122696.000000,26080.000000,0.000000,0.000000,1312.000000,66954.000000,0.000000,28350.000000,0.000000,0.799746,315,22318,0,0.000000,0.000000,0,0,0,0,0.000000,0.000000,0.000000,0.000000,,True
baseline_port_closure_comparison,primary_port_closure,7,1049,heuristic,DISRUPTED,128636.000000,26080.000000,0.000000,0.000000,1312.000000,71274.000000,1620.000000,28350.000000,0.000000,0.799746,315,23758,320,0.148148,3.375000,0,0,0,26,0.000000,0.000000,0.000000,0.008176,,True
baseline_port_closure_comparison,primary_port_closure,7,1049,llm_agent,UNDISRUPTED,122696.000000,26080.000000,0.000000,0.000000,1312.000000,66954.000000,0.000000,28350.000000,0.000000,0.799746,315,22318,0,0.000000,0.000000,0,0,0,0,0.000000,0.000000,0.000000,0.000000,,True
baseline_port_closure_comparison,primary_port_closure,7,1049,llm_agent,DISRUPTED,124836.000000,33080.000000,320.000000,2800.000000,1312.000000,58314.000000,660.000000,28350.000000,0.000000,0.799746,315,19438,80,0.037037,5.500000,4,7,280,11,0.000000,0.000000,0.000000,2157.865602,,True
baseline_port_closure_comparison,primary_port_closure,8,1050,heuristic,UNDISRUPTED,143145.000000,26080.000000,0.000000,0.000000,1316.000000,81729.000000,0.000000,34020.000000,0.000000,0.760759,378,27243,0,0.000000,0.000000,0,0,0,0,0.000000,0.000000,0.000000,0.000000,,True
baseline_port_closure_comparison,primary_port_closure,8,1050,heuristic,DISRUPTED,149085.000000,26080.000000,0.000000,0.000000,1316.000000,86049.000000,1620.000000,34020.000000,0.000000,0.760759,378,28683,320,0.148148,3.375000,0,0,0,26,0.000000,0.000000,0.000000,0.008511,,True
baseline_port_closure_comparison,primary_port_closure,8,1050,llm_agent,UNDISRUPTED,143145.000000,26080.000000,0.000000,0.000000,1316.000000,81729.000000,0.000000,34020.000000,0.000000,0.760759,378,27243,0,0.000000,0.000000,0,0,0,0,0.000000,0.000000,0.000000,0.000000,,True
baseline_port_closure_comparison,primary_port_closure,8,1050,llm_agent,DISRUPTED,145205.000000,33080.000000,240.000000,2800.000000,1316.000000,73089.000000,660.000000,34020.000000,0.000000,0.760759,378,24363,80,0.037037,5.500000,3,7,280,11,0.000000,0.000000,0.000000,2466.031898,,True
baseline_port_closure_comparison,primary_port_closure,9,1051,heuristic,UNDISRUPTED,145029.000000,26080.000000,0.000000,0.000000,1316.000000,81933.000000,60.000000,35640.000000,0.000000,0.758242,396,27311,40,0.018519,1.000000,0,0,0,1,0.000000,0.000000,0.000000,0.025167,,True
baseline_port_closure_comparison,primary_port_closure,9,1051,heuristic,DISRUPTED,150969.000000,26080.000000,0.000000,0.000000,1316.000000,86253.000000,1680.000000,35640.000000,0.000000,0.758242,396,28751,360,0.166667,3.111111,0,0,0,27,0.000000,0.000000,0.000000,0.007327,,True
baseline_port_closure_comparison,primary_port_closure,9,1051,llm_agent,UNDISRUPTED,145109.000000,26080.000000,80.000000,0.000000,1316.000000,81933.000000,60.000000,35640.000000,0.000000,0.758242,396,27311,40,0.018519,1.000000,1,0,0,1,0.000000,0.000000,0.000000,2634.395625,,True
baseline_port_closure_comparison,primary_port_closure,9,1051,llm_agent,DISRUPTED,148469.000000,32320.000000,560.000000,2400.000000,1316.000000,75333.000000,900.000000,35640.000000,0.000000,0.758242,396,25111,160,0.074074,3.750000,7,6,240,14,0.000000,0.000000,0.000000,2401.858107,,True
baseline_port_closure_comparison,primary_port_closure,10,1052,heuristic,UNDISRUPTED,147504.000000,26080.000000,0.000000,0.000000,1316.000000,84558.000000,0.000000,35550.000000,0.000000,0.754963,395,28186,0,0.000000,0.000000,0,0,0,0,0.000000,0.000000,0.000000,0.000000,,True
baseline_port_closure_comparison,primary_port_closure,10,1052,heuristic,DISRUPTED,153564.000000,26080.000000,0.000000,0.000000,1316.000000,88998.000000,1620.000000,35550.000000,0.000000,0.754963,395,29666,320,0.145455,3.375000,0,0,0,26,0.000000,0.000000,0.000000,0.006117,,True
baseline_port_closure_comparison,primary_port_closure,10,1052,llm_agent,UNDISRUPTED,147504.000000,26080.000000,0.000000,0.000000,1316.000000,84558.000000,0.000000,35550.000000,0.000000,0.754963,395,28186,0,0.000000,0.000000,0,0,0,0,0.000000,0.000000,0.000000,0.000000,,True
baseline_port_closure_comparison,primary_port_closure,10,1052,llm_agent,DISRUPTED,149764.000000,33080.000000,320.000000,2800.000000,1316.000000,76038.000000,660.000000,35550.000000,0.000000,0.754963,395,25346,80,0.036364,5.500000,4,7,280,11,0.000000,0.000000,0.000000,2066.303121,,True
baseline_port_closure_comparison,primary_port_closure,11,1053,heuristic,UNDISRUPTED,136394.000000,26080.000000,0.000000,0.000000,1312.000000,75252.000000,0.000000,33750.000000,0.000000,0.768089,375,25084,0,0.000000,0.000000,0,0,0,0,0.000000,0.000000,0.000000,0.000000,,True
baseline_port_closure_comparison,primary_port_closure,11,1053,heuristic,DISRUPTED,142334.000000,26080.000000,0.000000,0.000000,1312.000000,79572.000000,1620.000000,33750.000000,0.000000,0.768089,375,26524,320,0.148148,3.375000,0,0,0,26,0.000000,0.000000,0.000000,0.007587,,True
baseline_port_closure_comparison,primary_port_closure,11,1053,llm_agent,UNDISRUPTED,136394.000000,26080.000000,0.000000,0.000000,1312.000000,75252.000000,0.000000,33750.000000,0.000000,0.768089,375,25084,0,0.000000,0.000000,0,0,0,0,0.000000,0.000000,0.000000,0.000000,,True
baseline_port_closure_comparison,primary_port_closure,11,1053,llm_agent,DISRUPTED,138534.000000,33080.000000,320.000000,2800.000000,1312.000000,66612.000000,660.000000,33750.000000,0.000000,0.768089,375,22204,80,0.037037,5.500000,4,7,280,11,0.000000,0.000000,0.000000,2346.832189,,True
baseline_port_closure_comparison,primary_port_closure,12,1054,heuristic,UNDISRUPTED,134031.000000,26080.000000,0.000000,0.000000,1316.000000,73965.000000,0.000000,32670.000000,0.000000,0.774394,363,24655,0,0.000000,0.000000,0,0,0,0,0.000000,0.000000,0.000000,0.000000,,True
baseline_port_closure_comparison,primary_port_closure,12,1054,heuristic,DISRUPTED,139851.000000,26080.000000,0.000000,0.000000,1316.000000,78165.000000,1620.000000,32670.000000,0.000000,0.774394,363,26055,320,0.148148,3.375000,0,0,0,26,0.000000,0.000000,0.000000,0.007508,,True
baseline_port_closure_comparison,primary_port_closure,12,1054,llm_agent,UNDISRUPTED,134031.000000,26080.000000,0.000000,0.000000,1316.000000,73965.000000,0.000000,32670.000000,0.000000,0.774394,363,24655,0,0.000000,0.000000,0,0,0,0,0.000000,0.000000,0.000000,0.000000,,True
baseline_port_closure_comparison,primary_port_closure,12,1054,llm_agent,DISRUPTED,136051.000000,33080.000000,320.000000,2800.000000,1316.000000,65205.000000,660.000000,32670.000000,0.000000,0.774394,363,21735,80,0.037037,5.500000,4,7,280,11,0.000000,0.000000,0.000000,2366.791197,,True
baseline_port_closure_comparison,primary_port_closure,13,1055,heuristic,UNDISRUPTED,145541.000000,26080.000000,0.000000,0.000000,1312.000000,82059.000000,0.000000,36090.000000,0.000000,0.756970,401,27353,0,0.000000,0.000000,0,0,0,0,0.000000,0.000000,0.000000,0.000000,,True
baseline_port_closure_comparison,primary_port_closure,13,1055,heuristic,DISRUPTED,151601.000000,26080.000000,0.000000,0.000000,1312.000000,86499.000000,1620.000000,36090.000000,0.000000,0.756970,401,28833,320,0.148148,3.375000,0,0,0,26,0.000000,0.000000,0.000000,0.007657,,True
baseline_port_closure_comparison,primary_port_closure,13,1055,llm_agent,UNDISRUPTED,145541.000000,26080.000000,0.000000,0.000000,1312.000000,82059.000000,0.000000,36090.000000,0.000000,0.756970,401,27353,0,0.000000,0.000000,0,0,0,0,0.000000,0.000000,0.000000,0.000000,,True
baseline_port_closure_comparison,primary_port_closure,13,1055,llm_agent,DISRUPTED,147801.000000,33080.000000,320.000000,2800.000000,1312.000000,73539.000000,660.000000,36090.000000,0.000000,0.756970,401,24513,80,0.037037,5.500000,4,7,280,11,0.000000,0.000000,0.000000,2618.046932,,True
baseline_port_closure_comparison,primary_port_closure,14,1056,heuristic,UNDISRUPTED,140677.000000,26080.000000,0.000000,0.000000,1308.000000,80079.000000,0.000000,33210.000000,0.000000,0.768507,369,26693,0,0.000000,0.000000,0,0,0,0,0.000000,0.000000,0.000000,0.000000,,True
baseline_port_closure_comparison,primary_port_closure,14,1056,heuristic,DISRUPTED,146497.000000,26080.000000,0.000000,0.000000,1308.000000,84279.000000,1620.000000,33210.000000,0.000000,0.768507,369,28093,320,0.148148,3.375000,0,0,0,26,0.000000,0.000000,0.000000,0.007418,,True
baseline_port_closure_comparison,primary_port_closure,14,1056,llm_agent,UNDISRUPTED,140677.000000,26080.000000,0.000000,0.000000,1308.000000,80079.000000,0.000000,33210.000000,0.000000,0.768507,369,26693,0,0.000000,0.000000,0,0,0,0,0.000000,0.000000,0.000000,0.000000,,True
baseline_port_closure_comparison,primary_port_closure,14,1056,llm_agent,DISRUPTED,142657.000000,33080.000000,160.000000,2800.000000,1308.000000,71439.000000,660.000000,33210.000000,0.000000,0.768507,369,23813,80,0.037037,5.500000,2,7,280,11,0.000000,0.000000,0.000000,2449.660269,,True
baseline_port_closure_comparison,primary_port_closure,15,1057,heuristic,UNDISRUPTED,130770.000000,26080.000000,0.000000,0.000000,1316.000000,72594.000000,0.000000,30780.000000,0.000000,0.784499,342,24198,0,0.000000,0.000000,0,0,0,0,0.000000,0.000000,0.000000,0.000000,,True
baseline_port_closure_comparison,primary_port_closure,15,1057,heuristic,DISRUPTED,136590.000000,26080.000000,0.000000,0.000000,1316.000000,76794.000000,1620.000000,30780.000000,0.000000,0.784499,342,25598,320,0.148148,3.375000,0,0,0,26,0.000000,0.000000,0.000000,0.007252,,True
baseline_port_closure_comparison,primary_port_closure,15,1057,llm_agent,UNDISRUPTED,130770.000000,26080.000000,0.000000,0.000000,1316.000000,72594.000000,0.000000,30780.000000,0.000000,0.784499,342,24198,0,0.000000,0.000000,0,0,0,0,0.000000,0.000000,0.000000,0.000000,,True
baseline_port_closure_comparison,primary_port_closure,15,1057,llm_agent,DISRUPTED,132830.000000,33080.000000,240.000000,2800.000000,1316.000000,63954.000000,660.000000,30780.000000,0.000000,0.784499,342,21318,80,0.037037,5.500000,3,7,280,11,0.000000,0.000000,0.000000,2352.313920,,True
baseline_port_closure_comparison,primary_port_closure,16,1058,heuristic,UNDISRUPTED,137639.000000,26080.000000,0.000000,0.000000,1312.000000,76407.000000,0.000000,33840.000000,0.000000,0.771150,376,25469,0,0.000000,0.000000,0,0,0,0,0.000000,0.000000,0.000000,0.000000,,True
baseline_port_closure_comparison,primary_port_closure,16,1058,heuristic,DISRUPTED,143579.000000,26080.000000,0.000000,0.000000,1312.000000,80727.000000,1620.000000,33840.000000,0.000000,0.771150,376,26909,320,0.148148,3.375000,0,0,0,26,0.000000,0.000000,0.000000,0.007752,,True
baseline_port_closure_comparison,primary_port_closure,16,1058,llm_agent,UNDISRUPTED,137639.000000,26080.000000,0.000000,0.000000,1312.000000,76407.000000,0.000000,33840.000000,0.000000,0.771150,376,25469,0,0.000000,0.000000,0,0,0,0,0.000000,0.000000,0.000000,0.000000,,True
baseline_port_closure_comparison,primary_port_closure,16,1058,llm_agent,DISRUPTED,139899.000000,33080.000000,320.000000,2800.000000,1312.000000,67887.000000,660.000000,33840.000000,0.000000,0.771150,376,22629,80,0.037037,5.500000,4,7,280,11,0.000000,0.000000,0.000000,2060.852402,,True
baseline_port_closure_comparison,primary_port_closure,17,1059,heuristic,UNDISRUPTED,141516.000000,26080.000000,0.000000,0.000000,1316.000000,79830.000000,0.000000,34290.000000,0.000000,0.763941,381,26610,0,0.000000,0.000000,0,0,0,0,0.000000,0.000000,0.000000,0.000000,,True
baseline_port_closure_comparison,primary_port_closure,17,1059,heuristic,DISRUPTED,147576.000000,26080.000000,0.000000,0.000000,1316.000000,84270.000000,1620.000000,34290.000000,0.000000,0.763941,381,28090,320,0.148148,3.375000,0,0,0,26,0.000000,0.000000,0.000000,0.007638,,True
baseline_port_closure_comparison,primary_port_closure,17,1059,llm_agent,UNDISRUPTED,141516.000000,26080.000000,0.000000,0.000000,1316.000000,79830.000000,0.000000,34290.000000,0.000000,0.763941,381,26610,0,0.000000,0.000000,0,0,0,0,0.000000,0.000000,0.000000,0.000000,,True
baseline_port_closure_comparison,primary_port_closure,17,1059,llm_agent,DISRUPTED,143616.000000,33080.000000,160.000000,2800.000000,1316.000000,71310.000000,660.000000,34290.000000,0.000000,0.763941,381,23770,80,0.037037,5.500000,2,7,280,11,0.000000,0.000000,0.000000,2041.606307,,True
baseline_port_closure_comparison,primary_port_closure,18,1060,heuristic,UNDISRUPTED,133159.000000,26320.000000,0.000000,0.000000,1308.000000,75231.000000,60.000000,30240.000000,0.000000,0.785851,336,25077,40,0.018519,1.000000,0,0,0,1,0.000000,0.000000,0.000000,0.011416,,True
baseline_port_closure_comparison,primary_port_closure,18,1060,heuristic,DISRUPTED,139099.000000,26320.000000,0.000000,0.000000,1308.000000,79551.000000,1680.000000,30240.000000,0.000000,0.785851,336,26517,360,0.166667,3.111111,0,0,0,27,0.000000,0.000000,0.000000,0.006069,,True
baseline_port_closure_comparison,primary_port_closure,18,1060,llm_agent,UNDISRUPTED,133239.000000,26320.000000,80.000000,0.000000,1308.000000,75231.000000,60.000000,30240.000000,0.000000,0.785851,336,25077,40,0.018519,1.000000,1,0,0,1,0.000000,0.000000,0.000000,2222.157416,,True
baseline_port_closure_comparison,primary_port_closure,18,1060,llm_agent,DISRUPTED,135379.000000,33320.000000,400.000000,2800.000000,1308.000000,66591.000000,720.000000,30240.000000,0.000000,0.785851,336,22197,120,0.055556,4.000000,5,7,280,12,0.000000,0.000000,0.000000,2139.297785,,True
baseline_port_closure_comparison,primary_port_closure,19,1061,heuristic,UNDISRUPTED,143737.000000,26080.000000,0.000000,0.000000,1308.000000,81429.000000,0.000000,34920.000000,0.000000,0.762836,388,27143,0,0.000000,0.000000,0,0,0,0,0.000000,0.000000,0.000000,0.000000,,True
baseline_port_closure_comparison,primary_port_closure,19,1061,heuristic,DISRUPTED,151477.000000,26080.000000,0.000000,0.000000,1308.000000,86949.000000,2220.000000,34920.000000,0.000000,0.762836,388,28983,400,0.185185,3.700000,0,0,0,31,0.000000,0.000000,0.000000,0.007202,,True
baseline_port_closure_comparison,primary_port_closure,19,1061,llm_agent,UNDISRUPTED,143737.000000,26080.000000,0.000000,0.000000,1308.000000,81429.000000,0.000000,34920.000000,0.000000,0.762836,388,27143,0,0.000000,0.000000,0,0,0,0,0.000000,0.000000,0.000000,0.000000,,True
baseline_port_closure_comparison,primary_port_closure,19,1061,llm_agent,DISRUPTED,146037.000000,33080.000000,240.000000,2800.000000,1308.000000,72909.000000,780.000000,34920.000000,0.000000,0.762836,388,24303,80,0.037037,6.500000,3,7,280,11,0.000000,0.000000,0.000000,4583.583231,,True
baseline_port_closure_comparison,primary_port_closure,20,1062,heuristic,UNDISRUPTED,148912.000000,26080.000000,0.000000,0.000000,1308.000000,85194.000000,60.000000,36270.000000,0.000000,0.748910,403,28398,40,0.018519,1.000000,0,0,0,1,0.000000,0.000000,0.000000,0.021250,,True
baseline_port_closure_comparison,primary_port_closure,20,1062,heuristic,DISRUPTED,154552.000000,26080.000000,0.000000,0.000000,1308.000000,89274.000000,1620.000000,36270.000000,0.000000,0.748910,403,29758,320,0.148148,3.375000,0,0,0,26,0.000000,0.000000,0.000000,0.007203,,True
baseline_port_closure_comparison,primary_port_closure,20,1062,llm_agent,UNDISRUPTED,148992.000000,26080.000000,80.000000,0.000000,1308.000000,85194.000000,60.000000,36270.000000,0.000000,0.748910,403,28398,40,0.018519,1.000000,1,0,0,1,0.000000,0.000000,0.000000,2081.158500,,True
baseline_port_closure_comparison,primary_port_closure,20,1062,llm_agent,DISRUPTED,150752.000000,33080.000000,320.000000,2800.000000,1308.000000,76314.000000,660.000000,36270.000000,0.000000,0.748910,403,25438,80,0.037037,5.500000,4,7,280,11,0.000000,0.000000,0.000000,2317.355470,,True
baseline_port_closure_comparison,primary_port_closure,21,1063,heuristic,UNDISRUPTED,133457.000000,26080.000000,0.000000,0.000000,1312.000000,74745.000000,0.000000,31320.000000,0.000000,0.777778,348,24915,0,0.000000,0.000000,0,0,0,0,0.000000,0.000000,0.000000,0.000000,,True
baseline_port_closure_comparison,primary_port_closure,21,1063,heuristic,DISRUPTED,139517.000000,26080.000000,0.000000,0.000000,1312.000000,79185.000000,1620.000000,31320.000000,0.000000,0.777778,348,26395,320,0.148148,3.375000,0,0,0,26,0.000000,0.000000,0.000000,0.007756,,True
baseline_port_closure_comparison,primary_port_closure,21,1063,llm_agent,UNDISRUPTED,133457.000000,26080.000000,0.000000,0.000000,1312.000000,74745.000000,0.000000,31320.000000,0.000000,0.777778,348,24915,0,0.000000,0.000000,0,0,0,0,0.000000,0.000000,0.000000,0.000000,,True
baseline_port_closure_comparison,primary_port_closure,21,1063,llm_agent,DISRUPTED,135717.000000,33080.000000,320.000000,2800.000000,1312.000000,66225.000000,660.000000,31320.000000,0.000000,0.777778,348,22075,80,0.037037,5.500000,4,7,280,11,0.000000,0.000000,0.000000,7990.602118,,True
baseline_port_closure_comparison,primary_port_closure,22,1064,heuristic,UNDISRUPTED,137191.000000,26080.000000,0.000000,0.000000,1428.000000,76473.000000,0.000000,33210.000000,0.000000,0.767045,369,25491,0,0.000000,0.000000,0,0,0,0,0.000000,0.000000,0.000000,0.000000,,True
baseline_port_closure_comparison,primary_port_closure,22,1064,heuristic,DISRUPTED,143131.000000,26080.000000,0.000000,0.000000,1428.000000,80793.000000,1620.000000,33210.000000,0.000000,0.767045,369,26931,320,0.145455,3.375000,0,0,0,26,0.000000,0.000000,0.000000,0.007069,,True
baseline_port_closure_comparison,primary_port_closure,22,1064,llm_agent,UNDISRUPTED,137191.000000,26080.000000,0.000000,0.000000,1428.000000,76473.000000,0.000000,33210.000000,0.000000,0.767045,369,25491,0,0.000000,0.000000,0,0,0,0,0.000000,0.000000,0.000000,0.000000,,True
baseline_port_closure_comparison,primary_port_closure,22,1064,llm_agent,DISRUPTED,139251.000000,33080.000000,240.000000,2800.000000,1428.000000,67833.000000,660.000000,33210.000000,0.000000,0.767045,369,22611,80,0.036364,5.500000,3,7,280,11,0.000000,0.000000,0.000000,2359.075303,,True
baseline_port_closure_comparison,primary_port_closure,23,1065,heuristic,UNDISRUPTED,140241.000000,26080.000000,0.000000,0.000000,1316.000000,79185.000000,0.000000,33660.000000,0.000000,0.765957,374,26395,0,0.000000,0.000000,0,0,0,0,0.000000,0.000000,0.000000,0.000000,,True
baseline_port_closure_comparison,primary_port_closure,23,1065,heuristic,DISRUPTED,146301.000000,26080.000000,0.000000,0.000000,1316.000000,83625.000000,1620.000000,33660.000000,0.000000,0.765957,374,27875,320,0.148148,3.375000,0,0,0,26,0.000000,0.000000,0.000000,0.008224,,True
baseline_port_closure_comparison,primary_port_closure,23,1065,llm_agent,UNDISRUPTED,140241.000000,26080.000000,0.000000,0.000000,1316.000000,79185.000000,0.000000,33660.000000,0.000000,0.765957,374,26395,0,0.000000,0.000000,0,0,0,0,0.000000,0.000000,0.000000,0.000000,,True
baseline_port_closure_comparison,primary_port_closure,23,1065,llm_agent,DISRUPTED,143521.000000,32320.000000,400.000000,2400.000000,1316.000000,72585.000000,840.000000,33660.000000,0.000000,0.765957,374,24195,120,0.055556,4.666667,5,6,240,13,0.000000,0.000000,0.000000,2349.920285,,True
baseline_port_closure_comparison,primary_port_closure,24,1066,heuristic,UNDISRUPTED,147925.000000,26080.000000,0.000000,0.000000,1308.000000,84447.000000,0.000000,36090.000000,0.000000,0.748274,401,28149,0,0.000000,0.000000,0,0,0,0,0.000000,0.000000,0.000000,0.000000,,True
baseline_port_closure_comparison,primary_port_closure,24,1066,heuristic,DISRUPTED,153925.000000,26080.000000,0.000000,0.000000,1308.000000,88767.000000,1680.000000,36090.000000,0.000000,0.748274,401,29589,360,0.163636,3.111111,0,0,0,26,0.000000,0.000000,0.000000,0.007881,,True
baseline_port_closure_comparison,primary_port_closure,24,1066,llm_agent,UNDISRUPTED,147925.000000,26080.000000,0.000000,0.000000,1308.000000,84447.000000,0.000000,36090.000000,0.000000,0.748274,401,28149,0,0.000000,0.000000,0,0,0,0,0.000000,0.000000,0.000000,0.000000,,True
baseline_port_closure_comparison,primary_port_closure,24,1066,llm_agent,DISRUPTED,149945.000000,33080.000000,320.000000,2800.000000,1308.000000,75687.000000,660.000000,36090.000000,0.000000,0.748274,401,25229,80,0.036364,5.500000,4,7,280,11,0.000000,0.000000,0.000000,2293.620780,,True
baseline_port_closure_comparison,primary_port_closure,25,1067,heuristic,UNDISRUPTED,145710.000000,26080.000000,0.000000,0.000000,1304.000000,83226.000000,0.000000,35100.000000,0.000000,0.755025,390,27742,0,0.000000,0.000000,0,0,0,0,0.000000,0.000000,0.000000,0.000000,,True
baseline_port_closure_comparison,primary_port_closure,25,1067,heuristic,DISRUPTED,152070.000000,26080.000000,0.000000,0.000000,1304.000000,87786.000000,1800.000000,35100.000000,0.000000,0.755025,390,29262,360,0.166667,3.333333,0,0,0,26,0.000000,0.000000,0.000000,0.008330,,True
baseline_port_closure_comparison,primary_port_closure,25,1067,llm_agent,UNDISRUPTED,145710.000000,26080.000000,0.000000,0.000000,1304.000000,83226.000000,0.000000,35100.000000,0.000000,0.755025,390,27742,0,0.000000,0.000000,0,0,0,0,0.000000,0.000000,0.000000,0.000000,,True
baseline_port_closure_comparison,primary_port_closure,25,1067,llm_agent,DISRUPTED,147850.000000,33080.000000,320.000000,2800.000000,1304.000000,74586.000000,660.000000,35100.000000,0.000000,0.755025,390,24862,80,0.037037,5.500000,4,7,280,11,0.000000,0.000000,0.000000,2740.046905,,True
baseline_port_closure_comparison,primary_port_closure,26,1068,heuristic,UNDISRUPTED,134043.000000,26080.000000,0.000000,0.000000,1304.000000,75339.000000,0.000000,31320.000000,0.000000,0.775194,348,25113,0,0.000000,0.000000,0,0,0,0,0.000000,0.000000,0.000000,0.000000,,True
baseline_port_closure_comparison,primary_port_closure,26,1068,heuristic,DISRUPTED,140343.000000,26080.000000,0.000000,0.000000,1304.000000,79899.000000,1740.000000,31320.000000,0.000000,0.775194,348,26633,360,0.166667,3.222222,0,0,0,26,0.000000,0.000000,0.000000,0.008881,,True
baseline_port_closure_comparison,primary_port_closure,26,1068,llm_agent,UNDISRUPTED,134043.000000,26080.000000,0.000000,0.000000,1304.000000,75339.000000,0.000000,31320.000000,0.000000,0.775194,348,25113,0,0.000000,0.000000,0,0,0,0,0.000000,0.000000,0.000000,0.000000,,True
baseline_port_closure_comparison,primary_port_closure,26,1068,llm_agent,DISRUPTED,136103.000000,33080.000000,240.000000,2800.000000,1304.000000,66699.000000,660.000000,31320.000000,0.000000,0.775194,348,22233,80,0.037037,5.500000,3,7,280,11,0.000000,0.000000,0.000000,2563.582678,,True
baseline_port_closure_comparison,primary_port_closure,27,1069,heuristic,UNDISRUPTED,143386.000000,26400.000000,0.000000,0.000000,1312.000000,81024.000000,0.000000,34650.000000,0.000000,0.758014,385,27008,0,0.000000,0.000000,0,0,0,0,0.000000,0.000000,0.000000,0.000000,,True
baseline_port_closure_comparison,primary_port_closure,27,1069,heuristic,DISRUPTED,151246.000000,26400.000000,0.000000,0.000000,1312.000000,86664.000000,2220.000000,34650.000000,0.000000,0.758014,385,28888,400,0.185185,3.700000,0,0,0,31,0.000000,0.000000,0.000000,0.007363,,True
baseline_port_closure_comparison,primary_port_closure,27,1069,llm_agent,UNDISRUPTED,143386.000000,26400.000000,0.000000,0.000000,1312.000000,81024.000000,0.000000,34650.000000,0.000000,0.758014,385,27008,0,0.000000,0.000000,0,0,0,0,0.000000,0.000000,0.000000,0.000000,,True
baseline_port_closure_comparison,primary_port_closure,27,1069,llm_agent,DISRUPTED,146826.000000,33400.000000,240.000000,2800.000000,1312.000000,73344.000000,1080.000000,34650.000000,0.000000,0.758014,385,24448,120,0.055556,6.000000,3,7,280,13,0.000000,0.000000,0.000000,2444.564215,,True
baseline_port_closure_comparison,primary_port_closure,28,1070,heuristic,UNDISRUPTED,133153.000000,26080.000000,0.000000,0.000000,1308.000000,75165.000000,0.000000,30600.000000,0.000000,0.785759,340,25055,0,0.000000,0.000000,0,0,0,0,0.000000,0.000000,0.000000,0.000000,,True
baseline_port_closure_comparison,primary_port_closure,28,1070,heuristic,DISRUPTED,139273.000000,26080.000000,0.000000,0.000000,1308.000000,79605.000000,1680.000000,30600.000000,0.000000,0.785759,340,26535,360,0.166667,3.111111,0,0,0,26,0.000000,0.000000,0.000000,0.007216,,True
baseline_port_closure_comparison,primary_port_closure,28,1070,llm_agent,UNDISRUPTED,133153.000000,26080.000000,0.000000,0.000000,1308.000000,75165.000000,0.000000,30600.000000,0.000000,0.785759,340,25055,0,0.000000,0.000000,0,0,0,0,0.000000,0.000000,0.000000,0.000000,,True
baseline_port_closure_comparison,primary_port_closure,28,1070,llm_agent,DISRUPTED,135293.000000,33080.000000,320.000000,2800.000000,1308.000000,66525.000000,660.000000,30600.000000,0.000000,0.785759,340,22175,80,0.037037,5.500000,4,7,280,11,0.000000,0.000000,0.000000,2464.533811,,True
baseline_port_closure_comparison,primary_port_closure,29,1071,heuristic,UNDISRUPTED,135994.000000,26080.000000,0.000000,0.000000,1308.000000,75486.000000,0.000000,33120.000000,0.000000,0.772559,368,25162,0,0.000000,0.000000,0,0,0,0,0.000000,0.000000,0.000000,0.000000,,True
baseline_port_closure_comparison,primary_port_closure,29,1071,heuristic,DISRUPTED,141934.000000,26080.000000,0.000000,0.000000,1308.000000,79806.000000,1620.000000,33120.000000,0.000000,0.772559,368,26602,320,0.145455,3.375000,0,0,0,26,0.000000,0.000000,0.000000,0.007497,,True
baseline_port_closure_comparison,primary_port_closure,29,1071,llm_agent,UNDISRUPTED,135994.000000,26080.000000,0.000000,0.000000,1308.000000,75486.000000,0.000000,33120.000000,0.000000,0.772559,368,25162,0,0.000000,0.000000,0,0,0,0,0.000000,0.000000,0.000000,0.000000,,True
baseline_port_closure_comparison,primary_port_closure,29,1071,llm_agent,DISRUPTED,138134.000000,33080.000000,320.000000,2800.000000,1308.000000,66846.000000,660.000000,33120.000000,0.000000,0.772559,368,22282,80,0.036364,5.500000,4,7,280,11,0.000000,0.000000,0.000000,2299.142364,,True
baseline_port_closure_comparison,primary_port_closure,30,1072,heuristic,UNDISRUPTED,148311.000000,26080.000000,0.000000,0.000000,1316.000000,84645.000000,0.000000,36270.000000,0.000000,0.749378,403,28215,0,0.000000,0.000000,0,0,0,0,0.000000,0.000000,0.000000,0.000000,,True
baseline_port_closure_comparison,primary_port_closure,30,1072,heuristic,DISRUPTED,154251.000000,26080.000000,0.000000,0.000000,1316.000000,88965.000000,1620.000000,36270.000000,0.000000,0.749378,403,29655,320,0.145455,3.375000,0,0,0,26,0.000000,0.000000,0.000000,0.007398,,True
baseline_port_closure_comparison,primary_port_closure,30,1072,llm_agent,UNDISRUPTED,148311.000000,26080.000000,0.000000,0.000000,1316.000000,84645.000000,0.000000,36270.000000,0.000000,0.749378,403,28215,0,0.000000,0.000000,0,0,0,0,0.000000,0.000000,0.000000,0.000000,,True
baseline_port_closure_comparison,primary_port_closure,30,1072,llm_agent,DISRUPTED,150571.000000,33080.000000,320.000000,2800.000000,1316.000000,76125.000000,660.000000,36270.000000,0.000000,0.749378,403,25375,80,0.036364,5.500000,4,7,280,11,0.000000,0.000000,0.000000,2528.462534,,True
baseline_port_closure_comparison,primary_port_closure,31,1073,heuristic,UNDISRUPTED,137924.000000,26080.000000,0.000000,0.000000,1312.000000,77322.000000,0.000000,33210.000000,0.000000,0.766603,369,25774,0,0.000000,0.000000,0,0,0,0,0.000000,0.000000,0.000000,0.000000,,True
baseline_port_closure_comparison,primary_port_closure,31,1073,heuristic,DISRUPTED,143984.000000,26080.000000,0.000000,0.000000,1312.000000,81762.000000,1620.000000,33210.000000,0.000000,0.766603,369,27254,320,0.148148,3.375000,0,0,0,26,0.000000,0.000000,0.000000,0.007910,,True
baseline_port_closure_comparison,primary_port_closure,31,1073,llm_agent,UNDISRUPTED,137924.000000,26080.000000,0.000000,0.000000,1312.000000,77322.000000,0.000000,33210.000000,0.000000,0.766603,369,25774,0,0.000000,0.000000,0,0,0,0,0.000000,0.000000,0.000000,0.000000,,True
baseline_port_closure_comparison,primary_port_closure,31,1073,llm_agent,DISRUPTED,140104.000000,33080.000000,240.000000,2800.000000,1312.000000,68802.000000,660.000000,33210.000000,0.000000,0.766603,369,22934,80,0.037037,5.500000,3,7,280,11,0.000000,0.000000,0.000000,2291.059201,,True
baseline_port_closure_comparison,primary_port_closure,32,1074,heuristic,UNDISRUPTED,138218.000000,26080.000000,0.000000,0.000000,1312.000000,77376.000000,60.000000,33390.000000,0.000000,0.769851,371,25792,40,0.018519,1.000000,0,0,0,0,0.000000,0.000000,0.000000,0.000000,,True
baseline_port_closure_comparison,primary_port_closure,32,1074,heuristic,DISRUPTED,144038.000000,26080.000000,0.000000,0.000000,1312.000000,81576.000000,1680.000000,33390.000000,0.000000,0.769851,371,27192,360,0.166667,3.111111,0,0,0,26,0.000000,0.000000,0.000000,0.007601,,True
baseline_port_closure_comparison,primary_port_closure,32,1074,llm_agent,UNDISRUPTED,138218.000000,26080.000000,0.000000,0.000000,1312.000000,77376.000000,60.000000,33390.000000,0.000000,0.769851,371,25792,40,0.018519,1.000000,0,0,0,0,0.000000,0.000000,0.000000,0.000000,,True
baseline_port_closure_comparison,primary_port_closure,32,1074,llm_agent,DISRUPTED,140238.000000,33080.000000,320.000000,2800.000000,1312.000000,68616.000000,720.000000,33390.000000,0.000000,0.769851,371,22872,120,0.055556,4.000000,4,7,280,11,0.000000,0.000000,0.000000,2908.421223,,True
baseline_port_closure_comparison,primary_port_closure,33,1075,heuristic,UNDISRUPTED,119568.000000,26080.000000,0.000000,0.000000,1316.000000,64902.000000,0.000000,27270.000000,0.000000,0.805395,303,21634,0,0.000000,0.000000,0,0,0,0,0.000000,0.000000,0.000000,0.000000,,True
baseline_port_closure_comparison,primary_port_closure,33,1075,heuristic,DISRUPTED,125628.000000,26080.000000,0.000000,0.000000,1316.000000,69342.000000,1620.000000,27270.000000,0.000000,0.805395,303,23114,320,0.148148,3.375000,0,0,0,26,0.000000,0.000000,0.000000,0.008362,,True
baseline_port_closure_comparison,primary_port_closure,33,1075,llm_agent,UNDISRUPTED,119568.000000,26080.000000,0.000000,0.000000,1316.000000,64902.000000,0.000000,27270.000000,0.000000,0.805395,303,21634,0,0.000000,0.000000,0,0,0,0,0.000000,0.000000,0.000000,0.000000,,True
baseline_port_closure_comparison,primary_port_closure,33,1075,llm_agent,DISRUPTED,121828.000000,33080.000000,320.000000,2800.000000,1316.000000,56382.000000,660.000000,27270.000000,0.007707,0.805395,303,18794,80,0.037037,5.500000,4,7,280,11,0.000000,0.000000,0.000000,2785.237280,,True
baseline_port_closure_comparison,primary_port_closure,34,1076,heuristic,UNDISRUPTED,158820.000000,26080.000000,0.000000,0.000000,1316.000000,90744.000000,0.000000,40680.000000,0.000000,0.727218,452,30248,0,0.000000,0.000000,0,0,0,0,0.000000,0.000000,0.000000,0.000000,,True
baseline_port_closure_comparison,primary_port_closure,34,1076,heuristic,DISRUPTED,166680.000000,26080.000000,0.000000,0.000000,1316.000000,96384.000000,2220.000000,40680.000000,0.000000,0.727218,452,32128,400,0.185185,3.700000,0,0,0,31,0.000000,0.000000,0.000000,0.007264,,True
baseline_port_closure_comparison,primary_port_closure,34,1076,llm_agent,UNDISRUPTED,158820.000000,26080.000000,0.000000,0.000000,1316.000000,90744.000000,0.000000,40680.000000,0.000000,0.727218,452,30248,0,0.000000,0.000000,0,0,0,0,0.000000,0.000000,0.000000,0.000000,,True
baseline_port_closure_comparison,primary_port_closure,34,1076,llm_agent,DISRUPTED,161240.000000,33080.000000,240.000000,2800.000000,1316.000000,82344.000000,780.000000,40680.000000,0.000000,0.727218,452,27448,80,0.037037,6.500000,3,7,280,11,0.000000,0.000000,0.000000,2359.947898,,True
baseline_port_closure_comparison,primary_port_closure,35,1077,heuristic,UNDISRUPTED,141440.000000,26080.000000,0.000000,0.000000,1312.000000,79308.000000,0.000000,34740.000000,0.000000,0.762169,386,26436,0,0.000000,0.000000,0,0,0,0,0.000000,0.000000,0.000000,0.000000,,True
baseline_port_closure_comparison,primary_port_closure,35,1077,heuristic,DISRUPTED,147500.000000,26080.000000,0.000000,0.000000,1312.000000,83748.000000,1620.000000,34740.000000,0.000000,0.762169,386,27916,320,0.148148,3.375000,0,0,0,26,0.000000,0.000000,0.000000,0.007779,,True
baseline_port_closure_comparison,primary_port_closure,35,1077,llm_agent,UNDISRUPTED,141440.000000,26080.000000,0.000000,0.000000,1312.000000,79308.000000,0.000000,34740.000000,0.000000,0.762169,386,26436,0,0.000000,0.000000,0,0,0,0,0.000000,0.000000,0.000000,0.000000,,True
baseline_port_closure_comparison,primary_port_closure,35,1077,llm_agent,DISRUPTED,143700.000000,33080.000000,320.000000,2800.000000,1312.000000,70788.000000,660.000000,34740.000000,0.000000,0.762169,386,23596,80,0.037037,5.500000,4,7,280,11,0.000000,0.000000,0.000000,2505.215652,,True
baseline_port_closure_comparison,primary_port_closure,36,1078,heuristic,UNDISRUPTED,149859.000000,26080.000000,0.000000,0.000000,1436.000000,84003.000000,0.000000,38340.000000,0.000000,0.734248,426,28001,0,0.000000,0.000000,0,0,0,0,0.000000,0.000000,0.000000,0.000000,,True
baseline_port_closure_comparison,primary_port_closure,36,1078,heuristic,DISRUPTED,155919.000000,26080.000000,0.000000,0.000000,1436.000000,88443.000000,1620.000000,38340.000000,0.000000,0.734248,426,29481,320,0.148148,3.375000,0,0,0,26,0.000000,0.000000,0.000000,0.007748,,True
baseline_port_closure_comparison,primary_port_closure,36,1078,llm_agent,UNDISRUPTED,149859.000000,26080.000000,0.000000,0.000000,1436.000000,84003.000000,0.000000,38340.000000,0.000000,0.734248,426,28001,0,0.000000,0.000000,0,0,0,0,0.000000,0.000000,0.000000,0.000000,,True
baseline_port_closure_comparison,primary_port_closure,36,1078,llm_agent,DISRUPTED,152039.000000,33080.000000,240.000000,2800.000000,1436.000000,75483.000000,660.000000,38340.000000,0.000000,0.734248,426,25161,80,0.037037,5.500000,3,7,280,11,0.000000,0.000000,0.000000,2222.077720,,True
baseline_port_closure_comparison,primary_port_closure,37,1079,heuristic,UNDISRUPTED,131639.000000,26400.000000,0.000000,0.000000,1316.000000,73683.000000,0.000000,30240.000000,0.000000,0.781107,336,24561,0,0.000000,0.000000,0,0,0,0,0.000000,0.000000,0.000000,0.000000,,True
baseline_port_closure_comparison,primary_port_closure,37,1079,heuristic,DISRUPTED,139379.000000,26400.000000,0.000000,0.000000,1316.000000,79203.000000,2220.000000,30240.000000,0.000000,0.781107,336,26401,400,0.185185,3.700000,0,0,0,31,0.000000,0.000000,0.000000,0.007306,,True
baseline_port_closure_comparison,primary_port_closure,37,1079,llm_agent,UNDISRUPTED,131639.000000,26400.000000,0.000000,0.000000,1316.000000,73683.000000,0.000000,30240.000000,0.000000,0.781107,336,24561,0,0.000000,0.000000,0,0,0,0,0.000000,0.000000,0.000000,0.000000,,True
baseline_port_closure_comparison,primary_port_closure,37,1079,llm_agent,DISRUPTED,134959.000000,33400.000000,240.000000,2800.000000,1316.000000,65883.000000,1080.000000,30240.000000,0.000000,0.781107,336,21961,120,0.055556,6.000000,3,7,280,13,0.000000,0.000000,0.000000,2295.221510,,True
baseline_port_closure_comparison,primary_port_closure,38,1080,heuristic,UNDISRUPTED,133146.000000,26080.000000,0.000000,0.000000,1316.000000,74700.000000,0.000000,31050.000000,0.000000,0.779271,345,24900,0,0.000000,0.000000,0,0,0,0,0.000000,0.000000,0.000000,0.000000,,True
baseline_port_closure_comparison,primary_port_closure,38,1080,heuristic,DISRUPTED,139206.000000,26080.000000,0.000000,0.000000,1316.000000,79140.000000,1620.000000,31050.000000,0.000000,0.779271,345,26380,320,0.148148,3.375000,0,0,0,26,0.000000,0.000000,0.000000,0.007265,,True
baseline_port_closure_comparison,primary_port_closure,38,1080,llm_agent,UNDISRUPTED,133146.000000,26080.000000,0.000000,0.000000,1316.000000,74700.000000,0.000000,31050.000000,0.000000,0.779271,345,24900,0,0.000000,0.000000,0,0,0,0,0.000000,0.000000,0.000000,0.000000,,True
baseline_port_closure_comparison,primary_port_closure,38,1080,llm_agent,DISRUPTED,135326.000000,33080.000000,240.000000,2800.000000,1316.000000,66180.000000,660.000000,31050.000000,0.000000,0.779271,345,22060,80,0.037037,5.500000,3,7,280,11,0.000000,0.000000,0.000000,2123.168205,,True
baseline_port_closure_comparison,primary_port_closure,39,1081,heuristic,UNDISRUPTED,141155.000000,26080.000000,0.000000,0.000000,1312.000000,79593.000000,60.000000,34110.000000,0.000000,0.763421,379,26531,40,0.018519,1.000000,0,0,0,1,0.000000,0.000000,0.000000,0.040833,,True
baseline_port_closure_comparison,primary_port_closure,39,1081,heuristic,DISRUPTED,146975.000000,26080.000000,0.000000,0.000000,1312.000000,83793.000000,1680.000000,34110.000000,0.000000,0.763421,379,27931,360,0.166667,3.111111,0,0,0,27,0.000000,0.000000,0.000000,0.007762,,True
baseline_port_closure_comparison,primary_port_closure,39,1081,llm_agent,UNDISRUPTED,141235.000000,26080.000000,80.000000,0.000000,1312.000000,79593.000000,60.000000,34110.000000,0.000000,0.763421,379,26531,40,0.018519,1.000000,1,0,0,1,0.000000,0.000000,0.000000,2095.473375,,True
baseline_port_closure_comparison,primary_port_closure,39,1081,llm_agent,DISRUPTED,143375.000000,33080.000000,400.000000,2800.000000,1312.000000,70953.000000,720.000000,34110.000000,0.000000,0.763421,379,23651,120,0.055556,4.000000,5,7,280,12,0.000000,0.000000,0.000000,2280.356941,,True
baseline_port_closure_comparison,primary_port_closure,40,1082,heuristic,UNDISRUPTED,150383.000000,26080.000000,0.000000,0.000000,1312.000000,86451.000000,0.000000,36540.000000,0.000000,0.750154,406,28817,0,0.000000,0.000000,0,0,0,0,0.000000,0.000000,0.000000,0.000000,,True
baseline_port_closure_comparison,primary_port_closure,40,1082,heuristic,DISRUPTED,156443.000000,26080.000000,0.000000,0.000000,1312.000000,90891.000000,1620.000000,36540.000000,0.000000,0.750154,406,30297,320,0.148148,3.375000,0,0,0,26,0.000000,0.000000,0.000000,0.007808,,True
baseline_port_closure_comparison,primary_port_closure,40,1082,llm_agent,UNDISRUPTED,150383.000000,26080.000000,0.000000,0.000000,1312.000000,86451.000000,0.000000,36540.000000,0.000000,0.750154,406,28817,0,0.000000,0.000000,0,0,0,0,0.000000,0.000000,0.000000,0.000000,,True
baseline_port_closure_comparison,primary_port_closure,40,1082,llm_agent,DISRUPTED,152563.000000,33080.000000,240.000000,2800.000000,1312.000000,77931.000000,660.000000,36540.000000,0.000000,0.750154,406,25977,80,0.037037,5.500000,3,7,280,11,0.000000,0.000000,0.000000,2691.190265,,True
baseline_port_closure_comparison,primary_port_closure,41,1083,heuristic,UNDISRUPTED,131117.000000,26080.000000,0.000000,0.000000,1312.000000,73215.000000,0.000000,30510.000000,0.000000,0.789572,339,24405,0,0.000000,0.000000,0,0,0,0,0.000000,0.000000,0.000000,0.000000,,True
baseline_port_closure_comparison,primary_port_closure,41,1083,heuristic,DISRUPTED,137057.000000,26080.000000,0.000000,0.000000,1312.000000,77535.000000,1620.000000,30510.000000,0.000000,0.789572,339,25845,320,0.148148,3.375000,0,0,0,26,0.000000,0.000000,0.000000,0.007534,,True
baseline_port_closure_comparison,primary_port_closure,41,1083,llm_agent,UNDISRUPTED,131117.000000,26080.000000,0.000000,0.000000,1312.000000,73215.000000,0.000000,30510.000000,0.000000,0.789572,339,24405,0,0.000000,0.000000,0,0,0,0,0.000000,0.000000,0.000000,0.000000,,True
baseline_port_closure_comparison,primary_port_closure,41,1083,llm_agent,DISRUPTED,133177.000000,33080.000000,240.000000,2800.000000,1312.000000,64575.000000,660.000000,30510.000000,0.000000,0.789572,339,21525,80,0.037037,5.500000,3,7,280,11,0.000000,0.000000,0.000000,2526.239719,,True
baseline_port_closure_comparison,primary_port_closure,42,1084,heuristic,UNDISRUPTED,129184.000000,26080.000000,0.000000,0.000000,1308.000000,71556.000000,0.000000,30240.000000,0.000000,0.790000,336,23852,0,0.000000,0.000000,0,0,0,0,0.000000,0.000000,0.000000,0.000000,,True
baseline_port_closure_comparison,primary_port_closure,42,1084,heuristic,DISRUPTED,135124.000000,26080.000000,0.000000,0.000000,1308.000000,75876.000000,1620.000000,30240.000000,0.000000,0.790000,336,25292,320,0.148148,3.375000,0,0,0,26,0.000000,0.000000,0.000000,0.007923,,True
baseline_port_closure_comparison,primary_port_closure,42,1084,llm_agent,UNDISRUPTED,129184.000000,26080.000000,0.000000,0.000000,1308.000000,71556.000000,0.000000,30240.000000,0.000000,0.790000,336,23852,0,0.000000,0.000000,0,0,0,0,0.000000,0.000000,0.000000,0.000000,,True
baseline_port_closure_comparison,primary_port_closure,42,1084,llm_agent,DISRUPTED,131364.000000,33080.000000,240.000000,2800.000000,1308.000000,63036.000000,660.000000,30240.000000,0.000000,0.790000,336,21012,80,0.037037,5.500000,3,7,280,11,0.000000,0.090909,0.090909,2619.042731,,True
baseline_port_closure_comparison,primary_port_closure,43,1085,heuristic,UNDISRUPTED,147773.000000,26080.000000,0.000000,0.000000,1312.000000,84471.000000,0.000000,35910.000000,0.000000,0.753247,399,28157,0,0.000000,0.000000,0,0,0,0,0.000000,0.000000,0.000000,0.000000,,True
baseline_port_closure_comparison,primary_port_closure,43,1085,heuristic,DISRUPTED,153713.000000,26080.000000,0.000000,0.000000,1312.000000,88791.000000,1620.000000,35910.000000,0.000000,0.753247,399,29597,320,0.148148,3.375000,0,0,0,26,0.000000,0.000000,0.000000,0.007567,,True
baseline_port_closure_comparison,primary_port_closure,43,1085,llm_agent,UNDISRUPTED,147773.000000,26080.000000,0.000000,0.000000,1312.000000,84471.000000,0.000000,35910.000000,0.000000,0.753247,399,28157,0,0.000000,0.000000,0,0,0,0,0.000000,0.000000,0.000000,0.000000,,True
baseline_port_closure_comparison,primary_port_closure,43,1085,llm_agent,DISRUPTED,149913.000000,33080.000000,320.000000,2800.000000,1312.000000,75831.000000,660.000000,35910.000000,0.000000,0.753247,399,25277,80,0.037037,5.500000,4,7,280,11,0.000000,0.000000,0.000000,2823.882610,,True
baseline_port_closure_comparison,primary_port_closure,44,1086,heuristic,UNDISRUPTED,125976.000000,26080.000000,0.000000,0.000000,1316.000000,70140.000000,0.000000,28440.000000,0.000000,0.796260,316,23380,0,0.000000,0.000000,0,0,0,0,0.000000,0.000000,0.000000,0.000000,,True
baseline_port_closure_comparison,primary_port_closure,44,1086,heuristic,DISRUPTED,131676.000000,26080.000000,0.000000,0.000000,1316.000000,74220.000000,1620.000000,28440.000000,0.000000,0.796260,316,24740,320,0.148148,3.375000,0,0,0,26,0.000000,0.000000,0.000000,0.008138,,True
baseline_port_closure_comparison,primary_port_closure,44,1086,llm_agent,UNDISRUPTED,125976.000000,26080.000000,0.000000,0.000000,1316.000000,70140.000000,0.000000,28440.000000,0.000000,0.796260,316,23380,0,0.000000,0.000000,0,0,0,0,0.000000,0.000000,0.000000,0.000000,,True
baseline_port_closure_comparison,primary_port_closure,44,1086,llm_agent,DISRUPTED,127916.000000,33080.000000,240.000000,2800.000000,1316.000000,61380.000000,660.000000,28440.000000,0.000000,0.796260,316,20460,80,0.037037,5.500000,3,7,280,11,0.000000,0.000000,0.000000,2354.600348,,True
baseline_port_closure_comparison,primary_port_closure,45,1087,heuristic,UNDISRUPTED,149845.000000,26080.000000,0.000000,0.000000,1308.000000,85467.000000,0.000000,36990.000000,0.000000,0.741672,411,28489,0,0.000000,0.000000,0,0,0,0,0.000000,0.000000,0.000000,0.000000,,True
baseline_port_closure_comparison,primary_port_closure,45,1087,heuristic,DISRUPTED,155905.000000,26080.000000,0.000000,0.000000,1308.000000,89907.000000,1620.000000,36990.000000,0.000000,0.741672,411,29969,320,0.148148,3.375000,0,0,0,26,0.000000,0.000000,0.000000,0.008096,,True
baseline_port_closure_comparison,primary_port_closure,45,1087,llm_agent,UNDISRUPTED,149845.000000,26080.000000,0.000000,0.000000,1308.000000,85467.000000,0.000000,36990.000000,0.000000,0.741672,411,28489,0,0.000000,0.000000,0,0,0,0,0.000000,0.000000,0.000000,0.000000,,True
baseline_port_closure_comparison,primary_port_closure,45,1087,llm_agent,DISRUPTED,152105.000000,33080.000000,320.000000,2800.000000,1308.000000,76947.000000,660.000000,36990.000000,0.000000,0.741672,411,25649,80,0.037037,5.500000,4,7,280,11,0.000000,0.000000,0.000000,2204.620974,,True
baseline_port_closure_comparison,primary_port_closure,46,1088,heuristic,UNDISRUPTED,142976.000000,26080.000000,0.000000,0.000000,1312.000000,81834.000000,0.000000,33750.000000,0.000000,0.765038,375,27278,0,0.000000,0.000000,0,0,0,0,0.000000,0.000000,0.000000,0.000000,,True
baseline_port_closure_comparison,primary_port_closure,46,1088,heuristic,DISRUPTED,148916.000000,26080.000000,0.000000,0.000000,1312.000000,86154.000000,1620.000000,33750.000000,0.000000,0.765038,375,28718,320,0.148148,3.375000,0,0,0,26,0.000000,0.000000,0.000000,0.008096,,True
baseline_port_closure_comparison,primary_port_closure,46,1088,llm_agent,UNDISRUPTED,142976.000000,26080.000000,0.000000,0.000000,1312.000000,81834.000000,0.000000,33750.000000,0.000000,0.765038,375,27278,0,0.000000,0.000000,0,0,0,0,0.000000,0.000000,0.000000,0.000000,,True
baseline_port_closure_comparison,primary_port_closure,46,1088,llm_agent,DISRUPTED,145116.000000,33080.000000,320.000000,2800.000000,1312.000000,73194.000000,660.000000,33750.000000,0.000000,0.765038,375,24398,80,0.037037,5.500000,4,7,280,11,0.000000,0.000000,0.000000,2311.719837,,True
baseline_port_closure_comparison,primary_port_closure,47,1089,heuristic,UNDISRUPTED,143751.000000,26200.000000,0.000000,0.000000,1316.000000,82035.000000,0.000000,34200.000000,0.000000,0.762500,380,27345,0,0.000000,0.000000,0,0,0,0,0.000000,0.000000,0.000000,0.000000,,True
baseline_port_closure_comparison,primary_port_closure,47,1089,heuristic,DISRUPTED,149751.000000,26200.000000,0.000000,0.000000,1316.000000,86355.000000,1680.000000,34200.000000,0.000000,0.762500,380,28785,360,0.163636,3.111111,0,0,0,26,0.000000,0.000000,0.000000,0.007162,,True
baseline_port_closure_comparison,primary_port_closure,47,1089,llm_agent,UNDISRUPTED,143751.000000,26200.000000,0.000000,0.000000,1316.000000,82035.000000,0.000000,34200.000000,0.000000,0.762500,380,27345,0,0.000000,0.000000,0,0,0,0,0.000000,0.000000,0.000000,0.000000,,True
baseline_port_closure_comparison,primary_port_closure,47,1089,llm_agent,DISRUPTED,145771.000000,33200.000000,320.000000,2800.000000,1316.000000,73275.000000,660.000000,34200.000000,0.000000,0.762500,380,24425,80,0.036364,5.500000,4,7,280,11,0.000000,0.000000,0.000000,2224.692682,,True
baseline_port_closure_comparison,primary_port_closure,48,1090,heuristic,UNDISRUPTED,146346.000000,26200.000000,0.000000,0.000000,1304.000000,82752.000000,0.000000,36090.000000,0.000000,0.753079,401,27584,0,0.000000,0.000000,0,0,0,0,0.000000,0.000000,0.000000,0.000000,,True
baseline_port_closure_comparison,primary_port_closure,48,1090,heuristic,DISRUPTED,154086.000000,26200.000000,0.000000,0.000000,1304.000000,88272.000000,2220.000000,36090.000000,0.000000,0.753079,401,29424,400,0.185185,3.700000,0,0,0,31,0.000000,0.000000,0.000000,0.007450,,True
baseline_port_closure_comparison,primary_port_closure,48,1090,llm_agent,UNDISRUPTED,146346.000000,26200.000000,0.000000,0.000000,1304.000000,82752.000000,0.000000,36090.000000,0.000000,0.753079,401,27584,0,0.000000,0.000000,0,0,0,0,0.000000,0.000000,0.000000,0.000000,,True
baseline_port_closure_comparison,primary_port_closure,48,1090,llm_agent,DISRUPTED,148726.000000,33200.000000,320.000000,2800.000000,1304.000000,74232.000000,780.000000,36090.000000,0.000000,0.753079,401,24744,80,0.037037,6.500000,4,7,280,11,0.000000,0.000000,0.000000,2399.343993,,True
baseline_port_closure_comparison,primary_port_closure,49,1091,heuristic,UNDISRUPTED,116785.000000,26080.000000,0.000000,0.000000,1308.000000,63297.000000,0.000000,26100.000000,0.000000,0.813744,290,21099,0,0.000000,0.000000,0,0,0,0,0.000000,0.000000,0.000000,0.000000,,True
baseline_port_closure_comparison,primary_port_closure,49,1091,heuristic,DISRUPTED,122605.000000,26080.000000,0.000000,0.000000,1308.000000,67497.000000,1620.000000,26100.000000,0.000000,0.813744,290,22499,320,0.148148,3.375000,0,0,0,26,0.000000,0.000000,0.000000,0.007348,,True
baseline_port_closure_comparison,primary_port_closure,49,1091,llm_agent,UNDISRUPTED,116785.000000,26080.000000,0.000000,0.000000,1308.000000,63297.000000,0.000000,26100.000000,0.000000,0.813744,290,21099,0,0.000000,0.000000,0,0,0,0,0.000000,0.000000,0.000000,0.000000,,True
baseline_port_closure_comparison,primary_port_closure,49,1091,llm_agent,DISRUPTED,120285.000000,32320.000000,560.000000,2400.000000,1308.000000,56697.000000,900.000000,26100.000000,0.000000,0.813744,290,18899,120,0.055556,5.000000,7,6,240,13,0.000000,0.000000,0.000000,2718.047853,,True
baseline_port_closure_comparison,primary_port_closure,50,1092,heuristic,UNDISRUPTED,130891.000000,26080.000000,0.000000,0.000000,1308.000000,73623.000000,0.000000,29880.000000,0.000000,0.788938,332,24541,0,0.000000,0.000000,0,0,0,0,0.000000,0.000000,0.000000,0.000000,,True
baseline_port_closure_comparison,primary_port_closure,50,1092,heuristic,DISRUPTED,136831.000000,26080.000000,0.000000,0.000000,1308.000000,77943.000000,1620.000000,29880.000000,0.000000,0.788938,332,25981,320,0.148148,3.375000,0,0,0,26,0.000000,0.000000,0.000000,0.008202,,True
baseline_port_closure_comparison,primary_port_closure,50,1092,llm_agent,UNDISRUPTED,130891.000000,26080.000000,0.000000,0.000000,1308.000000,73623.000000,0.000000,29880.000000,0.000000,0.788938,332,24541,0,0.000000,0.000000,0,0,0,0,0.000000,0.000000,0.000000,0.000000,,True
baseline_port_closure_comparison,primary_port_closure,50,1092,llm_agent,DISRUPTED,132951.000000,33080.000000,240.000000,2800.000000,1308.000000,64983.000000,660.000000,29880.000000,0.000000,0.788938,332,21661,80,0.037037,5.500000,3,7,280,11,0.000000,0.000000,0.000000,2640.493174,,True
baseline_port_closure_comparison,primary_port_closure,51,1093,heuristic,UNDISRUPTED,127751.000000,26080.000000,0.000000,0.000000,1312.000000,70689.000000,60.000000,29610.000000,0.000000,0.792298,329,23563,40,0.018519,1.000000,0,0,0,0,0.000000,0.000000,0.000000,0.000000,,True
baseline_port_closure_comparison,primary_port_closure,51,1093,heuristic,DISRUPTED,133571.000000,26080.000000,0.000000,0.000000,1312.000000,74889.000000,1680.000000,29610.000000,0.000000,0.792298,329,24963,360,0.166667,3.111111,0,0,0,26,0.000000,0.000000,0.000000,0.007697,,True
baseline_port_closure_comparison,primary_port_closure,51,1093,llm_agent,UNDISRUPTED,127751.000000,26080.000000,0.000000,0.000000,1312.000000,70689.000000,60.000000,29610.000000,0.000000,0.792298,329,23563,40,0.018519,1.000000,0,0,0,0,0.000000,0.000000,0.000000,0.000000,,True
baseline_port_closure_comparison,primary_port_closure,51,1093,llm_agent,DISRUPTED,129691.000000,33080.000000,240.000000,2800.000000,1312.000000,61929.000000,720.000000,29610.000000,0.000000,0.792298,329,20643,120,0.055556,4.000000,3,7,280,11,0.000000,0.000000,0.000000,2414.502367,,True
baseline_port_closure_comparison,primary_port_closure,52,1094,heuristic,UNDISRUPTED,124207.000000,26080.000000,0.000000,0.000000,1308.000000,68769.000000,60.000000,27990.000000,0.000000,0.800896,311,22923,40,0.018519,1.000000,0,0,0,0,0.000000,0.000000,0.000000,0.000000,,True
baseline_port_closure_comparison,primary_port_closure,52,1094,heuristic,DISRUPTED,130027.000000,26080.000000,0.000000,0.000000,1308.000000,72969.000000,1680.000000,27990.000000,0.000000,0.800896,311,24323,360,0.166667,3.111111,0,0,0,26,0.000000,0.000000,0.000000,0.007918,,True
baseline_port_closure_comparison,primary_port_closure,52,1094,llm_agent,UNDISRUPTED,124207.000000,26080.000000,0.000000,0.000000,1308.000000,68769.000000,60.000000,27990.000000,0.000000,0.800896,311,22923,40,0.018519,1.000000,0,0,0,0,0.000000,0.000000,0.000000,0.000000,,True
baseline_port_closure_comparison,primary_port_closure,52,1094,llm_agent,DISRUPTED,126187.000000,33080.000000,160.000000,2800.000000,1308.000000,60129.000000,720.000000,27990.000000,0.000000,0.800896,311,20043,120,0.055556,4.000000,2,7,280,11,0.000000,0.000000,0.000000,2460.869773,,True
baseline_port_closure_comparison,primary_port_closure,53,1095,heuristic,UNDISRUPTED,135359.000000,26080.000000,0.000000,0.000000,1312.000000,75657.000000,0.000000,32310.000000,0.000000,0.775765,359,25219,0,0.000000,0.000000,0,0,0,0,0.000000,0.000000,0.000000,0.000000,,True
baseline_port_closure_comparison,primary_port_closure,53,1095,heuristic,DISRUPTED,143219.000000,26080.000000,0.000000,0.000000,1312.000000,81297.000000,2220.000000,32310.000000,0.000000,0.775765,359,27099,400,0.185185,3.700000,0,0,0,31,0.000000,0.000000,0.000000,0.007306,,True
baseline_port_closure_comparison,primary_port_closure,53,1095,llm_agent,UNDISRUPTED,135359.000000,26080.000000,0.000000,0.000000,1312.000000,75657.000000,0.000000,32310.000000,0.000000,0.775765,359,25219,0,0.000000,0.000000,0,0,0,0,0.000000,0.000000,0.000000,0.000000,,True
baseline_port_closure_comparison,primary_port_closure,53,1095,llm_agent,DISRUPTED,137859.000000,33080.000000,320.000000,2800.000000,1312.000000,67257.000000,780.000000,32310.000000,0.000000,0.775765,359,22419,80,0.037037,6.500000,4,7,280,11,0.000000,0.000000,0.000000,2894.590693,,True
baseline_port_closure_comparison,primary_port_closure,54,1096,heuristic,UNDISRUPTED,146399.000000,26080.000000,0.000000,0.000000,1432.000000,81897.000000,0.000000,36990.000000,0.000000,0.738550,411,27299,0,0.000000,0.000000,0,0,0,0,0.000000,0.000000,0.000000,0.000000,,True
baseline_port_closure_comparison,primary_port_closure,54,1096,heuristic,DISRUPTED,152459.000000,26080.000000,0.000000,0.000000,1432.000000,86337.000000,1620.000000,36990.000000,0.000000,0.738550,411,28779,320,0.148148,3.375000,0,0,0,26,0.000000,0.000000,0.000000,0.008545,,True
baseline_port_closure_comparison,primary_port_closure,54,1096,llm_agent,UNDISRUPTED,146399.000000,26080.000000,0.000000,0.000000,1432.000000,81897.000000,0.000000,36990.000000,0.000000,0.738550,411,27299,0,0.000000,0.000000,0,0,0,0,0.000000,0.000000,0.000000,0.000000,,True
baseline_port_closure_comparison,primary_port_closure,54,1096,llm_agent,DISRUPTED,148579.000000,33080.000000,240.000000,2800.000000,1432.000000,73377.000000,660.000000,36990.000000,0.000000,0.738550,411,24459,80,0.037037,5.500000,3,7,280,11,0.000000,0.000000,0.000000,2269.055246,,True
baseline_port_closure_comparison,primary_port_closure,55,1097,heuristic,UNDISRUPTED,134450.000000,26080.000000,0.000000,0.000000,1312.000000,75108.000000,0.000000,31950.000000,0.000000,0.779640,355,25036,0,0.000000,0.000000,0,0,0,0,0.000000,0.000000,0.000000,0.000000,,True
baseline_port_closure_comparison,primary_port_closure,55,1097,heuristic,DISRUPTED,140390.000000,26080.000000,0.000000,0.000000,1312.000000,79428.000000,1620.000000,31950.000000,0.000000,0.779640,355,26476,320,0.148148,3.375000,0,0,0,26,0.000000,0.000000,0.000000,0.007784,,True
baseline_port_closure_comparison,primary_port_closure,55,1097,llm_agent,UNDISRUPTED,134450.000000,26080.000000,0.000000,0.000000,1312.000000,75108.000000,0.000000,31950.000000,0.000000,0.779640,355,25036,0,0.000000,0.000000,0,0,0,0,0.000000,0.000000,0.000000,0.000000,,True
baseline_port_closure_comparison,primary_port_closure,55,1097,llm_agent,DISRUPTED,136590.000000,33080.000000,320.000000,2800.000000,1312.000000,66468.000000,660.000000,31950.000000,0.000000,0.779640,355,22156,80,0.037037,5.500000,4,7,280,11,0.000000,0.000000,0.000000,2790.653201,,True
baseline_port_closure_comparison,primary_port_closure,56,1098,heuristic,UNDISRUPTED,136949.000000,26200.000000,0.000000,0.000000,1312.000000,75897.000000,60.000000,33480.000000,0.000000,0.773171,372,25299,40,0.018519,1.000000,0,0,0,0,0.000000,0.000000,0.000000,0.000000,,True
baseline_port_closure_comparison,primary_port_closure,56,1098,heuristic,DISRUPTED,142589.000000,26200.000000,0.000000,0.000000,1312.000000,79977.000000,1620.000000,33480.000000,0.000000,0.773171,372,26659,320,0.148148,3.375000,0,0,0,26,0.000000,0.000000,0.000000,0.007412,,True
baseline_port_closure_comparison,primary_port_closure,56,1098,llm_agent,UNDISRUPTED,136949.000000,26200.000000,0.000000,0.000000,1312.000000,75897.000000,60.000000,33480.000000,0.000000,0.773171,372,25299,40,0.018519,1.000000,0,0,0,0,0.000000,0.000000,0.000000,0.000000,,True
baseline_port_closure_comparison,primary_port_closure,56,1098,llm_agent,DISRUPTED,138709.000000,33200.000000,240.000000,2800.000000,1312.000000,67017.000000,660.000000,33480.000000,0.000000,0.773171,372,22339,80,0.037037,5.500000,3,7,280,11,0.000000,0.000000,0.000000,2382.754117,,True
baseline_port_closure_comparison,primary_port_closure,57,1099,heuristic,UNDISRUPTED,129482.000000,26080.000000,0.000000,0.000000,1312.000000,71400.000000,0.000000,30690.000000,0.000000,0.786475,341,23800,0,0.000000,0.000000,0,0,0,0,0.000000,0.000000,0.000000,0.000000,,True
baseline_port_closure_comparison,primary_port_closure,57,1099,heuristic,DISRUPTED,135542.000000,26080.000000,0.000000,0.000000,1312.000000,75840.000000,1620.000000,30690.000000,0.000000,0.786475,341,25280,320,0.148148,3.375000,0,0,0,26,0.000000,0.000000,0.000000,0.008657,,True
baseline_port_closure_comparison,primary_port_closure,57,1099,llm_agent,UNDISRUPTED,129482.000000,26080.000000,0.000000,0.000000,1312.000000,71400.000000,0.000000,30690.000000,0.000000,0.786475,341,23800,0,0.000000,0.000000,0,0,0,0,0.000000,0.000000,0.000000,0.000000,,True
baseline_port_closure_comparison,primary_port_closure,57,1099,llm_agent,DISRUPTED,131742.000000,33080.000000,320.000000,2800.000000,1312.000000,62880.000000,660.000000,30690.000000,0.000000,0.786475,341,20960,80,0.037037,5.500000,4,7,280,11,0.000000,0.000000,0.000000,2705.935220,,True
baseline_port_closure_comparison,primary_port_closure,58,1100,heuristic,UNDISRUPTED,150362.000000,26080.000000,0.000000,0.000000,1420.000000,85872.000000,0.000000,36990.000000,0.000000,0.739048,411,28624,0,0.000000,0.000000,0,0,0,0,0.000000,0.000000,0.000000,0.000000,,True
baseline_port_closure_comparison,primary_port_closure,58,1100,heuristic,DISRUPTED,156302.000000,26080.000000,0.000000,0.000000,1420.000000,90192.000000,1620.000000,36990.000000,0.000000,0.739048,411,30064,320,0.148148,3.375000,0,0,0,26,0.000000,0.000000,0.000000,0.006550,,True
baseline_port_closure_comparison,primary_port_closure,58,1100,llm_agent,UNDISRUPTED,150362.000000,26080.000000,0.000000,0.000000,1420.000000,85872.000000,0.000000,36990.000000,0.000000,0.739048,411,28624,0,0.000000,0.000000,0,0,0,0,0.000000,0.000000,0.000000,0.000000,,True
baseline_port_closure_comparison,primary_port_closure,58,1100,llm_agent,DISRUPTED,152542.000000,33080.000000,240.000000,2800.000000,1420.000000,77352.000000,660.000000,36990.000000,0.000000,0.739048,411,25784,80,0.037037,5.500000,3,7,280,11,0.000000,0.000000,0.000000,2494.009440,,True
baseline_port_closure_comparison,primary_port_closure,59,1101,heuristic,UNDISRUPTED,131117.000000,26080.000000,0.000000,0.000000,1312.000000,71595.000000,0.000000,32130.000000,0.000000,0.781384,357,23865,0,0.000000,0.000000,0,0,0,0,0.000000,0.000000,0.000000,0.000000,,True
baseline_port_closure_comparison,primary_port_closure,59,1101,heuristic,DISRUPTED,136937.000000,26080.000000,0.000000,0.000000,1312.000000,75795.000000,1620.000000,32130.000000,0.000000,0.781384,357,25265,320,0.148148,3.375000,0,0,0,26,0.000000,0.000000,0.000000,0.008189,,True
baseline_port_closure_comparison,primary_port_closure,59,1101,llm_agent,UNDISRUPTED,131117.000000,26080.000000,0.000000,0.000000,1312.000000,71595.000000,0.000000,32130.000000,0.000000,0.781384,357,23865,0,0.000000,0.000000,0,0,0,0,0.000000,0.000000,0.000000,0.000000,,True
baseline_port_closure_comparison,primary_port_closure,59,1101,llm_agent,DISRUPTED,133137.000000,33080.000000,320.000000,2800.000000,1312.000000,62835.000000,660.000000,32130.000000,0.020208,0.781384,357,20945,80,0.037037,5.500000,4,7,280,11,0.000000,0.000000,0.000000,2628.758875,,True
baseline_port_closure_comparison,primary_port_closure,60,1102,heuristic,UNDISRUPTED,130245.000000,26080.000000,0.000000,0.000000,1316.000000,72159.000000,0.000000,30690.000000,0.000000,0.789506,341,24053,0,0.000000,0.000000,0,0,0,0,0.000000,0.000000,0.000000,0.000000,,True
baseline_port_closure_comparison,primary_port_closure,60,1102,heuristic,DISRUPTED,136185.000000,26080.000000,0.000000,0.000000,1316.000000,76479.000000,1620.000000,30690.000000,0.000000,0.789506,341,25493,320,0.148148,3.375000,0,0,0,26,0.000000,0.000000,0.000000,0.007575,,True
baseline_port_closure_comparison,primary_port_closure,60,1102,llm_agent,UNDISRUPTED,130245.000000,26080.000000,0.000000,0.000000,1316.000000,72159.000000,0.000000,30690.000000,0.000000,0.789506,341,24053,0,0.000000,0.000000,0,0,0,0,0.000000,0.000000,0.000000,0.000000,,True
baseline_port_closure_comparison,primary_port_closure,60,1102,llm_agent,DISRUPTED,132385.000000,33080.000000,320.000000,2800.000000,1316.000000,63519.000000,660.000000,30690.000000,0.000000,0.789506,341,21173,80,0.037037,5.500000,4,7,280,11,0.000000,0.000000,0.000000,2470.402841,,True
baseline_port_closure_comparison,primary_port_closure,61,1103,heuristic,UNDISRUPTED,133069.000000,26080.000000,0.000000,0.000000,1428.000000,72891.000000,0.000000,32670.000000,0.000000,0.769670,363,24297,0,0.000000,0.000000,0,0,0,0,0.000000,0.000000,0.000000,0.000000,,True
baseline_port_closure_comparison,primary_port_closure,61,1103,heuristic,DISRUPTED,139009.000000,26080.000000,0.000000,0.000000,1428.000000,77211.000000,1620.000000,32670.000000,0.000000,0.769670,363,25737,320,0.148148,3.375000,0,0,0,26,0.000000,0.000000,0.000000,0.007804,,True
baseline_port_closure_comparison,primary_port_closure,61,1103,llm_agent,UNDISRUPTED,133069.000000,26080.000000,0.000000,0.000000,1428.000000,72891.000000,0.000000,32670.000000,0.000000,0.769670,363,24297,0,0.000000,0.000000,0,0,0,0,0.000000,0.000000,0.000000,0.000000,,True
baseline_port_closure_comparison,primary_port_closure,61,1103,llm_agent,DISRUPTED,135209.000000,33080.000000,320.000000,2800.000000,1428.000000,64251.000000,660.000000,32670.000000,0.000000,0.769670,363,21417,80,0.037037,5.500000,4,7,280,11,0.000000,0.000000,0.000000,2361.082492,,True
baseline_port_closure_comparison,primary_port_closure,62,1104,heuristic,UNDISRUPTED,139766.000000,26080.000000,0.000000,0.000000,1312.000000,78984.000000,0.000000,33390.000000,0.000000,0.767106,371,26328,0,0.000000,0.000000,0,0,0,0,0.000000,0.000000,0.000000,0.000000,,True
baseline_port_closure_comparison,primary_port_closure,62,1104,heuristic,DISRUPTED,145586.000000,26080.000000,0.000000,0.000000,1312.000000,83184.000000,1620.000000,33390.000000,0.000000,0.767106,371,27728,320,0.148148,3.375000,0,0,0,26,0.000000,0.000000,0.000000,0.008835,,True
baseline_port_closure_comparison,primary_port_closure,62,1104,llm_agent,UNDISRUPTED,139766.000000,26080.000000,0.000000,0.000000,1312.000000,78984.000000,0.000000,33390.000000,0.000000,0.767106,371,26328,0,0.000000,0.000000,0,0,0,0,0.000000,0.000000,0.000000,0.000000,,True
baseline_port_closure_comparison,primary_port_closure,62,1104,llm_agent,DISRUPTED,141786.000000,33080.000000,320.000000,2800.000000,1312.000000,70224.000000,660.000000,33390.000000,0.000000,0.767106,371,23408,80,0.037037,5.500000,4,7,280,11,0.000000,0.000000,0.000000,2644.553129,,True
baseline_port_closure_comparison,primary_port_closure,63,1105,heuristic,UNDISRUPTED,147767.000000,26080.000000,0.000000,0.000000,1312.000000,83835.000000,0.000000,36540.000000,0.000000,0.750308,406,27945,0,0.000000,0.000000,0,0,0,0,0.000000,0.000000,0.000000,0.000000,,True
baseline_port_closure_comparison,primary_port_closure,63,1105,heuristic,DISRUPTED,153827.000000,26080.000000,0.000000,0.000000,1312.000000,88275.000000,1620.000000,36540.000000,0.000000,0.750308,406,29425,320,0.148148,3.375000,0,0,0,26,0.000000,0.000000,0.000000,0.007274,,True
baseline_port_closure_comparison,primary_port_closure,63,1105,llm_agent,UNDISRUPTED,147767.000000,26080.000000,0.000000,0.000000,1312.000000,83835.000000,0.000000,36540.000000,0.000000,0.750308,406,27945,0,0.000000,0.000000,0,0,0,0,0.000000,0.000000,0.000000,0.000000,,True
baseline_port_closure_comparison,primary_port_closure,63,1105,llm_agent,DISRUPTED,149947.000000,33080.000000,240.000000,2800.000000,1312.000000,75315.000000,660.000000,36540.000000,0.000000,0.750308,406,25105,80,0.037037,5.500000,3,7,280,11,0.000000,0.000000,0.000000,2405.125526,,True
baseline_port_closure_comparison,primary_port_closure,64,1106,heuristic,UNDISRUPTED,141210.000000,26080.000000,0.000000,0.000000,1316.000000,78354.000000,0.000000,35460.000000,0.000000,0.760777,394,26118,0,0.000000,0.000000,0,0,0,0,0.000000,0.000000,0.000000,0.000000,,True
baseline_port_closure_comparison,primary_port_closure,64,1106,heuristic,DISRUPTED,147150.000000,26080.000000,0.000000,0.000000,1316.000000,82674.000000,1620.000000,35460.000000,0.000000,0.760777,394,27558,320,0.148148,3.375000,0,0,0,26,0.000000,0.000000,0.000000,0.007934,,True
baseline_port_closure_comparison,primary_port_closure,64,1106,llm_agent,UNDISRUPTED,141210.000000,26080.000000,0.000000,0.000000,1316.000000,78354.000000,0.000000,35460.000000,0.000000,0.760777,394,26118,0,0.000000,0.000000,0,0,0,0,0.000000,0.000000,0.000000,0.000000,,True
baseline_port_closure_comparison,primary_port_closure,64,1106,llm_agent,DISRUPTED,143350.000000,33080.000000,320.000000,2800.000000,1316.000000,69714.000000,660.000000,35460.000000,0.000000,0.760777,394,23238,80,0.037037,5.500000,4,7,280,11,0.000000,0.000000,0.000000,2628.853814,,True
baseline_port_closure_comparison,primary_port_closure,65,1107,heuristic,UNDISRUPTED,149586.000000,26080.000000,0.000000,0.000000,1424.000000,83652.000000,0.000000,38430.000000,0.000000,0.736745,427,27884,0,0.000000,0.000000,0,0,0,0,0.000000,0.000000,0.000000,0.000000,,True
baseline_port_closure_comparison,primary_port_closure,65,1107,heuristic,DISRUPTED,155646.000000,26080.000000,0.000000,0.000000,1424.000000,88092.000000,1620.000000,38430.000000,0.000000,0.736745,427,29364,320,0.148148,3.375000,0,0,0,26,0.000000,0.000000,0.000000,0.008053,,True
baseline_port_closure_comparison,primary_port_closure,65,1107,llm_agent,UNDISRUPTED,149586.000000,26080.000000,0.000000,0.000000,1424.000000,83652.000000,0.000000,38430.000000,0.000000,0.736745,427,27884,0,0.000000,0.000000,0,0,0,0,0.000000,0.000000,0.000000,0.000000,,True
baseline_port_closure_comparison,primary_port_closure,65,1107,llm_agent,DISRUPTED,151846.000000,33080.000000,320.000000,2800.000000,1424.000000,75132.000000,660.000000,38430.000000,0.000000,0.736745,427,25044,80,0.037037,5.500000,4,7,280,11,0.000000,0.000000,0.000000,2796.151962,,True
baseline_port_closure_comparison,primary_port_closure,66,1108,heuristic,UNDISRUPTED,120771.000000,26400.000000,0.000000,0.000000,1308.000000,65883.000000,0.000000,27180.000000,0.000000,0.808010,302,21961,0,0.000000,0.000000,0,0,0,0,0.000000,0.000000,0.000000,0.000000,,True
baseline_port_closure_comparison,primary_port_closure,66,1108,heuristic,DISRUPTED,129171.000000,26400.000000,0.000000,0.000000,1308.000000,71763.000000,2520.000000,27180.000000,0.000000,0.808010,302,23921,400,0.185185,4.200000,0,0,0,30,0.000000,0.000000,0.000000,0.007836,,True
baseline_port_closure_comparison,primary_port_closure,66,1108,llm_agent,UNDISRUPTED,120771.000000,26400.000000,0.000000,0.000000,1308.000000,65883.000000,0.000000,27180.000000,0.000000,0.808010,302,21961,0,0.000000,0.000000,0,0,0,0,0.000000,0.000000,0.000000,0.000000,,True
baseline_port_closure_comparison,primary_port_closure,66,1108,llm_agent,DISRUPTED,124551.000000,33400.000000,400.000000,2800.000000,1308.000000,58203.000000,1260.000000,27180.000000,0.000000,0.808010,302,19401,120,0.055556,7.000000,5,7,280,13,0.000000,0.000000,0.000000,2499.901048,,True
baseline_port_closure_comparison,primary_port_closure,67,1109,heuristic,UNDISRUPTED,158014.000000,26080.000000,0.000000,0.000000,1428.000000,89406.000000,60.000000,41040.000000,0.000000,0.719730,456,29802,40,0.018519,1.000000,0,0,0,1,0.000000,0.000000,0.000000,0.019500,,True
baseline_port_closure_comparison,primary_port_closure,67,1109,heuristic,DISRUPTED,164074.000000,26080.000000,0.000000,0.000000,1428.000000,93846.000000,1680.000000,41040.000000,0.000000,0.719730,456,31282,360,0.166667,3.111111,0,0,0,27,0.000000,0.000000,0.000000,0.007327,,True
baseline_port_closure_comparison,primary_port_closure,67,1109,llm_agent,UNDISRUPTED,158094.000000,26080.000000,80.000000,0.000000,1428.000000,89406.000000,60.000000,41040.000000,0.000000,0.719730,456,29802,40,0.018519,1.000000,1,0,0,1,0.000000,0.000000,0.000000,1894.237125,,True
baseline_port_closure_comparison,primary_port_closure,67,1109,llm_agent,DISRUPTED,160354.000000,33080.000000,400.000000,2800.000000,1428.000000,80886.000000,720.000000,41040.000000,0.000000,0.719730,456,26962,120,0.055556,4.000000,5,7,280,12,0.000000,0.000000,0.000000,2531.929250,,True
baseline_port_closure_comparison,primary_port_closure,68,1110,heuristic,UNDISRUPTED,145769.000000,26080.000000,0.000000,0.000000,1312.000000,82287.000000,0.000000,36090.000000,0.000000,0.750156,401,27429,0,0.000000,0.000000,0,0,0,0,0.000000,0.000000,0.000000,0.000000,,True
baseline_port_closure_comparison,primary_port_closure,68,1110,heuristic,DISRUPTED,151709.000000,26080.000000,0.000000,0.000000,1312.000000,86607.000000,1620.000000,36090.000000,0.000000,0.750156,401,28869,320,0.148148,3.375000,0,0,0,26,0.000000,0.000000,0.000000,0.007647,,True
baseline_port_closure_comparison,primary_port_closure,68,1110,llm_agent,UNDISRUPTED,145769.000000,26080.000000,0.000000,0.000000,1312.000000,82287.000000,0.000000,36090.000000,0.000000,0.750156,401,27429,0,0.000000,0.000000,0,0,0,0,0.000000,0.000000,0.000000,0.000000,,True
baseline_port_closure_comparison,primary_port_closure,68,1110,llm_agent,DISRUPTED,147829.000000,33080.000000,240.000000,2800.000000,1312.000000,73647.000000,660.000000,36090.000000,0.000000,0.750156,401,24549,80,0.037037,5.500000,3,7,280,11,0.000000,0.000000,0.000000,2529.350667,,True
baseline_port_closure_comparison,primary_port_closure,69,1111,heuristic,UNDISRUPTED,129007.000000,26080.000000,0.000000,0.000000,1308.000000,71649.000000,0.000000,29970.000000,0.000000,0.789773,333,23883,0,0.000000,0.000000,0,0,0,0,0.000000,0.000000,0.000000,0.000000,,True
baseline_port_closure_comparison,primary_port_closure,69,1111,heuristic,DISRUPTED,135067.000000,26080.000000,0.000000,0.000000,1308.000000,76089.000000,1620.000000,29970.000000,0.000000,0.789773,333,25363,320,0.148148,3.375000,0,0,0,26,0.000000,0.000000,0.000000,0.007422,,True
baseline_port_closure_comparison,primary_port_closure,69,1111,llm_agent,UNDISRUPTED,129007.000000,26080.000000,0.000000,0.000000,1308.000000,71649.000000,0.000000,29970.000000,0.000000,0.789773,333,23883,0,0.000000,0.000000,0,0,0,0,0.000000,0.000000,0.000000,0.000000,,True
baseline_port_closure_comparison,primary_port_closure,69,1111,llm_agent,DISRUPTED,131267.000000,33080.000000,320.000000,2800.000000,1308.000000,63129.000000,660.000000,29970.000000,0.000000,0.789773,333,21043,80,0.037037,5.500000,4,7,280,11,0.000000,0.000000,0.000000,2410.534277,,True
baseline_port_closure_comparison,primary_port_closure,70,1112,heuristic,UNDISRUPTED,115714.000000,26080.000000,0.000000,0.000000,1308.000000,62226.000000,0.000000,26100.000000,0.000000,0.815051,290,20742,0,0.000000,0.000000,0,0,0,0,0.000000,0.000000,0.000000,0.000000,,True
baseline_port_closure_comparison,primary_port_closure,70,1112,heuristic,DISRUPTED,122194.000000,26080.000000,0.000000,0.000000,1308.000000,66906.000000,1800.000000,26100.000000,0.000000,0.815051,290,22302,360,0.166667,3.333333,0,0,0,26,0.000000,0.000000,0.000000,0.008106,,True
baseline_port_closure_comparison,primary_port_closure,70,1112,llm_agent,UNDISRUPTED,115714.000000,26080.000000,0.000000,0.000000,1308.000000,62226.000000,0.000000,26100.000000,0.000000,0.815051,290,20742,0,0.000000,0.000000,0,0,0,0,0.000000,0.000000,0.000000,0.000000,,True
baseline_port_closure_comparison,primary_port_closure,70,1112,llm_agent,DISRUPTED,118014.000000,33080.000000,240.000000,2800.000000,1308.000000,53826.000000,660.000000,26100.000000,0.036352,0.815051,290,17942,80,0.037037,5.500000,3,7,280,11,0.000000,0.000000,0.000000,2243.198519,,True
baseline_port_closure_comparison,primary_port_closure,71,1113,heuristic,UNDISRUPTED,127933.000000,26080.000000,0.000000,0.000000,1308.000000,71115.000000,0.000000,29430.000000,0.000000,0.793691,327,23705,0,0.000000,0.000000,0,0,0,0,0.000000,0.000000,0.000000,0.000000,,True
baseline_port_closure_comparison,primary_port_closure,71,1113,heuristic,DISRUPTED,133993.000000,26080.000000,0.000000,0.000000,1308.000000,75555.000000,1620.000000,29430.000000,0.000000,0.793691,327,25185,320,0.148148,3.375000,0,0,0,26,0.000000,0.000000,0.000000,0.007700,,True
baseline_port_closure_comparison,primary_port_closure,71,1113,llm_agent,UNDISRUPTED,127933.000000,26080.000000,0.000000,0.000000,1308.000000,71115.000000,0.000000,29430.000000,0.000000,0.793691,327,23705,0,0.000000,0.000000,0,0,0,0,0.000000,0.000000,0.000000,0.000000,,True
baseline_port_closure_comparison,primary_port_closure,71,1113,llm_agent,DISRUPTED,130113.000000,33080.000000,240.000000,2800.000000,1308.000000,62595.000000,660.000000,29430.000000,0.000000,0.793691,327,20865,80,0.037037,5.500000,3,7,280,11,0.000000,0.000000,0.000000,2645.579523,,True
baseline_port_closure_comparison,primary_port_closure,72,1114,heuristic,UNDISRUPTED,138315.000000,26080.000000,0.000000,0.000000,1436.000000,76059.000000,0.000000,34740.000000,0.000000,0.760099,386,25353,0,0.000000,0.000000,0,0,0,0,0.000000,0.000000,0.000000,0.000000,,True
baseline_port_closure_comparison,primary_port_closure,72,1114,heuristic,DISRUPTED,144375.000000,26080.000000,0.000000,0.000000,1436.000000,80499.000000,1620.000000,34740.000000,0.000000,0.760099,386,26833,320,0.148148,3.375000,0,0,0,26,0.000000,0.000000,0.000000,0.007934,,True
baseline_port_closure_comparison,primary_port_closure,72,1114,llm_agent,UNDISRUPTED,138315.000000,26080.000000,0.000000,0.000000,1436.000000,76059.000000,0.000000,34740.000000,0.000000,0.760099,386,25353,0,0.000000,0.000000,0,0,0,0,0.000000,0.000000,0.000000,0.000000,,True
baseline_port_closure_comparison,primary_port_closure,72,1114,llm_agent,DISRUPTED,140575.000000,33080.000000,320.000000,2800.000000,1436.000000,67539.000000,660.000000,34740.000000,0.000000,0.760099,386,22513,80,0.037037,5.500000,4,7,280,11,0.000000,0.000000,0.000000,2383.358390,,True
baseline_port_closure_comparison,primary_port_closure,73,1115,heuristic,UNDISRUPTED,131413.000000,26080.000000,0.000000,0.000000,1308.000000,73065.000000,0.000000,30960.000000,0.000000,0.783648,344,24355,0,0.000000,0.000000,0,0,0,0,0.000000,0.000000,0.000000,0.000000,,True
baseline_port_closure_comparison,primary_port_closure,73,1115,heuristic,DISRUPTED,137113.000000,26080.000000,0.000000,0.000000,1308.000000,77145.000000,1620.000000,30960.000000,0.000000,0.783648,344,25715,320,0.148148,3.375000,0,0,0,26,0.000000,0.000000,0.000000,0.007346,,True
baseline_port_closure_comparison,primary_port_closure,73,1115,llm_agent,UNDISRUPTED,131413.000000,26080.000000,0.000000,0.000000,1308.000000,73065.000000,0.000000,30960.000000,0.000000,0.783648,344,24355,0,0.000000,0.000000,0,0,0,0,0.000000,0.000000,0.000000,0.000000,,True
baseline_port_closure_comparison,primary_port_closure,73,1115,llm_agent,DISRUPTED,133233.000000,33080.000000,240.000000,2800.000000,1308.000000,64185.000000,660.000000,30960.000000,0.000000,0.783648,344,21395,80,0.037037,5.500000,3,7,280,11,0.000000,0.000000,0.000000,2768.275099,,True
baseline_port_closure_comparison,primary_port_closure,74,1116,heuristic,UNDISRUPTED,126787.000000,26080.000000,0.000000,0.000000,1308.000000,70869.000000,0.000000,28530.000000,0.000000,0.794022,317,23623,0,0.000000,0.000000,0,0,0,0,0.000000,0.000000,0.000000,0.000000,,True
baseline_port_closure_comparison,primary_port_closure,74,1116,heuristic,DISRUPTED,132847.000000,26080.000000,0.000000,0.000000,1308.000000,75309.000000,1620.000000,28530.000000,0.000000,0.794022,317,25103,320,0.148148,3.375000,0,0,0,26,0.000000,0.000000,0.000000,0.008045,,True
baseline_port_closure_comparison,primary_port_closure,74,1116,llm_agent,UNDISRUPTED,126787.000000,26080.000000,0.000000,0.000000,1308.000000,70869.000000,0.000000,28530.000000,0.000000,0.794022,317,23623,0,0.000000,0.000000,0,0,0,0,0.000000,0.000000,0.000000,0.000000,,True
baseline_port_closure_comparison,primary_port_closure,74,1116,llm_agent,DISRUPTED,128967.000000,33080.000000,240.000000,2800.000000,1308.000000,62349.000000,660.000000,28530.000000,0.000000,0.794022,317,20783,80,0.037037,5.500000,3,7,280,11,0.000000,0.000000,0.000000,2723.383053,,True
baseline_port_closure_comparison,primary_port_closure,75,1117,heuristic,UNDISRUPTED,142461.000000,26080.000000,0.000000,0.000000,1424.000000,79227.000000,180.000000,35550.000000,0.000000,0.748887,395,26409,120,0.055556,1.000000,0,0,0,2,0.000000,0.000000,0.000000,0.014563,,True
baseline_port_closure_comparison,primary_port_closure,75,1117,heuristic,DISRUPTED,148401.000000,26080.000000,0.000000,0.000000,1424.000000,83547.000000,1800.000000,35550.000000,0.000000,0.748887,395,27849,440,0.203704,2.727273,0,0,0,28,0.000000,0.000000,0.000000,0.007436,,True
baseline_port_closure_comparison,primary_port_closure,75,1117,llm_agent,UNDISRUPTED,142541.000000,26080.000000,80.000000,0.000000,1424.000000,79227.000000,180.000000,35550.000000,0.000000,0.748887,395,26409,120,0.055556,1.000000,1,0,0,2,0.000000,0.000000,0.000000,1999.134375,,True
baseline_port_closure_comparison,primary_port_closure,75,1117,llm_agent,DISRUPTED,144521.000000,33080.000000,240.000000,2800.000000,1424.000000,70587.000000,840.000000,35550.000000,0.000000,0.748887,395,23529,200,0.092593,2.800000,3,7,280,13,0.000000,0.000000,0.000000,2596.586997,,True
baseline_port_closure_comparison,primary_port_closure,76,1118,heuristic,UNDISRUPTED,156203.000000,26080.000000,0.000000,0.000000,1312.000000,89211.000000,0.000000,39600.000000,0.000000,0.734139,440,29737,0,0.000000,0.000000,0,0,0,0,0.000000,0.000000,0.000000,0.000000,,True
baseline_port_closure_comparison,primary_port_closure,76,1118,heuristic,DISRUPTED,162143.000000,26080.000000,0.000000,0.000000,1312.000000,93531.000000,1620.000000,39600.000000,0.000000,0.734139,440,31177,320,0.148148,3.375000,0,0,0,26,0.000000,0.000000,0.000000,0.007644,,True
baseline_port_closure_comparison,primary_port_closure,76,1118,llm_agent,UNDISRUPTED,156203.000000,26080.000000,0.000000,0.000000,1312.000000,89211.000000,0.000000,39600.000000,0.000000,0.734139,440,29737,0,0.000000,0.000000,0,0,0,0,0.000000,0.000000,0.000000,0.000000,,True
baseline_port_closure_comparison,primary_port_closure,76,1118,llm_agent,DISRUPTED,158263.000000,33080.000000,240.000000,2800.000000,1312.000000,80571.000000,660.000000,39600.000000,0.000000,0.734139,440,26857,80,0.037037,5.500000,3,7,280,11,0.000000,0.000000,0.000000,2531.188879,,True
baseline_port_closure_comparison,primary_port_closure,77,1119,heuristic,UNDISRUPTED,134162.000000,26080.000000,0.000000,0.000000,1312.000000,74670.000000,60.000000,32040.000000,0.000000,0.779156,356,24890,40,0.018519,1.000000,0,0,0,1,0.000000,0.000000,0.000000,0.036916,,True
baseline_port_closure_comparison,primary_port_closure,77,1119,heuristic,DISRUPTED,139982.000000,26080.000000,0.000000,0.000000,1312.000000,78870.000000,1680.000000,32040.000000,0.000000,0.779156,356,26290,360,0.166667,3.111111,0,0,0,27,0.000000,0.000000,0.000000,0.007606,,True
baseline_port_closure_comparison,primary_port_closure,77,1119,llm_agent,UNDISRUPTED,134242.000000,26080.000000,80.000000,0.000000,1312.000000,74670.000000,60.000000,32040.000000,0.000000,0.779156,356,24890,40,0.018519,1.000000,1,0,0,1,0.000000,0.000000,0.000000,1946.962459,,True
baseline_port_closure_comparison,primary_port_closure,77,1119,llm_agent,DISRUPTED,136182.000000,33080.000000,320.000000,2800.000000,1312.000000,65910.000000,720.000000,32040.000000,0.000000,0.779156,356,21970,120,0.055556,4.000000,4,7,280,12,0.000000,0.000000,0.000000,2784.138382,,True
baseline_port_closure_comparison,primary_port_closure,78,1120,heuristic,UNDISRUPTED,134922.000000,26080.000000,0.000000,0.000000,1316.000000,75396.000000,0.000000,32130.000000,0.000000,0.777293,357,25132,0,0.000000,0.000000,0,0,0,0,0.000000,0.000000,0.000000,0.000000,,True
baseline_port_closure_comparison,primary_port_closure,78,1120,heuristic,DISRUPTED,140862.000000,26080.000000,0.000000,0.000000,1316.000000,79716.000000,1620.000000,32130.000000,0.000000,0.777293,357,26572,320,0.148148,3.375000,0,0,0,26,0.000000,0.000000,0.000000,0.007955,,True
baseline_port_closure_comparison,primary_port_closure,78,1120,llm_agent,UNDISRUPTED,134922.000000,26080.000000,0.000000,0.000000,1316.000000,75396.000000,0.000000,32130.000000,0.000000,0.777293,357,25132,0,0.000000,0.000000,0,0,0,0,0.000000,0.000000,0.000000,0.000000,,True
baseline_port_closure_comparison,primary_port_closure,78,1120,llm_agent,DISRUPTED,137062.000000,33080.000000,320.000000,2800.000000,1316.000000,66756.000000,660.000000,32130.000000,0.000000,0.777293,357,22252,80,0.037037,5.500000,4,7,280,11,0.000000,0.000000,0.000000,2540.462644,,True
baseline_port_closure_comparison,primary_port_closure,79,1121,heuristic,UNDISRUPTED,126335.000000,26080.000000,0.000000,0.000000,1300.000000,69885.000000,0.000000,29070.000000,0.000000,0.794136,323,23295,0,0.000000,0.000000,0,0,0,0,0.000000,0.000000,0.000000,0.000000,,True
baseline_port_closure_comparison,primary_port_closure,79,1121,heuristic,DISRUPTED,132635.000000,26080.000000,0.000000,0.000000,1300.000000,74445.000000,1740.000000,29070.000000,0.000000,0.794136,323,24815,360,0.166667,3.222222,0,0,0,26,0.000000,0.000000,0.000000,0.008162,,True
baseline_port_closure_comparison,primary_port_closure,79,1121,llm_agent,UNDISRUPTED,126335.000000,26080.000000,0.000000,0.000000,1300.000000,69885.000000,0.000000,29070.000000,0.000000,0.794136,323,23295,0,0.000000,0.000000,0,0,0,0,0.000000,0.000000,0.000000,0.000000,,True
baseline_port_closure_comparison,primary_port_closure,79,1121,llm_agent,DISRUPTED,128475.000000,33080.000000,320.000000,2800.000000,1300.000000,61245.000000,660.000000,29070.000000,0.000000,0.794136,323,20415,80,0.037037,5.500000,4,7,280,11,0.000000,0.000000,0.000000,2485.167084,,True
baseline_port_closure_comparison,primary_port_closure,80,1122,heuristic,UNDISRUPTED,158923.000000,26080.000000,0.000000,0.000000,1308.000000,91215.000000,0.000000,40320.000000,0.000000,0.732537,448,30405,0,0.000000,0.000000,0,0,0,0,0.000000,0.000000,0.000000,0.000000,,True
baseline_port_closure_comparison,primary_port_closure,80,1122,heuristic,DISRUPTED,164863.000000,26080.000000,0.000000,0.000000,1308.000000,95535.000000,1620.000000,40320.000000,0.000000,0.732537,448,31845,320,0.148148,3.375000,0,0,0,26,0.000000,0.000000,0.000000,0.008046,,True
baseline_port_closure_comparison,primary_port_closure,80,1122,llm_agent,UNDISRUPTED,158923.000000,26080.000000,0.000000,0.000000,1308.000000,91215.000000,0.000000,40320.000000,0.000000,0.732537,448,30405,0,0.000000,0.000000,0,0,0,0,0.000000,0.000000,0.000000,0.000000,,True
baseline_port_closure_comparison,primary_port_closure,80,1122,llm_agent,DISRUPTED,161063.000000,33080.000000,320.000000,2800.000000,1308.000000,82575.000000,660.000000,40320.000000,0.000000,0.732537,448,27525,80,0.037037,5.500000,4,7,280,11,0.000000,0.000000,0.000000,2628.750799,,True
baseline_port_closure_comparison,primary_port_closure,81,1123,heuristic,UNDISRUPTED,126739.000000,26080.000000,0.000000,0.000000,1308.000000,69921.000000,0.000000,29430.000000,0.000000,0.792513,327,23307,0,0.000000,0.000000,0,0,0,0,0.000000,0.000000,0.000000,0.000000,,True
baseline_port_closure_comparison,primary_port_closure,81,1123,heuristic,DISRUPTED,132559.000000,26080.000000,0.000000,0.000000,1308.000000,74121.000000,1620.000000,29430.000000,0.000000,0.792513,327,24707,320,0.148148,3.375000,0,0,0,26,0.000000,0.000000,0.000000,0.007524,,True
baseline_port_closure_comparison,primary_port_closure,81,1123,llm_agent,UNDISRUPTED,126739.000000,26080.000000,0.000000,0.000000,1308.000000,69921.000000,0.000000,29430.000000,0.000000,0.792513,327,23307,0,0.000000,0.000000,0,0,0,0,0.000000,0.000000,0.000000,0.000000,,True
baseline_port_closure_comparison,primary_port_closure,81,1123,llm_agent,DISRUPTED,128759.000000,33080.000000,320.000000,2800.000000,1308.000000,61161.000000,660.000000,29430.000000,0.000000,0.792513,327,20387,80,0.037037,5.500000,4,7,280,11,0.000000,0.000000,0.000000,2476.868451,,True
baseline_port_closure_comparison,primary_port_closure,82,1124,heuristic,UNDISRUPTED,137772.000000,26080.000000,0.000000,0.000000,1316.000000,78066.000000,0.000000,32310.000000,0.000000,0.774497,359,26022,0,0.000000,0.000000,0,0,0,0,0.000000,0.000000,0.000000,0.000000,,True
baseline_port_closure_comparison,primary_port_closure,82,1124,heuristic,DISRUPTED,143712.000000,26080.000000,0.000000,0.000000,1316.000000,82386.000000,1620.000000,32310.000000,0.000000,0.774497,359,27462,320,0.148148,3.375000,0,0,0,26,0.000000,0.000000,0.000000,0.007167,,True
baseline_port_closure_comparison,primary_port_closure,82,1124,llm_agent,UNDISRUPTED,137772.000000,26080.000000,0.000000,0.000000,1316.000000,78066.000000,0.000000,32310.000000,0.000000,0.774497,359,26022,0,0.000000,0.000000,0,0,0,0,0.000000,0.000000,0.000000,0.000000,,True
baseline_port_closure_comparison,primary_port_closure,82,1124,llm_agent,DISRUPTED,139832.000000,33080.000000,240.000000,2800.000000,1316.000000,69426.000000,660.000000,32310.000000,0.000000,0.774497,359,23142,80,0.037037,5.500000,3,7,280,11,0.000000,0.000000,0.000000,2129.038356,,True
baseline_port_closure_comparison,primary_port_closure,83,1125,heuristic,UNDISRUPTED,146822.000000,26080.000000,0.000000,0.000000,1312.000000,83250.000000,0.000000,36180.000000,0.000000,0.753223,402,27750,0,0.000000,0.000000,0,0,0,0,0.000000,0.000000,0.000000,0.000000,,True
baseline_port_closure_comparison,primary_port_closure,83,1125,heuristic,DISRUPTED,152762.000000,26080.000000,0.000000,0.000000,1312.000000,87570.000000,1620.000000,36180.000000,0.000000,0.753223,402,29190,320,0.148148,3.375000,0,0,0,26,0.000000,0.000000,0.000000,0.007412,,True
baseline_port_closure_comparison,primary_port_closure,83,1125,llm_agent,UNDISRUPTED,146822.000000,26080.000000,0.000000,0.000000,1312.000000,83250.000000,0.000000,36180.000000,0.000000,0.753223,402,27750,0,0.000000,0.000000,0,0,0,0,0.000000,0.000000,0.000000,0.000000,,True
baseline_port_closure_comparison,primary_port_closure,83,1125,llm_agent,DISRUPTED,148962.000000,33080.000000,320.000000,2800.000000,1312.000000,74610.000000,660.000000,36180.000000,0.000000,0.753223,402,24870,80,0.037037,5.500000,4,7,280,11,0.000000,0.000000,0.000000,3231.341310,,True
baseline_port_closure_comparison,primary_port_closure,84,1126,heuristic,UNDISRUPTED,143358.000000,26200.000000,0.000000,0.000000,1304.000000,81324.000000,60.000000,34470.000000,0.000000,0.762848,383,27108,40,0.018519,1.000000,0,0,0,0,0.000000,0.000000,0.000000,0.000000,,True
baseline_port_closure_comparison,primary_port_closure,84,1126,heuristic,DISRUPTED,149298.000000,26200.000000,0.000000,0.000000,1304.000000,85644.000000,1680.000000,34470.000000,0.000000,0.762848,383,28548,360,0.166667,3.111111,0,0,0,26,0.000000,0.000000,0.000000,0.007409,,True
baseline_port_closure_comparison,primary_port_closure,84,1126,llm_agent,UNDISRUPTED,143358.000000,26200.000000,0.000000,0.000000,1304.000000,81324.000000,60.000000,34470.000000,0.000000,0.762848,383,27108,40,0.018519,1.000000,0,0,0,0,0.000000,0.000000,0.000000,0.000000,,True
baseline_port_closure_comparison,primary_port_closure,84,1126,llm_agent,DISRUPTED,145498.000000,33200.000000,320.000000,2800.000000,1304.000000,72684.000000,720.000000,34470.000000,0.000000,0.762848,383,24228,120,0.055556,4.000000,4,7,280,11,0.000000,0.000000,0.000000,2423.737045,,True
baseline_port_closure_comparison,primary_port_closure,85,1127,heuristic,UNDISRUPTED,136877.000000,26080.000000,0.000000,0.000000,1312.000000,76725.000000,0.000000,32760.000000,0.000000,0.771500,364,25575,0,0.000000,0.000000,0,0,0,0,0.000000,0.000000,0.000000,0.000000,,True
baseline_port_closure_comparison,primary_port_closure,85,1127,heuristic,DISRUPTED,142817.000000,26080.000000,0.000000,0.000000,1312.000000,81045.000000,1620.000000,32760.000000,0.000000,0.771500,364,27015,320,0.148148,3.375000,0,0,0,26,0.000000,0.000000,0.000000,0.007962,,True
baseline_port_closure_comparison,primary_port_closure,85,1127,llm_agent,UNDISRUPTED,136877.000000,26080.000000,0.000000,0.000000,1312.000000,76725.000000,0.000000,32760.000000,0.000000,0.771500,364,25575,0,0.000000,0.000000,0,0,0,0,0.000000,0.000000,0.000000,0.000000,,True
baseline_port_closure_comparison,primary_port_closure,85,1127,llm_agent,DISRUPTED,138937.000000,33080.000000,240.000000,2800.000000,1312.000000,68085.000000,660.000000,32760.000000,0.000000,0.771500,364,22695,80,0.037037,5.500000,3,7,280,11,0.000000,0.000000,0.000000,2470.502659,,True
baseline_port_closure_comparison,primary_port_closure,86,1128,heuristic,UNDISRUPTED,131530.000000,26080.000000,0.000000,0.000000,1308.000000,73362.000000,0.000000,30780.000000,0.000000,0.785311,342,24454,0,0.000000,0.000000,0,0,0,0,0.000000,0.000000,0.000000,0.000000,,True
baseline_port_closure_comparison,primary_port_closure,86,1128,heuristic,DISRUPTED,139570.000000,26080.000000,0.000000,0.000000,1308.000000,79002.000000,2400.000000,30780.000000,0.000000,0.785311,342,26334,400,0.185185,4.000000,0,0,0,29,0.000000,0.000000,0.000000,0.007741,,True
baseline_port_closure_comparison,primary_port_closure,86,1128,llm_agent,UNDISRUPTED,131530.000000,26080.000000,0.000000,0.000000,1308.000000,73362.000000,0.000000,30780.000000,0.000000,0.785311,342,24454,0,0.000000,0.000000,0,0,0,0,0.000000,0.000000,0.000000,0.000000,,True
baseline_port_closure_comparison,primary_port_closure,86,1128,llm_agent,DISRUPTED,133710.000000,33080.000000,240.000000,2800.000000,1308.000000,64722.000000,780.000000,30780.000000,0.000000,0.785311,342,21574,80,0.037037,6.500000,3,7,280,11,0.000000,0.000000,0.000000,2524.388606,,True
baseline_port_closure_comparison,primary_port_closure,87,1129,heuristic,UNDISRUPTED,130111.000000,26080.000000,0.000000,0.000000,1308.000000,72393.000000,0.000000,30330.000000,0.000000,0.790423,337,24131,0,0.000000,0.000000,0,0,0,0,0.000000,0.000000,0.000000,0.000000,,True
baseline_port_closure_comparison,primary_port_closure,87,1129,heuristic,DISRUPTED,135931.000000,26080.000000,0.000000,0.000000,1308.000000,76593.000000,1620.000000,30330.000000,0.000000,0.790423,337,25531,320,0.148148,3.375000,0,0,0,26,0.000000,0.000000,0.000000,0.007870,,True
baseline_port_closure_comparison,primary_port_closure,87,1129,llm_agent,UNDISRUPTED,130111.000000,26080.000000,0.000000,0.000000,1308.000000,72393.000000,0.000000,30330.000000,0.000000,0.790423,337,24131,0,0.000000,0.000000,0,0,0,0,0.000000,0.000000,0.000000,0.000000,,True
baseline_port_closure_comparison,primary_port_closure,87,1129,llm_agent,DISRUPTED,132051.000000,33080.000000,240.000000,2800.000000,1308.000000,63633.000000,660.000000,30330.000000,0.000000,0.790423,337,21211,80,0.037037,5.500000,3,7,280,11,0.000000,0.000000,0.000000,8979.118917,,True
baseline_port_closure_comparison,primary_port_closure,88,1130,heuristic,UNDISRUPTED,140049.000000,26080.000000,0.000000,0.000000,1304.000000,79095.000000,0.000000,33570.000000,0.000000,0.770037,373,26365,0,0.000000,0.000000,0,0,0,0,0.000000,0.000000,0.000000,0.000000,,True
baseline_port_closure_comparison,primary_port_closure,88,1130,heuristic,DISRUPTED,145869.000000,26080.000000,0.000000,0.000000,1304.000000,83295.000000,1620.000000,33570.000000,0.000000,0.770037,373,27765,320,0.148148,3.375000,0,0,0,26,0.000000,0.000000,0.000000,0.007720,,True
baseline_port_closure_comparison,primary_port_closure,88,1130,llm_agent,UNDISRUPTED,140049.000000,26080.000000,0.000000,0.000000,1304.000000,79095.000000,0.000000,33570.000000,0.000000,0.770037,373,26365,0,0.000000,0.000000,0,0,0,0,0.000000,0.000000,0.000000,0.000000,,True
baseline_port_closure_comparison,primary_port_closure,88,1130,llm_agent,DISRUPTED,141989.000000,33080.000000,240.000000,2800.000000,1304.000000,70335.000000,660.000000,33570.000000,0.000000,0.770037,373,23445,80,0.037037,5.500000,3,7,280,11,0.000000,0.000000,0.000000,2237.565299,,True
baseline_port_closure_comparison,primary_port_closure,89,1131,heuristic,UNDISRUPTED,142561.000000,26080.000000,0.000000,0.000000,1308.000000,80613.000000,0.000000,34560.000000,0.000000,0.759398,384,26871,0,0.000000,0.000000,0,0,0,0,0.000000,0.000000,0.000000,0.000000,,True
baseline_port_closure_comparison,primary_port_closure,89,1131,heuristic,DISRUPTED,148501.000000,26080.000000,0.000000,0.000000,1308.000000,84933.000000,1620.000000,34560.000000,0.000000,0.759398,384,28311,320,0.148148,3.375000,0,0,0,26,0.000000,0.000000,0.000000,0.007962,,True
baseline_port_closure_comparison,primary_port_closure,89,1131,llm_agent,UNDISRUPTED,142561.000000,26080.000000,0.000000,0.000000,1308.000000,80613.000000,0.000000,34560.000000,0.000000,0.759398,384,26871,0,0.000000,0.000000,0,0,0,0,0.000000,0.000000,0.000000,0.000000,,True
baseline_port_closure_comparison,primary_port_closure,89,1131,llm_agent,DISRUPTED,144621.000000,33080.000000,240.000000,2800.000000,1308.000000,71973.000000,660.000000,34560.000000,0.000000,0.759398,384,23991,80,0.037037,5.500000,3,7,280,11,0.000000,0.000000,0.000000,2276.024401,,True
baseline_port_closure_comparison,primary_port_closure,90,1132,heuristic,UNDISRUPTED,141019.000000,26080.000000,0.000000,0.000000,1308.000000,79431.000000,0.000000,34200.000000,0.000000,0.764706,380,26477,0,0.000000,0.000000,0,0,0,0,0.000000,0.000000,0.000000,0.000000,,True
baseline_port_closure_comparison,primary_port_closure,90,1132,heuristic,DISRUPTED,147079.000000,26080.000000,0.000000,0.000000,1308.000000,83871.000000,1620.000000,34200.000000,0.000000,0.764706,380,27957,320,0.148148,3.375000,0,0,0,26,0.000000,0.000000,0.000000,0.006894,,True
baseline_port_closure_comparison,primary_port_closure,90,1132,llm_agent,UNDISRUPTED,141019.000000,26080.000000,0.000000,0.000000,1308.000000,79431.000000,0.000000,34200.000000,0.000000,0.764706,380,26477,0,0.000000,0.000000,0,0,0,0,0.000000,0.000000,0.000000,0.000000,,True
baseline_port_closure_comparison,primary_port_closure,90,1132,llm_agent,DISRUPTED,144499.000000,32320.000000,480.000000,2400.000000,1308.000000,72951.000000,840.000000,34200.000000,0.000000,0.764706,380,24317,120,0.055556,4.666667,6,6,240,13,0.000000,0.000000,0.000000,3837.836516,,True
baseline_port_closure_comparison,primary_port_closure,91,1133,heuristic,UNDISRUPTED,137307.000000,26200.000000,0.000000,0.000000,1304.000000,77313.000000,0.000000,32490.000000,0.000000,0.771229,361,25771,0,0.000000,0.000000,0,0,0,0,0.000000,0.000000,0.000000,0.000000,,True
baseline_port_closure_comparison,primary_port_closure,91,1133,heuristic,DISRUPTED,143787.000000,26200.000000,0.000000,0.000000,1304.000000,81993.000000,1800.000000,32490.000000,0.000000,0.771229,361,27331,320,0.148148,3.750000,0,0,0,26,0.000000,0.000000,0.000000,0.007449,,True
baseline_port_closure_comparison,primary_port_closure,91,1133,llm_agent,UNDISRUPTED,137307.000000,26200.000000,0.000000,0.000000,1304.000000,77313.000000,0.000000,32490.000000,0.000000,0.771229,361,25771,0,0.000000,0.000000,0,0,0,0,0.000000,0.000000,0.000000,0.000000,,True
baseline_port_closure_comparison,primary_port_closure,91,1133,llm_agent,DISRUPTED,139447.000000,33200.000000,320.000000,2800.000000,1304.000000,68673.000000,660.000000,32490.000000,0.000000,0.771229,361,22891,80,0.037037,5.500000,4,7,280,11,0.000000,0.000000,0.000000,2430.570060,,True
baseline_port_closure_comparison,primary_port_closure,92,1134,heuristic,UNDISRUPTED,151158.000000,26080.000000,0.000000,0.000000,1316.000000,86412.000000,0.000000,37350.000000,0.000000,0.746487,415,28804,0,0.000000,0.000000,0,0,0,0,0.000000,0.000000,0.000000,0.000000,,True
baseline_port_closure_comparison,primary_port_closure,92,1134,heuristic,DISRUPTED,156978.000000,26080.000000,0.000000,0.000000,1316.000000,90612.000000,1620.000000,37350.000000,0.000000,0.746487,415,30204,320,0.148148,3.375000,0,0,0,26,0.000000,0.000000,0.000000,0.007902,,True
baseline_port_closure_comparison,primary_port_closure,92,1134,llm_agent,UNDISRUPTED,151158.000000,26080.000000,0.000000,0.000000,1316.000000,86412.000000,0.000000,37350.000000,0.000000,0.746487,415,28804,0,0.000000,0.000000,0,0,0,0,0.000000,0.000000,0.000000,0.000000,,True
baseline_port_closure_comparison,primary_port_closure,92,1134,llm_agent,DISRUPTED,154278.000000,32320.000000,480.000000,2400.000000,1316.000000,79572.000000,840.000000,37350.000000,0.000000,0.746487,415,26524,120,0.055556,4.666667,6,6,240,13,0.000000,0.000000,0.000000,2182.275192,,True
baseline_port_closure_comparison,primary_port_closure,93,1135,heuristic,UNDISRUPTED,140322.000000,26080.000000,0.000000,0.000000,1304.000000,79278.000000,0.000000,33660.000000,0.000000,0.765517,374,26426,0,0.000000,0.000000,0,0,0,0,0.000000,0.000000,0.000000,0.000000,,True
baseline_port_closure_comparison,primary_port_closure,93,1135,heuristic,DISRUPTED,146262.000000,26080.000000,0.000000,0.000000,1304.000000,83598.000000,1620.000000,33660.000000,0.000000,0.765517,374,27866,320,0.148148,3.375000,0,0,0,26,0.000000,0.000000,0.000000,0.007865,,True
baseline_port_closure_comparison,primary_port_closure,93,1135,llm_agent,UNDISRUPTED,140322.000000,26080.000000,0.000000,0.000000,1304.000000,79278.000000,0.000000,33660.000000,0.000000,0.765517,374,26426,0,0.000000,0.000000,0,0,0,0,0.000000,0.000000,0.000000,0.000000,,True
baseline_port_closure_comparison,primary_port_closure,93,1135,llm_agent,DISRUPTED,142382.000000,33080.000000,240.000000,2800.000000,1304.000000,70638.000000,660.000000,33660.000000,0.000000,0.765517,374,23546,80,0.037037,5.500000,3,7,280,11,0.000000,0.000000,0.000000,2415.083273,,True
baseline_port_closure_comparison,primary_port_closure,94,1136,heuristic,UNDISRUPTED,135816.000000,26080.000000,0.000000,0.000000,1304.000000,75852.000000,0.000000,32580.000000,0.000000,0.772040,362,25284,0,0.000000,0.000000,0,0,0,0,0.000000,0.000000,0.000000,0.000000,,True
baseline_port_closure_comparison,primary_port_closure,94,1136,heuristic,DISRUPTED,141636.000000,26080.000000,0.000000,0.000000,1304.000000,80052.000000,1620.000000,32580.000000,0.000000,0.772040,362,26684,320,0.148148,3.375000,0,0,0,26,0.000000,0.000000,0.000000,0.006796,,True
baseline_port_closure_comparison,primary_port_closure,94,1136,llm_agent,UNDISRUPTED,135816.000000,26080.000000,0.000000,0.000000,1304.000000,75852.000000,0.000000,32580.000000,0.000000,0.772040,362,25284,0,0.000000,0.000000,0,0,0,0,0.000000,0.000000,0.000000,0.000000,,True
baseline_port_closure_comparison,primary_port_closure,94,1136,llm_agent,DISRUPTED,137756.000000,33080.000000,240.000000,2800.000000,1304.000000,67092.000000,660.000000,32580.000000,0.000000,0.772040,362,22364,80,0.037037,5.500000,3,7,280,11,0.000000,0.000000,0.000000,2252.264610,,True
baseline_port_closure_comparison,primary_port_closure,95,1137,heuristic,UNDISRUPTED,131021.000000,26080.000000,0.000000,0.000000,1312.000000,72699.000000,60.000000,30870.000000,0.000000,0.786426,343,24233,40,0.018519,1.000000,0,0,0,0,0.000000,0.000000,0.000000,0.000000,,True
baseline_port_closure_comparison,primary_port_closure,95,1137,heuristic,DISRUPTED,136841.000000,26080.000000,0.000000,0.000000,1312.000000,76899.000000,1680.000000,30870.000000,0.000000,0.786426,343,25633,360,0.166667,3.111111,0,0,0,26,0.000000,0.000000,0.000000,0.007944,,True
baseline_port_closure_comparison,primary_port_closure,95,1137,llm_agent,UNDISRUPTED,131021.000000,26080.000000,0.000000,0.000000,1312.000000,72699.000000,60.000000,30870.000000,0.000000,0.786426,343,24233,40,0.018519,1.000000,0,0,0,0,0.000000,0.000000,0.000000,0.000000,,True
baseline_port_closure_comparison,primary_port_closure,95,1137,llm_agent,DISRUPTED,133161.000000,33080.000000,320.000000,2800.000000,1312.000000,64059.000000,720.000000,30870.000000,0.000000,0.786426,343,21353,120,0.055556,4.000000,4,7,280,11,0.000000,0.000000,0.000000,2411.270258,,True
baseline_port_closure_comparison,primary_port_closure,96,1138,heuristic,UNDISRUPTED,138209.000000,26080.000000,0.000000,0.000000,1300.000000,76929.000000,60.000000,33840.000000,0.000000,0.768900,376,25643,40,0.018519,1.000000,0,0,0,0,0.000000,0.000000,0.000000,0.000000,,True
baseline_port_closure_comparison,primary_port_closure,96,1138,heuristic,DISRUPTED,143729.000000,26080.000000,0.000000,0.000000,1300.000000,80889.000000,1620.000000,33840.000000,0.000000,0.768900,376,26963,320,0.148148,3.375000,0,0,0,26,0.000000,0.000000,0.000000,0.008615,,True
baseline_port_closure_comparison,primary_port_closure,96,1138,llm_agent,UNDISRUPTED,138209.000000,26080.000000,0.000000,0.000000,1300.000000,76929.000000,60.000000,33840.000000,0.000000,0.768900,376,25643,40,0.018519,1.000000,0,0,0,0,0.000000,0.000000,0.000000,0.000000,,True
baseline_port_closure_comparison,primary_port_closure,96,1138,llm_agent,DISRUPTED,140049.000000,33080.000000,320.000000,2800.000000,1300.000000,68049.000000,660.000000,33840.000000,0.000000,0.768900,376,22683,80,0.037037,5.500000,4,7,280,11,0.000000,0.000000,0.000000,2300.778068,,True
baseline_port_closure_comparison,primary_port_closure,97,1139,heuristic,UNDISRUPTED,124631.000000,26080.000000,0.000000,0.000000,1312.000000,68799.000000,0.000000,28440.000000,0.000000,0.798982,316,22933,0,0.000000,0.000000,0,0,0,0,0.000000,0.000000,0.000000,0.000000,,True
baseline_port_closure_comparison,primary_port_closure,97,1139,heuristic,DISRUPTED,130571.000000,26080.000000,0.000000,0.000000,1312.000000,73119.000000,1620.000000,28440.000000,0.000000,0.798982,316,24373,320,0.148148,3.375000,0,0,0,26,0.000000,0.000000,0.000000,0.006860,,True
baseline_port_closure_comparison,primary_port_closure,97,1139,llm_agent,UNDISRUPTED,124631.000000,26080.000000,0.000000,0.000000,1312.000000,68799.000000,0.000000,28440.000000,0.000000,0.798982,316,22933,0,0.000000,0.000000,0,0,0,0,0.000000,0.000000,0.000000,0.000000,,True
baseline_port_closure_comparison,primary_port_closure,97,1139,llm_agent,DISRUPTED,126811.000000,33080.000000,240.000000,2800.000000,1312.000000,60279.000000,660.000000,28440.000000,0.000000,0.798982,316,20093,80,0.037037,5.500000,3,7,280,11,0.000000,0.000000,0.000000,3079.336921,,True
baseline_port_closure_comparison,primary_port_closure,98,1140,heuristic,UNDISRUPTED,127076.000000,26080.000000,0.000000,0.000000,1312.000000,69984.000000,0.000000,29700.000000,0.000000,0.791535,330,23328,0,0.000000,0.000000,0,0,0,0,0.000000,0.000000,0.000000,0.000000,,True
baseline_port_closure_comparison,primary_port_closure,98,1140,heuristic,DISRUPTED,133016.000000,26080.000000,0.000000,0.000000,1312.000000,74304.000000,1620.000000,29700.000000,0.000000,0.791535,330,24768,320,0.148148,3.375000,0,0,0,26,0.000000,0.000000,0.000000,0.007836,,True
baseline_port_closure_comparison,primary_port_closure,98,1140,llm_agent,UNDISRUPTED,127076.000000,26080.000000,0.000000,0.000000,1312.000000,69984.000000,0.000000,29700.000000,0.000000,0.791535,330,23328,0,0.000000,0.000000,0,0,0,0,0.000000,0.000000,0.000000,0.000000,,True
baseline_port_closure_comparison,primary_port_closure,98,1140,llm_agent,DISRUPTED,129136.000000,33080.000000,240.000000,2800.000000,1312.000000,61344.000000,660.000000,29700.000000,0.001263,0.791535,330,20448,80,0.037037,5.500000,3,7,280,11,0.000000,0.000000,0.000000,2882.065909,,True
baseline_port_closure_comparison,primary_port_closure,99,1141,heuristic,UNDISRUPTED,126428.000000,26080.000000,0.000000,0.000000,1312.000000,70176.000000,60.000000,28800.000000,0.000000,0.797340,320,23392,40,0.018182,1.000000,0,0,0,1,0.000000,0.000000,0.000000,0.019958,,True
baseline_port_closure_comparison,primary_port_closure,99,1141,heuristic,DISRUPTED,132488.000000,26080.000000,0.000000,0.000000,1312.000000,74616.000000,1680.000000,28800.000000,0.000000,0.797340,320,24872,360,0.163636,3.111111,0,0,0,27,0.000000,0.000000,0.000000,0.007445,,True
baseline_port_closure_comparison,primary_port_closure,99,1141,llm_agent,UNDISRUPTED,126508.000000,26080.000000,80.000000,0.000000,1312.000000,70176.000000,60.000000,28800.000000,0.000000,0.797340,320,23392,40,0.018182,1.000000,1,0,0,1,0.000000,0.000000,0.000000,2155.437375,,True
baseline_port_closure_comparison,primary_port_closure,99,1141,llm_agent,DISRUPTED,128768.000000,33080.000000,400.000000,2800.000000,1312.000000,61656.000000,720.000000,28800.000000,0.000000,0.797340,320,20552,120,0.054545,4.000000,5,7,280,12,0.000000,0.000000,0.000000,2792.608538,,True
baseline_port_closure_comparison,primary_port_closure,100,1142,heuristic,UNDISRUPTED,135923.000000,26080.000000,0.000000,0.000000,1312.000000,75501.000000,0.000000,33030.000000,0.000000,0.774154,367,25167,0,0.000000,0.000000,0,0,0,0,0.000000,0.000000,0.000000,0.000000,,True
baseline_port_closure_comparison,primary_port_closure,100,1142,heuristic,DISRUPTED,141743.000000,26080.000000,0.000000,0.000000,1312.000000,79701.000000,1620.000000,33030.000000,0.000000,0.774154,367,26567,320,0.148148,3.375000,0,0,0,26,0.000000,0.000000,0.000000,0.005199,,True
baseline_port_closure_comparison,primary_port_closure,100,1142,llm_agent,UNDISRUPTED,135923.000000,26080.000000,0.000000,0.000000,1312.000000,75501.000000,0.000000,33030.000000,0.000000,0.774154,367,25167,0,0.000000,0.000000,0,0,0,0,0.000000,0.000000,0.000000,0.000000,,True
baseline_port_closure_comparison,primary_port_closure,100,1142,llm_agent,DISRUPTED,137943.000000,33080.000000,320.000000,2800.000000,1312.000000,66741.000000,660.000000,33030.000000,0.000000,0.774154,367,22247,80,0.037037,5.500000,4,7,280,11,0.000000,0.000000,0.000000,2344.064477,,True
