experiment_id,scenario_id,replication,seed,policy,run_kind,total_cost,transport_cost,reroute_cost,expedite_cost,holding_cost,backlog_cost,late_cost,terminal_cost,same_day_fill_rate,final_fulfilment_rate,ending_backlog_units,backlog_unit_days,late_delivered_units,late_delivery_rate,average_lateness_days_weighted,reroute_count,expedite_count,expedited_units,decision_count,invalid_action_rate,abstention_rate,fallback_rate,mean_decision_latency_ms,days_to_clear_backlog_after_shock,terminated_with_unresolved_state
light_port_disruption_comparison,primary_port_partial_capacity,1,1043,heuristic,UNDISRUPTED,171417.000000,26080.000000,0.000000,0.000000,1304.000000,99033.000000,0.000000,45000.000000,0.000000,0.708114,500,33011,0,0.000000,0.000000,0,0,0,0,0.000000,0.000000,0.000000,0.000000,,True
light_port_disruption_comparison,primary_port_partial_capacity,1,1043,heuristic,DISRUPTED,171417.000000,26080.000000,0.000000,0.000000,1304.000000,99033.000000,0.000000,45000.000000,0.000000,0.708114,500,33011,0,0.000000,0.000000,0,0,0,16,0.000000,0.000000,0.000000,0.005633,,True
light_port_disruption_comparison,primary_port_partial_capacity,1,1043,llm_agent,UNDISRUPTED,171417.000000,26080.000000,0.000000,0.000000,1304.000000,99033.000000,0.000000,45000.000000,0.000000,0.708114,500,33011,0,0.000000,0.000000,0,0,0,0,0.000000,0.000000,0.000000,0.000000,,True
light_port_disruption_comparison,primary_port_partial_capacity,1,1043,llm_agent,DISRUPTED,172697.000000,26080.000000,1280.000000,0.000000,1304.000000,99033.000000,0.000000,45000.000000,0.000000,0.708114,500,33011,0,0.000000,0.000000,16,0,0,16,0.000000,0.000000,0.000000,2591.035156,,True
light_port_disruption_comparison,primary_port_partial_capacity,2,1044,heuristic,UNDISRUPTED,122565.000000,26400.000000,0.000000,0.000000,1308.000000,66447.000000,60.000000,28350.000000,0.000000,0.800759,315,22149,40,0.018519,1.000000,0,0,0,0,0.000000,0.000000,0.000000,0.000000,,True
light_port_disruption_comparison,primary_port_partial_capacity,2,1044,heuristic,DISRUPTED,122565.000000,26400.000000,0.000000,0.000000,1308.000000,66447.000000,60.000000,28350.000000,0.000000,0.800759,315,22149,40,0.018519,1.000000,0,0,0,16,0.000000,0.000000,0.000000,0.009242,,True
light_port_disruption_comparison,primary_port_partial_capacity,2,1044,llm_agent,UNDISRUPTED,122565.000000,26400.000000,0.000000,0.000000,1308.000000,66447.000000,60.000000,28350.000000,0.000000,0.800759,315,22149,40,0.018519,1.000000,0,0,0,0,0.000000,0.000000,0.000000,0.000000,,True
light_port_disruption_comparison,primary_port_partial_capacity,2,1044,llm_agent,DISRUPTED,123765.000000,26400.000000,1200.000000,0.000000,1308.000000,66447.000000,60.000000,28350.000000,0.000000,0.800759,315,22149,40,0.018519,1.000000,15,0,0,16,0.000000,0.000000,0.000000,2484.331745,,True
light_port_disruption_comparison,primary_port_partial_capacity,3,1045,heuristic,UNDISRUPTED,132856.000000,26080.000000,0.000000,0.000000,1308.000000,74508.000000,0.000000,30960.000000,0.000000,0.786600,344,24836,0,0.000000,0.000000,0,0,0,0,0.000000,0.000000,0.000000,0.000000,,True
light_port_disruption_comparison,primary_port_partial_capacity,3,1045,heuristic,DISRUPTED,133756.000000,26080.000000,0.000000,0.000000,1308.000000,75348.000000,60.000000,30960.000000,0.000000,0.786600,344,25116,40,0.018519,1.000000,0,0,0,29,0.000000,0.000000,0.000000,0.006102,,True
light_port_disruption_comparison,primary_port_partial_capacity,3,1045,llm_agent,UNDISRUPTED,132856.000000,26080.000000,0.000000,0.000000,1308.000000,74508.000000,0.000000,30960.000000,0.000000,0.786600,344,24836,0,0.000000,0.000000,0,0,0,0,0.000000,0.000000,0.000000,0.000000,,True
light_port_disruption_comparison,primary_port_partial_capacity,3,1045,llm_agent,DISRUPTED,135476.000000,27080.000000,1760.000000,400.000000,1308.000000,73908.000000,60.000000,30960.000000,0.000000,0.786600,344,24636,40,0.018519,1.000000,22,1,40,29,0.000000,0.000000,0.000000,2588.826369,,True
light_port_disruption_comparison,primary_port_partial_capacity,4,1046,heuristic,UNDISRUPTED,123926.000000,26080.000000,0.000000,0.000000,1300.000000,68466.000000,0.000000,28080.000000,0.000000,0.800000,312,22822,0,0.000000,0.000000,0,0,0,0,0.000000,0.000000,0.000000,0.000000,,True
light_port_disruption_comparison,primary_port_partial_capacity,4,1046,heuristic,DISRUPTED,123926.000000,26080.000000,0.000000,0.000000,1300.000000,68466.000000,0.000000,28080.000000,0.000000,0.800000,312,22822,0,0.000000,0.000000,0,0,0,14,0.000000,0.000000,0.000000,0.009098,,True
light_port_disruption_comparison,primary_port_partial_capacity,4,1046,llm_agent,UNDISRUPTED,123926.000000,26080.000000,0.000000,0.000000,1300.000000,68466.000000,0.000000,28080.000000,0.000000,0.800000,312,22822,0,0.000000,0.000000,0,0,0,0,0.000000,0.000000,0.000000,0.000000,,True
light_port_disruption_comparison,primary_port_partial_capacity,4,1046,llm_agent,DISRUPTED,124886.000000,26080.000000,960.000000,0.000000,1300.000000,68466.000000,0.000000,28080.000000,0.000000,0.800000,312,22822,0,0.000000,0.000000,12,0,0,14,0.000000,0.000000,0.000000,2600.845429,,True
light_port_disruption_comparison,primary_port_partial_capacity,5,1047,heuristic,UNDISRUPTED,134870.000000,26080.000000,0.000000,0.000000,1312.000000,75438.000000,0.000000,32040.000000,0.000000,0.774541,356,25146,0,0.000000,0.000000,0,0,0,0,0.000000,0.000000,0.000000,0.000000,,True
light_port_disruption_comparison,primary_port_partial_capacity,5,1047,heuristic,DISRUPTED,134870.000000,26080.000000,0.000000,0.000000,1312.000000,75438.000000,0.000000,32040.000000,0.000000,0.774541,356,25146,0,0.000000,0.000000,0,0,0,16,0.000000,0.000000,0.000000,0.006898,,True
light_port_disruption_comparison,primary_port_partial_capacity,5,1047,llm_agent,UNDISRUPTED,134870.000000,26080.000000,0.000000,0.000000,1312.000000,75438.000000,0.000000,32040.000000,0.000000,0.774541,356,25146,0,0.000000,0.000000,0,0,0,0,0.000000,0.000000,0.000000,0.000000,,True
light_port_disruption_comparison,primary_port_partial_capacity,5,1047,llm_agent,DISRUPTED,135470.000000,27080.000000,640.000000,400.000000,1312.000000,73998.000000,0.000000,32040.000000,0.000000,0.774541,356,24666,0,0.000000,0.000000,8,1,40,15,0.000000,0.000000,0.000000,2482.112994,,True
light_port_disruption_comparison,primary_port_partial_capacity,6,1048,heuristic,UNDISRUPTED,119402.000000,26080.000000,0.000000,0.000000,1312.000000,64740.000000,0.000000,27270.000000,0.000000,0.808591,303,21580,0,0.000000,0.000000,0,0,0,0,0.000000,0.000000,0.000000,0.000000,,True
light_port_disruption_comparison,primary_port_partial_capacity,6,1048,heuristic,DISRUPTED,119402.000000,26080.000000,0.000000,0.000000,1312.000000,64740.000000,0.000000,27270.000000,0.000000,0.808591,303,21580,0,0.000000,0.000000,0,0,0,12,0.000000,0.000000,0.000000,0.010139,,True
light_port_disruption_comparison,primary_port_partial_capacity,6,1048,llm_agent,UNDISRUPTED,119402.000000,26080.000000,0.000000,0.000000,1312.000000,64740.000000,0.000000,27270.000000,0.000000,0.808591,303,21580,0,0.000000,0.000000,0,0,0,0,0.000000,0.000000,0.000000,0.000000,,True
light_port_disruption_comparison,primary_port_partial_capacity,6,1048,llm_agent,DISRUPTED,120362.000000,26080.000000,960.000000,0.000000,1312.000000,64740.000000,0.000000,27270.000000,0.000000,0.808591,303,21580,0,0.000000,0.000000,12,0,0,12,0.000000,0.000000,0.000000,2662.264573,,True
light_port_disruption_comparison,primary_port_partial_capacity,7,1049,heuristic,UNDISRUPTED,122696.000000,26080.000000,0.000000,0.000000,1312.000000,66954.000000,0.000000,28350.000000,0.000000,0.799746,315,22318,0,0.000000,0.000000,0,0,0,0,0.000000,0.000000,0.000000,0.000000,,True
light_port_disruption_comparison,primary_port_partial_capacity,7,1049,heuristic,DISRUPTED,122696.000000,26080.000000,0.000000,0.000000,1312.000000,66954.000000,0.000000,28350.000000,0.000000,0.799746,315,22318,0,0.000000,0.000000,0,0,0,12,0.000000,0.000000,0.000000,0.007837,,True
light_port_disruption_comparison,primary_port_partial_capacity,7,1049,llm_agent,UNDISRUPTED,122696.000000,26080.000000,0.000000,0.000000,1312.000000,66954.000000,0.000000,28350.000000,0.000000,0.799746,315,22318,0,0.000000,0.000000,0,0,0,0,0.000000,0.000000,0.000000,0.000000,,True
light_port_disruption_comparison,primary_port_partial_capacity,7,1049,llm_agent,DISRUPTED,123576.000000,26080.000000,880.000000,0.000000,1312.000000,66954.000000,0.000000,28350.000000,0.000000,0.799746,315,22318,0,0.000000,0.000000,11,0,0,12,0.000000,0.000000,0.000000,2468.995472,,True
light_port_disruption_comparison,primary_port_partial_capacity,8,1050,heuristic,UNDISRUPTED,143145.000000,26080.000000,0.000000,0.000000,1316.000000,81729.000000,0.000000,34020.000000,0.000000,0.760759,378,27243,0,0.000000,0.000000,0,0,0,0,0.000000,0.000000,0.000000,0.000000,,True
light_port_disruption_comparison,primary_port_partial_capacity,8,1050,heuristic,DISRUPTED,143145.000000,26080.000000,0.000000,0.000000,1316.000000,81729.000000,0.000000,34020.000000,0.000000,0.760759,378,27243,0,0.000000,0.000000,0,0,0,14,0.000000,0.000000,0.000000,0.009574,,True
light_port_disruption_comparison,primary_port_partial_capacity,8,1050,llm_agent,UNDISRUPTED,143145.000000,26080.000000,0.000000,0.000000,1316.000000,81729.000000,0.000000,34020.000000,0.000000,0.760759,378,27243,0,0.000000,0.000000,0,0,0,0,0.000000,0.000000,0.000000,0.000000,,True
light_port_disruption_comparison,primary_port_partial_capacity,8,1050,llm_agent,DISRUPTED,144065.000000,27080.000000,960.000000,400.000000,1316.000000,80289.000000,0.000000,34020.000000,0.000000,0.760759,378,26763,0,0.000000,0.000000,12,1,40,13,0.000000,0.000000,0.000000,2412.139308,,True
light_port_disruption_comparison,primary_port_partial_capacity,9,1051,heuristic,UNDISRUPTED,145029.000000,26080.000000,0.000000,0.000000,1316.000000,81933.000000,60.000000,35640.000000,0.000000,0.758242,396,27311,40,0.018519,1.000000,0,0,0,1,0.000000,0.000000,0.000000,0.013583,,True
light_port_disruption_comparison,primary_port_partial_capacity,9,1051,heuristic,DISRUPTED,145029.000000,26080.000000,0.000000,0.000000,1316.000000,81933.000000,60.000000,35640.000000,0.000000,0.758242,396,27311,40,0.018519,1.000000,0,0,0,17,0.000000,0.000000,0.000000,0.006689,,True
light_port_disruption_comparison,primary_port_partial_capacity,9,1051,llm_agent,UNDISRUPTED,145109.000000,26080.000000,80.000000,0.000000,1316.000000,81933.000000,60.000000,35640.000000,0.000000,0.758242,396,27311,40,0.018519,1.000000,1,0,0,1,0.000000,0.000000,0.000000,2317.590875,,True
light_port_disruption_comparison,primary_port_partial_capacity,9,1051,llm_agent,DISRUPTED,146229.000000,26080.000000,1200.000000,0.000000,1316.000000,81933.000000,60.000000,35640.000000,0.000000,0.758242,396,27311,40,0.018519,1.000000,15,0,0,17,0.000000,0.000000,0.000000,2476.368608,,True
light_port_disruption_comparison,primary_port_partial_capacity,10,1052,heuristic,UNDISRUPTED,147504.000000,26080.000000,0.000000,0.000000,1316.000000,84558.000000,0.000000,35550.000000,0.000000,0.754963,395,28186,0,0.000000,0.000000,0,0,0,0,0.000000,0.000000,0.000000,0.000000,,True
light_port_disruption_comparison,primary_port_partial_capacity,10,1052,heuristic,DISRUPTED,147504.000000,26080.000000,0.000000,0.000000,1316.000000,84558.000000,0.000000,35550.000000,0.000000,0.754963,395,28186,0,0.000000,0.000000,0,0,0,16,0.000000,0.000000,0.000000,0.009964,,True
light_port_disruption_comparison,primary_port_partial_capacity,10,1052,llm_agent,UNDISRUPTED,147504.000000,26080.000000,0.000000,0.000000,1316.000000,84558.000000,0.000000,35550.000000,0.000000,0.754963,395,28186,0,0.000000,0.000000,0,0,0,0,0.000000,0.000000,0.000000,0.000000,,True
light_port_disruption_comparison,primary_port_partial_capacity,10,1052,llm_agent,DISRUPTED,148704.000000,26080.000000,1200.000000,0.000000,1316.000000,84558.000000,0.000000,35550.000000,0.000000,0.754963,395,28186,0,0.000000,0.000000,15,0,0,16,0.000000,0.000000,0.000000,2596.900820,,True
light_port_disruption_comparison,primary_port_partial_capacity,11,1053,heuristic,UNDISRUPTED,136394.000000,26080.000000,0.000000,0.000000,1312.000000,75252.000000,0.000000,33750.000000,0.000000,0.768089,375,25084,0,0.000000,0.000000,0,0,0,0,0.000000,0.000000,0.000000,0.000000,,True
light_port_disruption_comparison,primary_port_partial_capacity,11,1053,heuristic,DISRUPTED,136394.000000,26080.000000,0.000000,0.000000,1312.000000,75252.000000,0.000000,33750.000000,0.000000,0.768089,375,25084,0,0.000000,0.000000,0,0,0,8,0.000000,0.000000,0.000000,0.008125,,True
light_port_disruption_comparison,primary_port_partial_capacity,11,1053,llm_agent,UNDISRUPTED,136394.000000,26080.000000,0.000000,0.000000,1312.000000,75252.000000,0.000000,33750.000000,0.000000,0.768089,375,25084,0,0.000000,0.000000,0,0,0,0,0.000000,0.000000,0.000000,0.000000,,True
light_port_disruption_comparison,primary_port_partial_capacity,11,1053,llm_agent,DISRUPTED,136954.000000,26080.000000,560.000000,0.000000,1312.000000,75252.000000,0.000000,33750.000000,0.000000,0.768089,375,25084,0,0.000000,0.000000,7,0,0,8,0.000000,0.000000,0.000000,2434.704828,,True
light_port_disruption_comparison,primary_port_partial_capacity,12,1054,heuristic,UNDISRUPTED,134031.000000,26080.000000,0.000000,0.000000,1316.000000,73965.000000,0.000000,32670.000000,0.000000,0.774394,363,24655,0,0.000000,0.000000,0,0,0,0,0.000000,0.000000,0.000000,0.000000,,True
light_port_disruption_comparison,primary_port_partial_capacity,12,1054,heuristic,DISRUPTED,134031.000000,26080.000000,0.000000,0.000000,1316.000000,73965.000000,0.000000,32670.000000,0.000000,0.774394,363,24655,0,0.000000,0.000000,0,0,0,6,0.000000,0.000000,0.000000,0.009527,,True
light_port_disruption_comparison,primary_port_partial_capacity,12,1054,llm_agent,UNDISRUPTED,134031.000000,26080.000000,0.000000,0.000000,1316.000000,73965.000000,0.000000,32670.000000,0.000000,0.774394,363,24655,0,0.000000,0.000000,0,0,0,0,0.000000,0.000000,0.000000,0.000000,,True
light_port_disruption_comparison,primary_port_partial_capacity,12,1054,llm_agent,DISRUPTED,134511.000000,26080.000000,480.000000,0.000000,1316.000000,73965.000000,0.000000,32670.000000,0.000000,0.774394,363,24655,0,0.000000,0.000000,6,0,0,6,0.000000,0.000000,0.000000,2348.554917,,True
light_port_disruption_comparison,primary_port_partial_capacity,13,1055,heuristic,UNDISRUPTED,145541.000000,26080.000000,0.000000,0.000000,1312.000000,82059.000000,0.000000,36090.000000,0.000000,0.756970,401,27353,0,0.000000,0.000000,0,0,0,0,0.000000,0.000000,0.000000,0.000000,,True
light_port_disruption_comparison,primary_port_partial_capacity,13,1055,heuristic,DISRUPTED,145541.000000,26080.000000,0.000000,0.000000,1312.000000,82059.000000,0.000000,36090.000000,0.000000,0.756970,401,27353,0,0.000000,0.000000,0,0,0,10,0.000000,0.000000,0.000000,0.009338,,True
light_port_disruption_comparison,primary_port_partial_capacity,13,1055,llm_agent,UNDISRUPTED,145541.000000,26080.000000,0.000000,0.000000,1312.000000,82059.000000,0.000000,36090.000000,0.000000,0.756970,401,27353,0,0.000000,0.000000,0,0,0,0,0.000000,0.000000,0.000000,0.000000,,True
light_port_disruption_comparison,primary_port_partial_capacity,13,1055,llm_agent,DISRUPTED,146341.000000,26080.000000,800.000000,0.000000,1312.000000,82059.000000,0.000000,36090.000000,0.000000,0.756970,401,27353,0,0.000000,0.000000,10,0,0,10,0.000000,0.000000,0.000000,2440.646704,,True
light_port_disruption_comparison,primary_port_partial_capacity,14,1056,heuristic,UNDISRUPTED,140677.000000,26080.000000,0.000000,0.000000,1308.000000,80079.000000,0.000000,33210.000000,0.000000,0.768507,369,26693,0,0.000000,0.000000,0,0,0,0,0.000000,0.000000,0.000000,0.000000,,True
light_port_disruption_comparison,primary_port_partial_capacity,14,1056,heuristic,DISRUPTED,141277.000000,26080.000000,0.000000,0.000000,1308.000000,80679.000000,0.000000,33210.000000,0.000000,0.768507,369,26893,0,0.000000,0.000000,0,0,0,20,0.000000,0.000000,0.000000,0.007367,,True
light_port_disruption_comparison,primary_port_partial_capacity,14,1056,llm_agent,UNDISRUPTED,140677.000000,26080.000000,0.000000,0.000000,1308.000000,80079.000000,0.000000,33210.000000,0.000000,0.768507,369,26693,0,0.000000,0.000000,0,0,0,0,0.000000,0.000000,0.000000,0.000000,,True
light_port_disruption_comparison,primary_port_partial_capacity,14,1056,llm_agent,DISRUPTED,142397.000000,26080.000000,1120.000000,0.000000,1308.000000,80679.000000,0.000000,33210.000000,0.000000,0.768507,369,26893,0,0.000000,0.000000,14,0,0,20,0.000000,0.000000,0.000000,2390.825904,,True
light_port_disruption_comparison,primary_port_partial_capacity,15,1057,heuristic,UNDISRUPTED,130770.000000,26080.000000,0.000000,0.000000,1316.000000,72594.000000,0.000000,30780.000000,0.000000,0.784499,342,24198,0,0.000000,0.000000,0,0,0,0,0.000000,0.000000,0.000000,0.000000,,True
light_port_disruption_comparison,primary_port_partial_capacity,15,1057,heuristic,DISRUPTED,130770.000000,26080.000000,0.000000,0.000000,1316.000000,72594.000000,0.000000,30780.000000,0.000000,0.784499,342,24198,0,0.000000,0.000000,0,0,0,6,0.000000,0.000000,0.000000,0.009285,,True
light_port_disruption_comparison,primary_port_partial_capacity,15,1057,llm_agent,UNDISRUPTED,130770.000000,26080.000000,0.000000,0.000000,1316.000000,72594.000000,0.000000,30780.000000,0.000000,0.784499,342,24198,0,0.000000,0.000000,0,0,0,0,0.000000,0.000000,0.000000,0.000000,,True
light_port_disruption_comparison,primary_port_partial_capacity,15,1057,llm_agent,DISRUPTED,131090.000000,26080.000000,320.000000,0.000000,1316.000000,72594.000000,0.000000,30780.000000,0.000000,0.784499,342,24198,0,0.000000,0.000000,4,0,0,6,0.000000,0.000000,0.000000,2826.034680,,True
light_port_disruption_comparison,primary_port_partial_capacity,16,1058,heuristic,UNDISRUPTED,137639.000000,26080.000000,0.000000,0.000000,1312.000000,76407.000000,0.000000,33840.000000,0.000000,0.771150,376,25469,0,0.000000,0.000000,0,0,0,0,0.000000,0.000000,0.000000,0.000000,,True
light_port_disruption_comparison,primary_port_partial_capacity,16,1058,heuristic,DISRUPTED,137639.000000,26080.000000,0.000000,0.000000,1312.000000,76407.000000,0.000000,33840.000000,0.000000,0.771150,376,25469,0,0.000000,0.000000,0,0,0,10,0.000000,0.000000,0.000000,0.008333,,True
light_port_disruption_comparison,primary_port_partial_capacity,16,1058,llm_agent,UNDISRUPTED,137639.000000,26080.000000,0.000000,0.000000,1312.000000,76407.000000,0.000000,33840.000000,0.000000,0.771150,376,25469,0,0.000000,0.000000,0,0,0,0,0.000000,0.000000,0.000000,0.000000,,True
light_port_disruption_comparison,primary_port_partial_capacity,16,1058,llm_agent,DISRUPTED,138359.000000,26080.000000,720.000000,0.000000,1312.000000,76407.000000,0.000000,33840.000000,0.000000,0.771150,376,25469,0,0.000000,0.000000,9,0,0,10,0.000000,0.000000,0.000000,2471.624704,,True
light_port_disruption_comparison,primary_port_partial_capacity,17,1059,heuristic,UNDISRUPTED,141516.000000,26080.000000,0.000000,0.000000,1316.000000,79830.000000,0.000000,34290.000000,0.000000,0.763941,381,26610,0,0.000000,0.000000,0,0,0,0,0.000000,0.000000,0.000000,0.000000,,True
light_port_disruption_comparison,primary_port_partial_capacity,17,1059,heuristic,DISRUPTED,141516.000000,26080.000000,0.000000,0.000000,1316.000000,79830.000000,0.000000,34290.000000,0.000000,0.763941,381,26610,0,0.000000,0.000000,0,0,0,20,0.000000,0.000000,0.000000,0.008627,,True
light_port_disruption_comparison,primary_port_partial_capacity,17,1059,llm_agent,UNDISRUPTED,141516.000000,26080.000000,0.000000,0.000000,1316.000000,79830.000000,0.000000,34290.000000,0.000000,0.763941,381,26610,0,0.000000,0.000000,0,0,0,0,0.000000,0.000000,0.000000,0.000000,,True
light_port_disruption_comparison,primary_port_partial_capacity,17,1059,llm_agent,DISRUPTED,142956.000000,26080.000000,1440.000000,0.000000,1316.000000,79830.000000,0.000000,34290.000000,0.000000,0.763941,381,26610,0,0.000000,0.000000,18,0,0,20,0.000000,0.000000,0.000000,2546.414975,,True
light_port_disruption_comparison,primary_port_partial_capacity,18,1060,heuristic,UNDISRUPTED,133159.000000,26320.000000,0.000000,0.000000,1308.000000,75231.000000,60.000000,30240.000000,0.000000,0.785851,336,25077,40,0.018519,1.000000,0,0,0,1,0.000000,0.000000,0.000000,0.043834,,True
light_port_disruption_comparison,primary_port_partial_capacity,18,1060,heuristic,DISRUPTED,133159.000000,26320.000000,0.000000,0.000000,1308.000000,75231.000000,60.000000,30240.000000,0.000000,0.785851,336,25077,40,0.018519,1.000000,0,0,0,15,0.000000,0.000000,0.000000,0.006378,,True
light_port_disruption_comparison,primary_port_partial_capacity,18,1060,llm_agent,UNDISRUPTED,133159.000000,26320.000000,0.000000,0.000000,1308.000000,75231.000000,60.000000,30240.000000,0.000000,0.785851,336,25077,40,0.018519,1.000000,0,0,0,1,0.000000,0.000000,0.000000,2243.826542,,True
light_port_disruption_comparison,primary_port_partial_capacity,18,1060,llm_agent,DISRUPTED,134199.000000,26320.000000,1040.000000,0.000000,1308.000000,75231.000000,60.000000,30240.000000,0.000000,0.785851,336,25077,40,0.018519,1.000000,13,0,0,15,0.000000,0.000000,0.000000,2447.706467,,True
light_port_disruption_comparison,primary_port_partial_capacity,19,1061,heuristic,UNDISRUPTED,143737.000000,26080.000000,0.000000,0.000000,1308.000000,81429.000000,0.000000,34920.000000,0.000000,0.762836,388,27143,0,0.000000,0.000000,0,0,0,0,0.000000,0.000000,0.000000,0.000000,,True
light_port_disruption_comparison,primary_port_partial_capacity,19,1061,heuristic,DISRUPTED,143737.000000,26080.000000,0.000000,0.000000,1308.000000,81429.000000,0.000000,34920.000000,0.000000,0.762836,388,27143,0,0.000000,0.000000,0,0,0,8,0.000000,0.000000,0.000000,0.007682,,True
light_port_disruption_comparison,primary_port_partial_capacity,19,1061,llm_agent,UNDISRUPTED,143737.000000,26080.000000,0.000000,0.000000,1308.000000,81429.000000,0.000000,34920.000000,0.000000,0.762836,388,27143,0,0.000000,0.000000,0,0,0,0,0.000000,0.000000,0.000000,0.000000,,True
light_port_disruption_comparison,primary_port_partial_capacity,19,1061,llm_agent,DISRUPTED,144377.000000,26080.000000,640.000000,0.000000,1308.000000,81429.000000,0.000000,34920.000000,0.000000,0.762836,388,27143,0,0.000000,0.000000,8,0,0,8,0.000000,0.000000,0.000000,2604.582781,,True
light_port_disruption_comparison,primary_port_partial_capacity,20,1062,heuristic,UNDISRUPTED,148912.000000,26080.000000,0.000000,0.000000,1308.000000,85194.000000,60.000000,36270.000000,0.000000,0.748910,403,28398,40,0.018519,1.000000,0,0,0,1,0.000000,0.000000,0.000000,0.019750,,True
light_port_disruption_comparison,primary_port_partial_capacity,20,1062,heuristic,DISRUPTED,148912.000000,26080.000000,0.000000,0.000000,1308.000000,85194.000000,60.000000,36270.000000,0.000000,0.748910,403,28398,40,0.018519,1.000000,0,0,0,9,0.000000,0.000000,0.000000,0.007907,,True
light_port_disruption_comparison,primary_port_partial_capacity,20,1062,llm_agent,UNDISRUPTED,148912.000000,26080.000000,0.000000,0.000000,1308.000000,85194.000000,60.000000,36270.000000,0.000000,0.748910,403,28398,40,0.018519,1.000000,0,0,0,1,0.000000,0.000000,0.000000,2518.648167,,True
light_port_disruption_comparison,primary_port_partial_capacity,20,1062,llm_agent,DISRUPTED,149632.000000,26080.000000,720.000000,0.000000,1308.000000,85194.000000,60.000000,36270.000000,0.000000,0.748910,403,28398,40,0.018519,1.000000,9,0,0,9,0.000000,0.000000,0.000000,2609.156143,,True
light_port_disruption_comparison,primary_port_partial_capacity,21,1063,heuristic,UNDISRUPTED,133457.000000,26080.000000,0.000000,0.000000,1312.000000,74745.000000,0.000000,31320.000000,0.000000,0.777778,348,24915,0,0.000000,0.000000,0,0,0,0,0.000000,0.000000,0.000000,0.000000,,True
light_port_disruption_comparison,primary_port_partial_capacity,21,1063,heuristic,DISRUPTED,133457.000000,26080.000000,0.000000,0.000000,1312.000000,74745.000000,0.000000,31320.000000,0.000000,0.777778,348,24915,0,0.000000,0.000000,0,0,0,6,0.000000,0.000000,0.000000,0.009514,,True
light_port_disruption_comparison,primary_port_partial_capacity,21,1063,llm_agent,UNDISRUPTED,133457.000000,26080.000000,0.000000,0.000000,1312.000000,74745.000000,0.000000,31320.000000,0.000000,0.777778,348,24915,0,0.000000,0.000000,0,0,0,0,0.000000,0.000000,0.000000,0.000000,,True
light_port_disruption_comparison,primary_port_partial_capacity,21,1063,llm_agent,DISRUPTED,133857.000000,26080.000000,400.000000,0.000000,1312.000000,74745.000000,0.000000,31320.000000,0.000000,0.777778,348,24915,0,0.000000,0.000000,5,0,0,6,0.000000,0.000000,0.000000,2966.788021,,True
light_port_disruption_comparison,primary_port_partial_capacity,22,1064,heuristic,UNDISRUPTED,137191.000000,26080.000000,0.000000,0.000000,1428.000000,76473.000000,0.000000,33210.000000,0.000000,0.767045,369,25491,0,0.000000,0.000000,0,0,0,0,0.000000,0.000000,0.000000,0.000000,,True
light_port_disruption_comparison,primary_port_partial_capacity,22,1064,heuristic,DISRUPTED,137191.000000,26080.000000,0.000000,0.000000,1428.000000,76473.000000,0.000000,33210.000000,0.000000,0.767045,369,25491,0,0.000000,0.000000,0,0,0,20,0.000000,0.000000,0.000000,0.007558,,True
light_port_disruption_comparison,primary_port_partial_capacity,22,1064,llm_agent,UNDISRUPTED,137191.000000,26080.000000,0.000000,0.000000,1428.000000,76473.000000,0.000000,33210.000000,0.000000,0.767045,369,25491,0,0.000000,0.000000,0,0,0,0,0.000000,0.000000,0.000000,0.000000,,True
light_port_disruption_comparison,primary_port_partial_capacity,22,1064,llm_agent,DISRUPTED,138471.000000,26080.000000,1280.000000,0.000000,1428.000000,76473.000000,0.000000,33210.000000,0.000000,0.767045,369,25491,0,0.000000,0.000000,16,0,0,20,0.000000,0.000000,0.000000,2479.573294,,True
light_port_disruption_comparison,primary_port_partial_capacity,23,1065,heuristic,UNDISRUPTED,140241.000000,26080.000000,0.000000,0.000000,1316.000000,79185.000000,0.000000,33660.000000,0.000000,0.765957,374,26395,0,0.000000,0.000000,0,0,0,0,0.000000,0.000000,0.000000,0.000000,,True
light_port_disruption_comparison,primary_port_partial_capacity,23,1065,heuristic,DISRUPTED,140481.000000,26080.000000,0.000000,0.000000,1316.000000,79425.000000,0.000000,33660.000000,0.000000,0.765957,374,26475,0,0.000000,0.000000,0,0,0,13,0.000000,0.000000,0.000000,0.007051,,True
light_port_disruption_comparison,primary_port_partial_capacity,23,1065,llm_agent,UNDISRUPTED,140241.000000,26080.000000,0.000000,0.000000,1316.000000,79185.000000,0.000000,33660.000000,0.000000,0.765957,374,26395,0,0.000000,0.000000,0,0,0,0,0.000000,0.000000,0.000000,0.000000,,True
light_port_disruption_comparison,primary_port_partial_capacity,23,1065,llm_agent,DISRUPTED,141201.000000,26080.000000,720.000000,0.000000,1316.000000,79425.000000,0.000000,33660.000000,0.000000,0.765957,374,26475,0,0.000000,0.000000,9,0,0,13,0.000000,0.000000,0.000000,2602.395148,,True
light_port_disruption_comparison,primary_port_partial_capacity,24,1066,heuristic,UNDISRUPTED,147925.000000,26080.000000,0.000000,0.000000,1308.000000,84447.000000,0.000000,36090.000000,0.000000,0.748274,401,28149,0,0.000000,0.000000,0,0,0,0,0.000000,0.000000,0.000000,0.000000,,True
light_port_disruption_comparison,primary_port_partial_capacity,24,1066,heuristic,DISRUPTED,147925.000000,26080.000000,0.000000,0.000000,1308.000000,84447.000000,0.000000,36090.000000,0.000000,0.748274,401,28149,0,0.000000,0.000000,0,0,0,12,0.000000,0.000000,0.000000,0.006931,,True
light_port_disruption_comparison,primary_port_partial_capacity,24,1066,llm_agent,UNDISRUPTED,147925.000000,26080.000000,0.000000,0.000000,1308.000000,84447.000000,0.000000,36090.000000,0.000000,0.748274,401,28149,0,0.000000,0.000000,0,0,0,0,0.000000,0.000000,0.000000,0.000000,,True
light_port_disruption_comparison,primary_port_partial_capacity,24,1066,llm_agent,DISRUPTED,148725.000000,26080.000000,800.000000,0.000000,1308.000000,84447.000000,0.000000,36090.000000,0.000000,0.748274,401,28149,0,0.000000,0.000000,10,0,0,12,0.000000,0.000000,0.000000,2410.874823,,True
light_port_disruption_comparison,primary_port_partial_capacity,25,1067,heuristic,UNDISRUPTED,145710.000000,26080.000000,0.000000,0.000000,1304.000000,83226.000000,0.000000,35100.000000,0.000000,0.755025,390,27742,0,0.000000,0.000000,0,0,0,0,0.000000,0.000000,0.000000,0.000000,,True
light_port_disruption_comparison,primary_port_partial_capacity,25,1067,heuristic,DISRUPTED,145710.000000,26080.000000,0.000000,0.000000,1304.000000,83226.000000,0.000000,35100.000000,0.000000,0.755025,390,27742,0,0.000000,0.000000,0,0,0,14,0.000000,0.000000,0.000000,0.009402,,True
light_port_disruption_comparison,primary_port_partial_capacity,25,1067,llm_agent,UNDISRUPTED,145710.000000,26080.000000,0.000000,0.000000,1304.000000,83226.000000,0.000000,35100.000000,0.000000,0.755025,390,27742,0,0.000000,0.000000,0,0,0,0,0.000000,0.000000,0.000000,0.000000,,True
light_port_disruption_comparison,primary_port_partial_capacity,25,1067,llm_agent,DISRUPTED,146670.000000,26080.000000,960.000000,0.000000,1304.000000,83226.000000,0.000000,35100.000000,0.000000,0.755025,390,27742,0,0.000000,0.000000,12,0,0,14,0.000000,0.000000,0.000000,2570.001342,,True
light_port_disruption_comparison,primary_port_partial_capacity,26,1068,heuristic,UNDISRUPTED,134043.000000,26080.000000,0.000000,0.000000,1304.000000,75339.000000,0.000000,31320.000000,0.000000,0.775194,348,25113,0,0.000000,0.000000,0,0,0,0,0.000000,0.000000,0.000000,0.000000,,True
light_port_disruption_comparison,primary_port_partial_capacity,26,1068,heuristic,DISRUPTED,134043.000000,26080.000000,0.000000,0.000000,1304.000000,75339.000000,0.000000,31320.000000,0.000000,0.775194,348,25113,0,0.000000,0.000000,0,0,0,8,0.000000,0.000000,0.000000,0.008203,,True
light_port_disruption_comparison,primary_port_partial_capacity,26,1068,llm_agent,UNDISRUPTED,134043.000000,26080.000000,0.000000,0.000000,1304.000000,75339.000000,0.000000,31320.000000,0.000000,0.775194,348,25113,0,0.000000,0.000000,0,0,0,0,0.000000,0.000000,0.000000,0.000000,,True
light_port_disruption_comparison,primary_port_partial_capacity,26,1068,llm_agent,DISRUPTED,134683.000000,26080.000000,640.000000,0.000000,1304.000000,75339.000000,0.000000,31320.000000,0.000000,0.775194,348,25113,0,0.000000,0.000000,8,0,0,8,0.000000,0.000000,0.000000,2458.006334,,True
light_port_disruption_comparison,primary_port_partial_capacity,27,1069,heuristic,UNDISRUPTED,143386.000000,26400.000000,0.000000,0.000000,1312.000000,81024.000000,0.000000,34650.000000,0.000000,0.758014,385,27008,0,0.000000,0.000000,0,0,0,0,0.000000,0.000000,0.000000,0.000000,,True
light_port_disruption_comparison,primary_port_partial_capacity,27,1069,heuristic,DISRUPTED,143386.000000,26400.000000,0.000000,0.000000,1312.000000,81024.000000,0.000000,34650.000000,0.000000,0.758014,385,27008,0,0.000000,0.000000,0,0,0,10,0.000000,0.000000,0.000000,0.010054,,True
light_port_disruption_comparison,primary_port_partial_capacity,27,1069,llm_agent,UNDISRUPTED,143386.000000,26400.000000,0.000000,0.000000,1312.000000,81024.000000,0.000000,34650.000000,0.000000,0.758014,385,27008,0,0.000000,0.000000,0,0,0,0,0.000000,0.000000,0.000000,0.000000,,True
light_port_disruption_comparison,primary_port_partial_capacity,27,1069,llm_agent,DISRUPTED,143906.000000,27400.000000,560.000000,400.000000,1312.000000,79584.000000,0.000000,34650.000000,0.000000,0.758014,385,26528,0,0.000000,0.000000,7,1,40,9,0.000000,0.000000,0.000000,2365.749597,,True
light_port_disruption_comparison,primary_port_partial_capacity,28,1070,heuristic,UNDISRUPTED,133153.000000,26080.000000,0.000000,0.000000,1308.000000,75165.000000,0.000000,30600.000000,0.000000,0.785759,340,25055,0,0.000000,0.000000,0,0,0,0,0.000000,0.000000,0.000000,0.000000,,True
light_port_disruption_comparison,primary_port_partial_capacity,28,1070,heuristic,DISRUPTED,133153.000000,26080.000000,0.000000,0.000000,1308.000000,75165.000000,0.000000,30600.000000,0.000000,0.785759,340,25055,0,0.000000,0.000000,0,0,0,20,0.000000,0.000000,0.000000,0.008108,,True
light_port_disruption_comparison,primary_port_partial_capacity,28,1070,llm_agent,UNDISRUPTED,133153.000000,26080.000000,0.000000,0.000000,1308.000000,75165.000000,0.000000,30600.000000,0.000000,0.785759,340,25055,0,0.000000,0.000000,0,0,0,0,0.000000,0.000000,0.000000,0.000000,,True
light_port_disruption_comparison,primary_port_partial_capacity,28,1070,llm_agent,DISRUPTED,134473.000000,27080.000000,1360.000000,400.000000,1308.000000,73725.000000,0.000000,30600.000000,0.000000,0.785759,340,24575,0,0.000000,0.000000,17,1,40,19,0.000000,0.000000,0.000000,3342.173533,,True
light_port_disruption_comparison,primary_port_partial_capacity,29,1071,heuristic,UNDISRUPTED,135994.000000,26080.000000,0.000000,0.000000,1308.000000,75486.000000,0.000000,33120.000000,0.000000,0.772559,368,25162,0,0.000000,0.000000,0,0,0,0,0.000000,0.000000,0.000000,0.000000,,True
light_port_disruption_comparison,primary_port_partial_capacity,29,1071,heuristic,DISRUPTED,135994.000000,26080.000000,0.000000,0.000000,1308.000000,75486.000000,0.000000,33120.000000,0.000000,0.772559,368,25162,0,0.000000,0.000000,0,0,0,20,0.000000,0.000000,0.000000,0.007873,,True
light_port_disruption_comparison,primary_port_partial_capacity,29,1071,llm_agent,UNDISRUPTED,135994.000000,26080.000000,0.000000,0.000000,1308.000000,75486.000000,0.000000,33120.000000,0.000000,0.772559,368,25162,0,0.000000,0.000000,0,0,0,0,0.000000,0.000000,0.000000,0.000000,,True
light_port_disruption_comparison,primary_port_partial_capacity,29,1071,llm_agent,DISRUPTED,137594.000000,26080.000000,1600.000000,0.000000,1308.000000,75486.000000,0.000000,33120.000000,0.000000,0.772559,368,25162,0,0.000000,0.000000,20,0,0,20,0.000000,0.000000,0.000000,2383.770013,,True
light_port_disruption_comparison,primary_port_partial_capacity,30,1072,heuristic,UNDISRUPTED,148311.000000,26080.000000,0.000000,0.000000,1316.000000,84645.000000,0.000000,36270.000000,0.000000,0.749378,403,28215,0,0.000000,0.000000,0,0,0,0,0.000000,0.000000,0.000000,0.000000,,True
light_port_disruption_comparison,primary_port_partial_capacity,30,1072,heuristic,DISRUPTED,148311.000000,26080.000000,0.000000,0.000000,1316.000000,84645.000000,0.000000,36270.000000,0.000000,0.749378,403,28215,0,0.000000,0.000000,0,0,0,12,0.000000,0.000000,0.000000,0.008330,,True
light_port_disruption_comparison,primary_port_partial_capacity,30,1072,llm_agent,UNDISRUPTED,148311.000000,26080.000000,0.000000,0.000000,1316.000000,84645.000000,0.000000,36270.000000,0.000000,0.749378,403,28215,0,0.000000,0.000000,0,0,0,0,0.000000,0.000000,0.000000,0.000000,,True
light_port_disruption_comparison,primary_port_partial_capacity,30,1072,llm_agent,DISRUPTED,149031.000000,26080.000000,720.000000,0.000000,1316.000000,84645.000000,0.000000,36270.000000,0.000000,0.749378,403,28215,0,0.000000,0.000000,9,0,0,12,0.000000,0.000000,0.000000,2350.322462,,True
light_port_disruption_comparison,primary_port_partial_capacity,31,1073,heuristic,UNDISRUPTED,137924.000000,26080.000000,0.000000,0.000000,1312.000000,77322.000000,0.000000,33210.000000,0.000000,0.766603,369,25774,0,0.000000,0.000000,0,0,0,0,0.000000,0.000000,0.000000,0.000000,,True
light_port_disruption_comparison,primary_port_partial_capacity,31,1073,heuristic,DISRUPTED,137924.000000,26080.000000,0.000000,0.000000,1312.000000,77322.000000,0.000000,33210.000000,0.000000,0.766603,369,25774,0,0.000000,0.000000,0,0,0,18,0.000000,0.000000,0.000000,0.008310,,True
light_port_disruption_comparison,primary_port_partial_capacity,31,1073,llm_agent,UNDISRUPTED,137924.000000,26080.000000,0.000000,0.000000,1312.000000,77322.000000,0.000000,33210.000000,0.000000,0.766603,369,25774,0,0.000000,0.000000,0,0,0,0,0.000000,0.000000,0.000000,0.000000,,True
light_port_disruption_comparison,primary_port_partial_capacity,31,1073,llm_agent,DISRUPTED,138884.000000,28080.000000,1040.000000,800.000000,1312.000000,74442.000000,0.000000,33210.000000,0.000000,0.766603,369,24814,0,0.000000,0.000000,13,2,80,16,0.000000,0.000000,0.000000,3256.733195,,True
light_port_disruption_comparison,primary_port_partial_capacity,32,1074,heuristic,UNDISRUPTED,138218.000000,26080.000000,0.000000,0.000000,1312.000000,77376.000000,60.000000,33390.000000,0.000000,0.769851,371,25792,40,0.018519,1.000000,0,0,0,0,0.000000,0.000000,0.000000,0.000000,,True
light_port_disruption_comparison,primary_port_partial_capacity,32,1074,heuristic,DISRUPTED,138218.000000,26080.000000,0.000000,0.000000,1312.000000,77376.000000,60.000000,33390.000000,0.000000,0.769851,371,25792,40,0.018519,1.000000,0,0,0,10,0.000000,0.000000,0.000000,0.008692,,True
light_port_disruption_comparison,primary_port_partial_capacity,32,1074,llm_agent,UNDISRUPTED,138218.000000,26080.000000,0.000000,0.000000,1312.000000,77376.000000,60.000000,33390.000000,0.000000,0.769851,371,25792,40,0.018519,1.000000,0,0,0,0,0.000000,0.000000,0.000000,0.000000,,True
light_port_disruption_comparison,primary_port_partial_capacity,32,1074,llm_agent,DISRUPTED,139018.000000,26080.000000,800.000000,0.000000,1312.000000,77376.000000,60.000000,33390.000000,0.000000,0.769851,371,25792,40,0.018519,1.000000,10,0,0,10,0.000000,0.000000,0.000000,2445.085096,,True
light_port_disruption_comparison,primary_port_partial_capacity,33,1075,heuristic,UNDISRUPTED,119568.000000,26080.000000,0.000000,0.000000,1316.000000,64902.000000,0.000000,27270.000000,0.000000,0.805395,303,21634,0,0.000000,0.000000,0,0,0,0,0.000000,0.000000,0.000000,0.000000,,True
light_port_disruption_comparison,primary_port_partial_capacity,33,1075,heuristic,DISRUPTED,119568.000000,26080.000000,0.000000,0.000000,1316.000000,64902.000000,0.000000,27270.000000,0.000000,0.805395,303,21634,0,0.000000,0.000000,0,0,0,20,0.000000,0.000000,0.000000,0.008123,,True
light_port_disruption_comparison,primary_port_partial_capacity,33,1075,llm_agent,UNDISRUPTED,119568.000000,26080.000000,0.000000,0.000000,1316.000000,64902.000000,0.000000,27270.000000,0.000000,0.805395,303,21634,0,0.000000,0.000000,0,0,0,0,0.000000,0.000000,0.000000,0.000000,,True
light_port_disruption_comparison,primary_port_partial_capacity,33,1075,llm_agent,DISRUPTED,121008.000000,26080.000000,1440.000000,0.000000,1316.000000,64902.000000,0.000000,27270.000000,0.000000,0.805395,303,21634,0,0.000000,0.000000,18,0,0,20,0.000000,0.000000,0.000000,2432.935273,,True
light_port_disruption_comparison,primary_port_partial_capacity,34,1076,heuristic,UNDISRUPTED,158820.000000,26080.000000,0.000000,0.000000,1316.000000,90744.000000,0.000000,40680.000000,0.000000,0.727218,452,30248,0,0.000000,0.000000,0,0,0,0,0.000000,0.000000,0.000000,0.000000,,True
light_port_disruption_comparison,primary_port_partial_capacity,34,1076,heuristic,DISRUPTED,158820.000000,26080.000000,0.000000,0.000000,1316.000000,90744.000000,0.000000,40680.000000,0.000000,0.727218,452,30248,0,0.000000,0.000000,0,0,0,18,0.000000,0.000000,0.000000,0.008826,,True
light_port_disruption_comparison,primary_port_partial_capacity,34,1076,llm_agent,UNDISRUPTED,158820.000000,26080.000000,0.000000,0.000000,1316.000000,90744.000000,0.000000,40680.000000,0.000000,0.727218,452,30248,0,0.000000,0.000000,0,0,0,0,0.000000,0.000000,0.000000,0.000000,,True
light_port_disruption_comparison,primary_port_partial_capacity,34,1076,llm_agent,DISRUPTED,159860.000000,27080.000000,1200.000000,400.000000,1316.000000,89184.000000,0.000000,40680.000000,0.000000,0.727218,452,29728,0,0.000000,0.000000,15,1,40,17,0.000000,0.000000,0.000000,3007.779645,,True
light_port_disruption_comparison,primary_port_partial_capacity,35,1077,heuristic,UNDISRUPTED,141440.000000,26080.000000,0.000000,0.000000,1312.000000,79308.000000,0.000000,34740.000000,0.000000,0.762169,386,26436,0,0.000000,0.000000,0,0,0,0,0.000000,0.000000,0.000000,0.000000,,True
light_port_disruption_comparison,primary_port_partial_capacity,35,1077,heuristic,DISRUPTED,141440.000000,26080.000000,0.000000,0.000000,1312.000000,79308.000000,0.000000,34740.000000,0.000000,0.762169,386,26436,0,0.000000,0.000000,0,0,0,16,0.000000,0.000000,0.000000,0.007555,,True
light_port_disruption_comparison,primary_port_partial_capacity,35,1077,llm_agent,UNDISRUPTED,141440.000000,26080.000000,0.000000,0.000000,1312.000000,79308.000000,0.000000,34740.000000,0.000000,0.762169,386,26436,0,0.000000,0.000000,0,0,0,0,0.000000,0.000000,0.000000,0.000000,,True
light_port_disruption_comparison,primary_port_partial_capacity,35,1077,llm_agent,DISRUPTED,142560.000000,26080.000000,1120.000000,0.000000,1312.000000,79308.000000,0.000000,34740.000000,0.000000,0.762169,386,26436,0,0.000000,0.000000,14,0,0,16,0.000000,0.000000,0.000000,2404.066742,,True
light_port_disruption_comparison,primary_port_partial_capacity,36,1078,heuristic,UNDISRUPTED,149859.000000,26080.000000,0.000000,0.000000,1436.000000,84003.000000,0.000000,38340.000000,0.000000,0.734248,426,28001,0,0.000000,0.000000,0,0,0,0,0.000000,0.000000,0.000000,0.000000,,True
light_port_disruption_comparison,primary_port_partial_capacity,36,1078,heuristic,DISRUPTED,149859.000000,26080.000000,0.000000,0.000000,1436.000000,84003.000000,0.000000,38340.000000,0.000000,0.734248,426,28001,0,0.000000,0.000000,0,0,0,14,0.000000,0.000000,0.000000,0.008878,,True
light_port_disruption_comparison,primary_port_partial_capacity,36,1078,llm_agent,UNDISRUPTED,149859.000000,26080.000000,0.000000,0.000000,1436.000000,84003.000000,0.000000,38340.000000,0.000000,0.734248,426,28001,0,0.000000,0.000000,0,0,0,0,0.000000,0.000000,0.000000,0.000000,,True
light_port_disruption_comparison,primary_port_partial_capacity,36,1078,llm_agent,DISRUPTED,150979.000000,26080.000000,1120.000000,0.000000,1436.000000,84003.000000,0.000000,38340.000000,0.000000,0.734248,426,28001,0,0.000000,0.000000,14,0,0,14,0.000000,0.000000,0.000000,2734.560446,,True
light_port_disruption_comparison,primary_port_partial_capacity,37,1079,heuristic,UNDISRUPTED,131639.000000,26400.000000,0.000000,0.000000,1316.000000,73683.000000,0.000000,30240.000000,0.000000,0.781107,336,24561,0,0.000000,0.000000,0,0,0,0,0.000000,0.000000,0.000000,0.000000,,True
light_port_disruption_comparison,primary_port_partial_capacity,37,1079,heuristic,DISRUPTED,131639.000000,26400.000000,0.000000,0.000000,1316.000000,73683.000000,0.000000,30240.000000,0.000000,0.781107,336,24561,0,0.000000,0.000000,0,0,0,8,0.000000,0.000000,0.000000,0.007427,,True
light_port_disruption_comparison,primary_port_partial_capacity,37,1079,llm_agent,UNDISRUPTED,131639.000000,26400.000000,0.000000,0.000000,1316.000000,73683.000000,0.000000,30240.000000,0.000000,0.781107,336,24561,0,0.000000,0.000000,0,0,0,0,0.000000,0.000000,0.000000,0.000000,,True
light_port_disruption_comparison,primary_port_partial_capacity,37,1079,llm_agent,DISRUPTED,132079.000000,27400.000000,480.000000,400.000000,1316.000000,72243.000000,0.000000,30240.000000,0.000000,0.781107,336,24081,0,0.000000,0.000000,6,1,40,7,0.000000,0.000000,0.000000,2559.606292,,True
light_port_disruption_comparison,primary_port_partial_capacity,38,1080,heuristic,UNDISRUPTED,133146.000000,26080.000000,0.000000,0.000000,1316.000000,74700.000000,0.000000,31050.000000,0.000000,0.779271,345,24900,0,0.000000,0.000000,0,0,0,0,0.000000,0.000000,0.000000,0.000000,,True
light_port_disruption_comparison,primary_port_partial_capacity,38,1080,heuristic,DISRUPTED,133146.000000,26080.000000,0.000000,0.000000,1316.000000,74700.000000,0.000000,31050.000000,0.000000,0.779271,345,24900,0,0.000000,0.000000,0,0,0,8,0.000000,0.000000,0.000000,0.009203,,True
light_port_disruption_comparison,primary_port_partial_capacity,38,1080,llm_agent,UNDISRUPTED,133146.000000,26080.000000,0.000000,0.000000,1316.000000,74700.000000,0.000000,31050.000000,0.000000,0.779271,345,24900,0,0.000000,0.000000,0,0,0,0,0.000000,0.000000,0.000000,0.000000,,True
light_port_disruption_comparison,primary_port_partial_capacity,38,1080,llm_agent,DISRUPTED,133786.000000,26080.000000,640.000000,0.000000,1316.000000,74700.000000,0.000000,31050.000000,0.000000,0.779271,345,24900,0,0.000000,0.000000,8,0,0,8,0.000000,0.000000,0.000000,2374.446958,,True
light_port_disruption_comparison,primary_port_partial_capacity,39,1081,heuristic,UNDISRUPTED,141155.000000,26080.000000,0.000000,0.000000,1312.000000,79593.000000,60.000000,34110.000000,0.000000,0.763421,379,26531,40,0.018519,1.000000,0,0,0,1,0.000000,0.000000,0.000000,0.026625,,True
light_port_disruption_comparison,primary_port_partial_capacity,39,1081,heuristic,DISRUPTED,141875.000000,26080.000000,0.000000,0.000000,1312.000000,80313.000000,60.000000,34110.000000,0.000000,0.763421,379,26771,40,0.018519,1.000000,0,0,0,27,0.000000,0.000000,0.000000,0.006633,,True
light_port_disruption_comparison,primary_port_partial_capacity,39,1081,llm_agent,UNDISRUPTED,141235.000000,26080.000000,80.000000,0.000000,1312.000000,79593.000000,60.000000,34110.000000,0.000000,0.763421,379,26531,40,0.018519,1.000000,1,0,0,1,0.000000,0.000000,0.000000,2842.136958,,True
light_port_disruption_comparison,primary_port_partial_capacity,39,1081,llm_agent,DISRUPTED,143315.000000,26080.000000,1440.000000,0.000000,1312.000000,80313.000000,60.000000,34110.000000,0.000000,0.763421,379,26771,40,0.018519,1.000000,18,0,0,27,0.000000,0.000000,0.000000,2452.325450,,True
light_port_disruption_comparison,primary_port_partial_capacity,40,1082,heuristic,UNDISRUPTED,150383.000000,26080.000000,0.000000,0.000000,1312.000000,86451.000000,0.000000,36540.000000,0.000000,0.750154,406,28817,0,0.000000,0.000000,0,0,0,0,0.000000,0.000000,0.000000,0.000000,,True
light_port_disruption_comparison,primary_port_partial_capacity,40,1082,heuristic,DISRUPTED,150383.000000,26080.000000,0.000000,0.000000,1312.000000,86451.000000,0.000000,36540.000000,0.000000,0.750154,406,28817,0,0.000000,0.000000,0,0,0,20,0.000000,0.000000,0.000000,0.007281,,True
light_port_disruption_comparison,primary_port_partial_capacity,40,1082,llm_agent,UNDISRUPTED,150383.000000,26080.000000,0.000000,0.000000,1312.000000,86451.000000,0.000000,36540.000000,0.000000,0.750154,406,28817,0,0.000000,0.000000,0,0,0,0,0.000000,0.000000,0.000000,0.000000,,True
light_port_disruption_comparison,primary_port_partial_capacity,40,1082,llm_agent,DISRUPTED,151543.000000,27080.000000,1200.000000,400.000000,1312.000000,85011.000000,0.000000,36540.000000,0.000000,0.750154,406,28337,0,0.000000,0.000000,15,1,40,19,0.000000,0.000000,0.000000,2717.552458,,True
light_port_disruption_comparison,primary_port_partial_capacity,41,1083,heuristic,UNDISRUPTED,131117.000000,26080.000000,0.000000,0.000000,1312.000000,73215.000000,0.000000,30510.000000,0.000000,0.789572,339,24405,0,0.000000,0.000000,0,0,0,0,0.000000,0.000000,0.000000,0.000000,,True
light_port_disruption_comparison,primary_port_partial_capacity,41,1083,heuristic,DISRUPTED,131897.000000,26080.000000,0.000000,0.000000,1312.000000,73935.000000,60.000000,30510.000000,0.000000,0.789572,339,24645,40,0.018519,1.000000,0,0,0,19,0.000000,0.000000,0.000000,0.007636,,True
light_port_disruption_comparison,primary_port_partial_capacity,41,1083,llm_agent,UNDISRUPTED,131117.000000,26080.000000,0.000000,0.000000,1312.000000,73215.000000,0.000000,30510.000000,0.000000,0.789572,339,24405,0,0.000000,0.000000,0,0,0,0,0.000000,0.000000,0.000000,0.000000,,True
light_port_disruption_comparison,primary_port_partial_capacity,41,1083,llm_agent,DISRUPTED,132937.000000,26080.000000,1040.000000,0.000000,1312.000000,73935.000000,60.000000,30510.000000,0.000000,0.789572,339,24645,40,0.018519,1.000000,13,0,0,19,0.000000,0.000000,0.000000,2611.950211,,True
light_port_disruption_comparison,primary_port_partial_capacity,42,1084,heuristic,UNDISRUPTED,129184.000000,26080.000000,0.000000,0.000000,1308.000000,71556.000000,0.000000,30240.000000,0.000000,0.790000,336,23852,0,0.000000,0.000000,0,0,0,0,0.000000,0.000000,0.000000,0.000000,,True
light_port_disruption_comparison,primary_port_partial_capacity,42,1084,heuristic,DISRUPTED,129184.000000,26080.000000,0.000000,0.000000,1308.000000,71556.000000,0.000000,30240.000000,0.000000,0.790000,336,23852,0,0.000000,0.000000,0,0,0,22,0.000000,0.000000,0.000000,0.008015,,True
light_port_disruption_comparison,primary_port_partial_capacity,42,1084,llm_agent,UNDISRUPTED,129184.000000,26080.000000,0.000000,0.000000,1308.000000,71556.000000,0.000000,30240.000000,0.000000,0.790000,336,23852,0,0.000000,0.000000,0,0,0,0,0.000000,0.000000,0.000000,0.000000,,True
light_port_disruption_comparison,primary_port_partial_capacity,42,1084,llm_agent,DISRUPTED,130864.000000,26080.000000,1680.000000,0.000000,1308.000000,71556.000000,0.000000,30240.000000,0.000000,0.790000,336,23852,0,0.000000,0.000000,21,0,0,22,0.000000,0.000000,0.000000,2647.396809,,True
light_port_disruption_comparison,primary_port_partial_capacity,43,1085,heuristic,UNDISRUPTED,147773.000000,26080.000000,0.000000,0.000000,1312.000000,84471.000000,0.000000,35910.000000,0.000000,0.753247,399,28157,0,0.000000,0.000000,0,0,0,0,0.000000,0.000000,0.000000,0.000000,,True
light_port_disruption_comparison,primary_port_partial_capacity,43,1085,heuristic,DISRUPTED,148733.000000,26080.000000,0.000000,0.000000,1312.000000,85431.000000,0.000000,35910.000000,0.000000,0.753247,399,28477,0,0.000000,0.000000,0,0,0,24,0.000000,0.000000,0.000000,0.007281,,True
light_port_disruption_comparison,primary_port_partial_capacity,43,1085,llm_agent,UNDISRUPTED,147773.000000,26080.000000,0.000000,0.000000,1312.000000,84471.000000,0.000000,35910.000000,0.000000,0.753247,399,28157,0,0.000000,0.000000,0,0,0,0,0.000000,0.000000,0.000000,0.000000,,True
light_port_disruption_comparison,primary_port_partial_capacity,43,1085,llm_agent,DISRUPTED,149933.000000,26080.000000,1200.000000,0.000000,1312.000000,85431.000000,0.000000,35910.000000,0.000000,0.753247,399,28477,0,0.000000,0.000000,15,0,0,24,0.000000,0.000000,0.000000,2451.718715,,True
light_port_disruption_comparison,primary_port_partial_capacity,44,1086,heuristic,UNDISRUPTED,125976.000000,26080.000000,0.000000,0.000000,1316.000000,70140.000000,0.000000,28440.000000,0.000000,0.796260,316,23380,0,0.000000,0.000000,0,0,0,0,0.000000,0.000000,0.000000,0.000000,,True
light_port_disruption_comparison,primary_port_partial_capacity,44,1086,heuristic,DISRUPTED,125976.000000,26080.000000,0.000000,0.000000,1316.000000,70140.000000,0.000000,28440.000000,0.000000,0.796260,316,23380,0,0.000000,0.000000,0,0,0,10,0.000000,0.000000,0.000000,0.007596,,True
light_port_disruption_comparison,primary_port_partial_capacity,44,1086,llm_agent,UNDISRUPTED,125976.000000,26080.000000,0.000000,0.000000,1316.000000,70140.000000,0.000000,28440.000000,0.000000,0.796260,316,23380,0,0.000000,0.000000,0,0,0,0,0.000000,0.000000,0.000000,0.000000,,True
light_port_disruption_comparison,primary_port_partial_capacity,44,1086,llm_agent,DISRUPTED,126696.000000,26080.000000,720.000000,0.000000,1316.000000,70140.000000,0.000000,28440.000000,0.000000,0.796260,316,23380,0,0.000000,0.000000,9,0,0,10,0.000000,0.000000,0.000000,2483.029092,,True
light_port_disruption_comparison,primary_port_partial_capacity,45,1087,heuristic,UNDISRUPTED,149845.000000,26080.000000,0.000000,0.000000,1308.000000,85467.000000,0.000000,36990.000000,0.000000,0.741672,411,28489,0,0.000000,0.000000,0,0,0,0,0.000000,0.000000,0.000000,0.000000,,True
light_port_disruption_comparison,primary_port_partial_capacity,45,1087,heuristic,DISRUPTED,149845.000000,26080.000000,0.000000,0.000000,1308.000000,85467.000000,0.000000,36990.000000,0.000000,0.741672,411,28489,0,0.000000,0.000000,0,0,0,10,0.000000,0.000000,0.000000,0.008796,,True
light_port_disruption_comparison,primary_port_partial_capacity,45,1087,llm_agent,UNDISRUPTED,149845.000000,26080.000000,0.000000,0.000000,1308.000000,85467.000000,0.000000,36990.000000,0.000000,0.741672,411,28489,0,0.000000,0.000000,0,0,0,0,0.000000,0.000000,0.000000,0.000000,,True
light_port_disruption_comparison,primary_port_partial_capacity,45,1087,llm_agent,DISRUPTED,150565.000000,26080.000000,720.000000,0.000000,1308.000000,85467.000000,0.000000,36990.000000,0.000000,0.741672,411,28489,0,0.000000,0.000000,9,0,0,10,0.000000,0.000000,0.000000,2826.193279,,True
light_port_disruption_comparison,primary_port_partial_capacity,46,1088,heuristic,UNDISRUPTED,142976.000000,26080.000000,0.000000,0.000000,1312.000000,81834.000000,0.000000,33750.000000,0.000000,0.765038,375,27278,0,0.000000,0.000000,0,0,0,0,0.000000,0.000000,0.000000,0.000000,,True
light_port_disruption_comparison,primary_port_partial_capacity,46,1088,heuristic,DISRUPTED,142976.000000,26080.000000,0.000000,0.000000,1312.000000,81834.000000,0.000000,33750.000000,0.000000,0.765038,375,27278,0,0.000000,0.000000,0,0,0,10,0.000000,0.000000,0.000000,0.009496,,True
light_port_disruption_comparison,primary_port_partial_capacity,46,1088,llm_agent,UNDISRUPTED,142976.000000,26080.000000,0.000000,0.000000,1312.000000,81834.000000,0.000000,33750.000000,0.000000,0.765038,375,27278,0,0.000000,0.000000,0,0,0,0,0.000000,0.000000,0.000000,0.000000,,True
light_port_disruption_comparison,primary_port_partial_capacity,46,1088,llm_agent,DISRUPTED,143776.000000,26080.000000,800.000000,0.000000,1312.000000,81834.000000,0.000000,33750.000000,0.000000,0.765038,375,27278,0,0.000000,0.000000,10,0,0,10,0.000000,0.000000,0.000000,2235.840408,,True
light_port_disruption_comparison,primary_port_partial_capacity,47,1089,heuristic,UNDISRUPTED,143751.000000,26200.000000,0.000000,0.000000,1316.000000,82035.000000,0.000000,34200.000000,0.000000,0.762500,380,27345,0,0.000000,0.000000,0,0,0,0,0.000000,0.000000,0.000000,0.000000,,True
light_port_disruption_comparison,primary_port_partial_capacity,47,1089,heuristic,DISRUPTED,143871.000000,26200.000000,0.000000,0.000000,1316.000000,82155.000000,0.000000,34200.000000,0.000000,0.762500,380,27385,0,0.000000,0.000000,0,0,0,8,0.000000,0.000000,0.000000,0.008683,,True
light_port_disruption_comparison,primary_port_partial_capacity,47,1089,llm_agent,UNDISRUPTED,143751.000000,26200.000000,0.000000,0.000000,1316.000000,82035.000000,0.000000,34200.000000,0.000000,0.762500,380,27345,0,0.000000,0.000000,0,0,0,0,0.000000,0.000000,0.000000,0.000000,,True
light_port_disruption_comparison,primary_port_partial_capacity,47,1089,llm_agent,DISRUPTED,144431.000000,26200.000000,560.000000,0.000000,1316.000000,82155.000000,0.000000,34200.000000,0.000000,0.762500,380,27385,0,0.000000,0.000000,7,0,0,8,0.000000,0.000000,0.000000,2287.397604,,True
light_port_disruption_comparison,primary_port_partial_capacity,48,1090,heuristic,UNDISRUPTED,146346.000000,26200.000000,0.000000,0.000000,1304.000000,82752.000000,0.000000,36090.000000,0.000000,0.753079,401,27584,0,0.000000,0.000000,0,0,0,0,0.000000,0.000000,0.000000,0.000000,,True
light_port_disruption_comparison,primary_port_partial_capacity,48,1090,heuristic,DISRUPTED,146346.000000,26200.000000,0.000000,0.000000,1304.000000,82752.000000,0.000000,36090.000000,0.000000,0.753079,401,27584,0,0.000000,0.000000,0,0,0,10,0.000000,0.000000,0.000000,0.008004,,True
light_port_disruption_comparison,primary_port_partial_capacity,48,1090,llm_agent,UNDISRUPTED,146346.000000,26200.000000,0.000000,0.000000,1304.000000,82752.000000,0.000000,36090.000000,0.000000,0.753079,401,27584,0,0.000000,0.000000,0,0,0,0,0.000000,0.000000,0.000000,0.000000,,True
light_port_disruption_comparison,primary_port_partial_capacity,48,1090,llm_agent,DISRUPTED,147066.000000,26200.000000,720.000000,0.000000,1304.000000,82752.000000,0.000000,36090.000000,0.000000,0.753079,401,27584,0,0.000000,0.000000,9,0,0,10,0.000000,0.000000,0.000000,2484.696879,,True
light_port_disruption_comparison,primary_port_partial_capacity,49,1091,heuristic,UNDISRUPTED,116785.000000,26080.000000,0.000000,0.000000,1308.000000,63297.000000,0.000000,26100.000000,0.000000,0.813744,290,21099,0,0.000000,0.000000,0,0,0,0,0.000000,0.000000,0.000000,0.000000,,True
light_port_disruption_comparison,primary_port_partial_capacity,49,1091,heuristic,DISRUPTED,116785.000000,26080.000000,0.000000,0.000000,1308.000000,63297.000000,0.000000,26100.000000,0.000000,0.813744,290,21099,0,0.000000,0.000000,0,0,0,18,0.000000,0.000000,0.000000,0.007128,,True
light_port_disruption_comparison,primary_port_partial_capacity,49,1091,llm_agent,UNDISRUPTED,116785.000000,26080.000000,0.000000,0.000000,1308.000000,63297.000000,0.000000,26100.000000,0.000000,0.813744,290,21099,0,0.000000,0.000000,0,0,0,0,0.000000,0.000000,0.000000,0.000000,,True
light_port_disruption_comparison,primary_port_partial_capacity,49,1091,llm_agent,DISRUPTED,118145.000000,26080.000000,1360.000000,0.000000,1308.000000,63297.000000,0.000000,26100.000000,0.000000,0.813744,290,21099,0,0.000000,0.000000,17,0,0,18,0.000000,0.000000,0.000000,2779.630049,,True
light_port_disruption_comparison,primary_port_partial_capacity,50,1092,heuristic,UNDISRUPTED,130891.000000,26080.000000,0.000000,0.000000,1308.000000,73623.000000,0.000000,29880.000000,0.000000,0.788938,332,24541,0,0.000000,0.000000,0,0,0,0,0.000000,0.000000,0.000000,0.000000,,True
light_port_disruption_comparison,primary_port_partial_capacity,50,1092,heuristic,DISRUPTED,130891.000000,26080.000000,0.000000,0.000000,1308.000000,73623.000000,0.000000,29880.000000,0.000000,0.788938,332,24541,0,0.000000,0.000000,0,0,0,16,0.000000,0.000000,0.000000,0.008354,,True
light_port_disruption_comparison,primary_port_partial_capacity,50,1092,llm_agent,UNDISRUPTED,130891.000000,26080.000000,0.000000,0.000000,1308.000000,73623.000000,0.000000,29880.000000,0.000000,0.788938,332,24541,0,0.000000,0.000000,0,0,0,0,0.000000,0.000000,0.000000,0.000000,,True
light_port_disruption_comparison,primary_port_partial_capacity,50,1092,llm_agent,DISRUPTED,132091.000000,26080.000000,1200.000000,0.000000,1308.000000,73623.000000,0.000000,29880.000000,0.000000,0.788938,332,24541,0,0.000000,0.000000,15,0,0,16,0.000000,0.000000,0.000000,3097.487768,,True
light_port_disruption_comparison,primary_port_partial_capacity,51,1093,heuristic,UNDISRUPTED,127751.000000,26080.000000,0.000000,0.000000,1312.000000,70689.000000,60.000000,29610.000000,0.000000,0.792298,329,23563,40,0.018519,1.000000,0,0,0,0,0.000000,0.000000,0.000000,0.000000,,True
light_port_disruption_comparison,primary_port_partial_capacity,51,1093,heuristic,DISRUPTED,128531.000000,26080.000000,0.000000,0.000000,1312.000000,71409.000000,120.000000,29610.000000,0.000000,0.792298,329,23803,80,0.037037,1.000000,0,0,0,17,0.000000,0.000000,0.000000,0.008390,,True
light_port_disruption_comparison,primary_port_partial_capacity,51,1093,llm_agent,UNDISRUPTED,127751.000000,26080.000000,0.000000,0.000000,1312.000000,70689.000000,60.000000,29610.000000,0.000000,0.792298,329,23563,40,0.018519,1.000000,0,0,0,0,0.000000,0.000000,0.000000,0.000000,,True
light_port_disruption_comparison,primary_port_partial_capacity,51,1093,llm_agent,DISRUPTED,129331.000000,26080.000000,800.000000,0.000000,1312.000000,71409.000000,120.000000,29610.000000,0.000000,0.792298,329,23803,80,0.037037,1.000000,10,0,0,17,0.000000,0.000000,0.000000,2551.730275,,True
light_port_disruption_comparison,primary_port_partial_capacity,52,1094,heuristic,UNDISRUPTED,124207.000000,26080.000000,0.000000,0.000000,1308.000000,68769.000000,60.000000,27990.000000,0.000000,0.800896,311,22923,40,0.018519,1.000000,0,0,0,0,0.000000,0.000000,0.000000,0.000000,,True
light_port_disruption_comparison,primary_port_partial_capacity,52,1094,heuristic,DISRUPTED,124207.000000,26080.000000,0.000000,0.000000,1308.000000,68769.000000,60.000000,27990.000000,0.000000,0.800896,311,22923,40,0.018519,1.000000,0,0,0,12,0.000000,0.000000,0.000000,0.008840,,True
light_port_disruption_comparison,primary_port_partial_capacity,52,1094,llm_agent,UNDISRUPTED,124207.000000,26080.000000,0.000000,0.000000,1308.000000,68769.000000,60.000000,27990.000000,0.000000,0.800896,311,22923,40,0.018519,1.000000,0,0,0,0,0.000000,0.000000,0.000000,0.000000,,True
light_port_disruption_comparison,primary_port_partial_capacity,52,1094,llm_agent,DISRUPTED,125167.000000,26080.000000,960.000000,0.000000,1308.000000,68769.000000,60.000000,27990.000000,0.000000,0.800896,311,22923,40,0.018519,1.000000,12,0,0,12,0.000000,0.000000,0.000000,2520.125910,,True
light_port_disruption_comparison,primary_port_partial_capacity,53,1095,heuristic,UNDISRUPTED,135359.000000,26080.000000,0.000000,0.000000,1312.000000,75657.000000,0.000000,32310.000000,0.000000,0.775765,359,25219,0,0.000000,0.000000,0,0,0,0,0.000000,0.000000,0.000000,0.000000,,True
light_port_disruption_comparison,primary_port_partial_capacity,53,1095,heuristic,DISRUPTED,135359.000000,26080.000000,0.000000,0.000000,1312.000000,75657.000000,0.000000,32310.000000,0.000000,0.775765,359,25219,0,0.000000,0.000000,0,0,0,12,0.000000,0.000000,0.000000,0.007948,,True
light_port_disruption_comparison,primary_port_partial_capacity,53,1095,llm_agent,UNDISRUPTED,135359.000000,26080.000000,0.000000,0.000000,1312.000000,75657.000000,0.000000,32310.000000,0.000000,0.775765,359,25219,0,0.000000,0.000000,0,0,0,0,0.000000,0.000000,0.000000,0.000000,,True
light_port_disruption_comparison,primary_port_partial_capacity,53,1095,llm_agent,DISRUPTED,136319.000000,26080.000000,960.000000,0.000000,1312.000000,75657.000000,0.000000,32310.000000,0.000000,0.775765,359,25219,0,0.000000,0.000000,12,0,0,12,0.000000,0.000000,0.000000,2433.587837,,True
light_port_disruption_comparison,primary_port_partial_capacity,54,1096,heuristic,UNDISRUPTED,146399.000000,26080.000000,0.000000,0.000000,1432.000000,81897.000000,0.000000,36990.000000,0.000000,0.738550,411,27299,0,0.000000,0.000000,0,0,0,0,0.000000,0.000000,0.000000,0.000000,,True
light_port_disruption_comparison,primary_port_partial_capacity,54,1096,heuristic,DISRUPTED,146399.000000,26080.000000,0.000000,0.000000,1432.000000,81897.000000,0.000000,36990.000000,0.000000,0.738550,411,27299,0,0.000000,0.000000,0,0,0,12,0.000000,0.000000,0.000000,0.008139,,True
light_port_disruption_comparison,primary_port_partial_capacity,54,1096,llm_agent,UNDISRUPTED,146399.000000,26080.000000,0.000000,0.000000,1432.000000,81897.000000,0.000000,36990.000000,0.000000,0.738550,411,27299,0,0.000000,0.000000,0,0,0,0,0.000000,0.000000,0.000000,0.000000,,True
light_port_disruption_comparison,primary_port_partial_capacity,54,1096,llm_agent,DISRUPTED,147279.000000,26080.000000,880.000000,0.000000,1432.000000,81897.000000,0.000000,36990.000000,0.000000,0.738550,411,27299,0,0.000000,0.000000,11,0,0,12,0.000000,0.000000,0.000000,2998.098115,,True
light_port_disruption_comparison,primary_port_partial_capacity,55,1097,heuristic,UNDISRUPTED,134450.000000,26080.000000,0.000000,0.000000,1312.000000,75108.000000,0.000000,31950.000000,0.000000,0.779640,355,25036,0,0.000000,0.000000,0,0,0,0,0.000000,0.000000,0.000000,0.000000,,True
light_port_disruption_comparison,primary_port_partial_capacity,55,1097,heuristic,DISRUPTED,134450.000000,26080.000000,0.000000,0.000000,1312.000000,75108.000000,0.000000,31950.000000,0.000000,0.779640,355,25036,0,0.000000,0.000000,0,0,0,10,0.000000,0.000000,0.000000,0.008029,,True
light_port_disruption_comparison,primary_port_partial_capacity,55,1097,llm_agent,UNDISRUPTED,134450.000000,26080.000000,0.000000,0.000000,1312.000000,75108.000000,0.000000,31950.000000,0.000000,0.779640,355,25036,0,0.000000,0.000000,0,0,0,0,0.000000,0.000000,0.000000,0.000000,,True
light_port_disruption_comparison,primary_port_partial_capacity,55,1097,llm_agent,DISRUPTED,135250.000000,26080.000000,800.000000,0.000000,1312.000000,75108.000000,0.000000,31950.000000,0.000000,0.779640,355,25036,0,0.000000,0.000000,10,0,0,10,0.000000,0.000000,0.000000,2582.977275,,True
light_port_disruption_comparison,primary_port_partial_capacity,56,1098,heuristic,UNDISRUPTED,136949.000000,26200.000000,0.000000,0.000000,1312.000000,75897.000000,60.000000,33480.000000,0.000000,0.773171,372,25299,40,0.018519,1.000000,0,0,0,0,0.000000,0.000000,0.000000,0.000000,,True
light_port_disruption_comparison,primary_port_partial_capacity,56,1098,heuristic,DISRUPTED,136949.000000,26200.000000,0.000000,0.000000,1312.000000,75897.000000,60.000000,33480.000000,0.000000,0.773171,372,25299,40,0.018519,1.000000,0,0,0,12,0.000000,0.000000,0.000000,0.008844,,True
light_port_disruption_comparison,primary_port_partial_capacity,56,1098,llm_agent,UNDISRUPTED,136949.000000,26200.000000,0.000000,0.000000,1312.000000,75897.000000,60.000000,33480.000000,0.000000,0.773171,372,25299,40,0.018519,1.000000,0,0,0,0,0.000000,0.000000,0.000000,0.000000,,True
light_port_disruption_comparison,primary_port_partial_capacity,56,1098,llm_agent,DISRUPTED,137909.000000,26200.000000,960.000000,0.000000,1312.000000,75897.000000,60.000000,33480.000000,0.000000,0.773171,372,25299,40,0.018519,1.000000,12,0,0,12,0.000000,0.000000,0.000000,2531.750472,,True
light_port_disruption_comparison,primary_port_partial_capacity,57,1099,heuristic,UNDISRUPTED,129482.000000,26080.000000,0.000000,0.000000,1312.000000,71400.000000,0.000000,30690.000000,0.000000,0.786475,341,23800,0,0.000000,0.000000,0,0,0,0,0.000000,0.000000,0.000000,0.000000,,True
light_port_disruption_comparison,primary_port_partial_capacity,57,1099,heuristic,DISRUPTED,129482.000000,26080.000000,0.000000,0.000000,1312.000000,71400.000000,0.000000,30690.000000,0.000000,0.786475,341,23800,0,0.000000,0.000000,0,0,0,8,0.000000,0.000000,0.000000,0.009729,,True
light_port_disruption_comparison,primary_port_partial_capacity,57,1099,llm_agent,UNDISRUPTED,129482.000000,26080.000000,0.000000,0.000000,1312.000000,71400.000000,0.000000,30690.000000,0.000000,0.786475,341,23800,0,0.000000,0.000000,0,0,0,0,0.000000,0.000000,0.000000,0.000000,,True
light_port_disruption_comparison,primary_port_partial_capacity,57,1099,llm_agent,DISRUPTED,130042.000000,26080.000000,560.000000,0.000000,1312.000000,71400.000000,0.000000,30690.000000,0.000000,0.786475,341,23800,0,0.000000,0.000000,7,0,0,8,0.000000,0.000000,0.000000,2742.868818,,True
light_port_disruption_comparison,primary_port_partial_capacity,58,1100,heuristic,UNDISRUPTED,150362.000000,26080.000000,0.000000,0.000000,1420.000000,85872.000000,0.000000,36990.000000,0.000000,0.739048,411,28624,0,0.000000,0.000000,0,0,0,0,0.000000,0.000000,0.000000,0.000000,,True
light_port_disruption_comparison,primary_port_partial_capacity,58,1100,heuristic,DISRUPTED,150362.000000,26080.000000,0.000000,0.000000,1420.000000,85872.000000,0.000000,36990.000000,0.000000,0.739048,411,28624,0,0.000000,0.000000,0,0,0,16,0.000000,0.000000,0.000000,0.008203,,True
light_port_disruption_comparison,primary_port_partial_capacity,58,1100,llm_agent,UNDISRUPTED,150362.000000,26080.000000,0.000000,0.000000,1420.000000,85872.000000,0.000000,36990.000000,0.000000,0.739048,411,28624,0,0.000000,0.000000,0,0,0,0,0.000000,0.000000,0.000000,0.000000,,True
light_port_disruption_comparison,primary_port_partial_capacity,58,1100,llm_agent,DISRUPTED,151322.000000,26080.000000,960.000000,0.000000,1420.000000,85872.000000,0.000000,36990.000000,0.000000,0.739048,411,28624,0,0.000000,0.000000,12,0,0,16,0.000000,0.000000,0.000000,2761.511792,,True
light_port_disruption_comparison,primary_port_partial_capacity,59,1101,heuristic,UNDISRUPTED,131117.000000,26080.000000,0.000000,0.000000,1312.000000,71595.000000,0.000000,32130.000000,0.000000,0.781384,357,23865,0,0.000000,0.000000,0,0,0,0,0.000000,0.000000,0.000000,0.000000,,True
light_port_disruption_comparison,primary_port_partial_capacity,59,1101,heuristic,DISRUPTED,131897.000000,26080.000000,0.000000,0.000000,1312.000000,72315.000000,60.000000,32130.000000,0.000000,0.781384,357,24105,40,0.018519,1.000000,0,0,0,21,0.000000,0.000000,0.000000,0.007744,,True
light_port_disruption_comparison,primary_port_partial_capacity,59,1101,llm_agent,UNDISRUPTED,131117.000000,26080.000000,0.000000,0.000000,1312.000000,71595.000000,0.000000,32130.000000,0.000000,0.781384,357,23865,0,0.000000,0.000000,0,0,0,0,0.000000,0.000000,0.000000,0.000000,,True
light_port_disruption_comparison,primary_port_partial_capacity,59,1101,llm_agent,DISRUPTED,133017.000000,26080.000000,1120.000000,0.000000,1312.000000,72315.000000,60.000000,32130.000000,0.000000,0.781384,357,24105,40,0.018519,1.000000,14,0,0,21,0.000000,0.000000,0.000000,2465.047478,,True
light_port_disruption_comparison,primary_port_partial_capacity,60,1102,heuristic,UNDISRUPTED,130245.000000,26080.000000,0.000000,0.000000,1316.000000,72159.000000,0.000000,30690.000000,0.000000,0.789506,341,24053,0,0.000000,0.000000,0,0,0,0,0.000000,0.000000,0.000000,0.000000,,True
light_port_disruption_comparison,primary_port_partial_capacity,60,1102,heuristic,DISRUPTED,130245.000000,26080.000000,0.000000,0.000000,1316.000000,72159.000000,0.000000,30690.000000,0.000000,0.789506,341,24053,0,0.000000,0.000000,0,0,0,10,0.000000,0.000000,0.000000,0.008125,,True
light_port_disruption_comparison,primary_port_partial_capacity,60,1102,llm_agent,UNDISRUPTED,130245.000000,26080.000000,0.000000,0.000000,1316.000000,72159.000000,0.000000,30690.000000,0.000000,0.789506,341,24053,0,0.000000,0.000000,0,0,0,0,0.000000,0.000000,0.000000,0.000000,,True
light_port_disruption_comparison,primary_port_partial_capacity,60,1102,llm_agent,DISRUPTED,130845.000000,27080.000000,640.000000,400.000000,1316.000000,70719.000000,0.000000,30690.000000,0.000000,0.789506,341,23573,0,0.000000,0.000000,8,1,40,9,0.000000,0.000000,0.000000,2295.857866,,True
light_port_disruption_comparison,primary_port_partial_capacity,61,1103,heuristic,UNDISRUPTED,133069.000000,26080.000000,0.000000,0.000000,1428.000000,72891.000000,0.000000,32670.000000,0.000000,0.769670,363,24297,0,0.000000,0.000000,0,0,0,0,0.000000,0.000000,0.000000,0.000000,,True
light_port_disruption_comparison,primary_port_partial_capacity,61,1103,heuristic,DISRUPTED,133309.000000,26080.000000,0.000000,0.000000,1428.000000,73131.000000,0.000000,32670.000000,0.000000,0.769670,363,24377,0,0.000000,0.000000,0,0,0,13,0.000000,0.000000,0.000000,0.008359,,True
light_port_disruption_comparison,primary_port_partial_capacity,61,1103,llm_agent,UNDISRUPTED,133069.000000,26080.000000,0.000000,0.000000,1428.000000,72891.000000,0.000000,32670.000000,0.000000,0.769670,363,24297,0,0.000000,0.000000,0,0,0,0,0.000000,0.000000,0.000000,0.000000,,True
light_port_disruption_comparison,primary_port_partial_capacity,61,1103,llm_agent,DISRUPTED,134109.000000,26080.000000,800.000000,0.000000,1428.000000,73131.000000,0.000000,32670.000000,0.000000,0.769670,363,24377,0,0.000000,0.000000,10,0,0,13,0.000000,0.000000,0.000000,2499.650356,,True
light_port_disruption_comparison,primary_port_partial_capacity,62,1104,heuristic,UNDISRUPTED,139766.000000,26080.000000,0.000000,0.000000,1312.000000,78984.000000,0.000000,33390.000000,0.000000,0.767106,371,26328,0,0.000000,0.000000,0,0,0,0,0.000000,0.000000,0.000000,0.000000,,True
light_port_disruption_comparison,primary_port_partial_capacity,62,1104,heuristic,DISRUPTED,140246.000000,26080.000000,0.000000,0.000000,1312.000000,79464.000000,0.000000,33390.000000,0.000000,0.767106,371,26488,0,0.000000,0.000000,0,0,0,19,0.000000,0.000000,0.000000,0.007048,,True
light_port_disruption_comparison,primary_port_partial_capacity,62,1104,llm_agent,UNDISRUPTED,139766.000000,26080.000000,0.000000,0.000000,1312.000000,78984.000000,0.000000,33390.000000,0.000000,0.767106,371,26328,0,0.000000,0.000000,0,0,0,0,0.000000,0.000000,0.000000,0.000000,,True
light_port_disruption_comparison,primary_port_partial_capacity,62,1104,llm_agent,DISRUPTED,141446.000000,26080.000000,1200.000000,0.000000,1312.000000,79464.000000,0.000000,33390.000000,0.000000,0.767106,371,26488,0,0.000000,0.000000,15,0,0,19,0.000000,0.000000,0.000000,2453.911281,,True
light_port_disruption_comparison,primary_port_partial_capacity,63,1105,heuristic,UNDISRUPTED,147767.000000,26080.000000,0.000000,0.000000,1312.000000,83835.000000,0.000000,36540.000000,0.000000,0.750308,406,27945,0,0.000000,0.000000,0,0,0,0,0.000000,0.000000,0.000000,0.000000,,True
light_port_disruption_comparison,primary_port_partial_capacity,63,1105,heuristic,DISRUPTED,147767.000000,26080.000000,0.000000,0.000000,1312.000000,83835.000000,0.000000,36540.000000,0.000000,0.750308,406,27945,0,0.000000,0.000000,0,0,0,12,0.000000,0.000000,0.000000,0.008048,,True
light_port_disruption_comparison,primary_port_partial_capacity,63,1105,llm_agent,UNDISRUPTED,147767.000000,26080.000000,0.000000,0.000000,1312.000000,83835.000000,0.000000,36540.000000,0.000000,0.750308,406,27945,0,0.000000,0.000000,0,0,0,0,0.000000,0.000000,0.000000,0.000000,,True
light_port_disruption_comparison,primary_port_partial_capacity,63,1105,llm_agent,DISRUPTED,148727.000000,26080.000000,960.000000,0.000000,1312.000000,83835.000000,0.000000,36540.000000,0.000000,0.750308,406,27945,0,0.000000,0.000000,12,0,0,12,0.000000,0.000000,0.000000,2439.453816,,True
light_port_disruption_comparison,primary_port_partial_capacity,64,1106,heuristic,UNDISRUPTED,141210.000000,26080.000000,0.000000,0.000000,1316.000000,78354.000000,0.000000,35460.000000,0.000000,0.760777,394,26118,0,0.000000,0.000000,0,0,0,0,0.000000,0.000000,0.000000,0.000000,,True
light_port_disruption_comparison,primary_port_partial_capacity,64,1106,heuristic,DISRUPTED,141330.000000,26080.000000,0.000000,0.000000,1316.000000,78474.000000,0.000000,35460.000000,0.000000,0.760777,394,26158,0,0.000000,0.000000,0,0,0,8,0.000000,0.000000,0.000000,0.008875,,True
light_port_disruption_comparison,primary_port_partial_capacity,64,1106,llm_agent,UNDISRUPTED,141210.000000,26080.000000,0.000000,0.000000,1316.000000,78354.000000,0.000000,35460.000000,0.000000,0.760777,394,26118,0,0.000000,0.000000,0,0,0,0,0.000000,0.000000,0.000000,0.000000,,True
light_port_disruption_comparison,primary_port_partial_capacity,64,1106,llm_agent,DISRUPTED,141810.000000,26080.000000,480.000000,0.000000,1316.000000,78474.000000,0.000000,35460.000000,0.000000,0.760777,394,26158,0,0.000000,0.000000,6,0,0,8,0.000000,0.000000,0.000000,2653.518292,,True
light_port_disruption_comparison,primary_port_partial_capacity,65,1107,heuristic,UNDISRUPTED,149586.000000,26080.000000,0.000000,0.000000,1424.000000,83652.000000,0.000000,38430.000000,0.000000,0.736745,427,27884,0,0.000000,0.000000,0,0,0,0,0.000000,0.000000,0.000000,0.000000,,True
light_port_disruption_comparison,primary_port_partial_capacity,65,1107,heuristic,DISRUPTED,149586.000000,26080.000000,0.000000,0.000000,1424.000000,83652.000000,0.000000,38430.000000,0.000000,0.736745,427,27884,0,0.000000,0.000000,0,0,0,8,0.000000,0.000000,0.000000,0.009380,,True
light_port_disruption_comparison,primary_port_partial_capacity,65,1107,llm_agent,UNDISRUPTED,149586.000000,26080.000000,0.000000,0.000000,1424.000000,83652.000000,0.000000,38430.000000,0.000000,0.736745,427,27884,0,0.000000,0.000000,0,0,0,0,0.000000,0.000000,0.000000,0.000000,,True
light_port_disruption_comparison,primary_port_partial_capacity,65,1107,llm_agent,DISRUPTED,150146.000000,26080.000000,560.000000,0.000000,1424.000000,83652.000000,0.000000,38430.000000,0.000000,0.736745,427,27884,0,0.000000,0.000000,7,0,0,8,0.000000,0.000000,0.000000,2330.916807,,True
light_port_disruption_comparison,primary_port_partial_capacity,66,1108,heuristic,UNDISRUPTED,120771.000000,26400.000000,0.000000,0.000000,1308.000000,65883.000000,0.000000,27180.000000,0.000000,0.808010,302,21961,0,0.000000,0.000000,0,0,0,0,0.000000,0.000000,0.000000,0.000000,,True
light_port_disruption_comparison,primary_port_partial_capacity,66,1108,heuristic,DISRUPTED,120771.000000,26400.000000,0.000000,0.000000,1308.000000,65883.000000,0.000000,27180.000000,0.000000,0.808010,302,21961,0,0.000000,0.000000,0,0,0,18,0.000000,0.000000,0.000000,0.008556,,True
light_port_disruption_comparison,primary_port_partial_capacity,66,1108,llm_agent,UNDISRUPTED,120771.000000,26400.000000,0.000000,0.000000,1308.000000,65883.000000,0.000000,27180.000000,0.000000,0.808010,302,21961,0,0.000000,0.000000,0,0,0,0,0.000000,0.000000,0.000000,0.000000,,True
light_port_disruption_comparison,primary_port_partial_capacity,66,1108,llm_agent,DISRUPTED,122131.000000,26400.000000,1360.000000,0.000000,1308.000000,65883.000000,0.000000,27180.000000,0.000000,0.808010,302,21961,0,0.000000,0.000000,17,0,0,18,0.000000,0.000000,0.000000,2824.824667,,True
light_port_disruption_comparison,primary_port_partial_capacity,67,1109,heuristic,UNDISRUPTED,158014.000000,26080.000000,0.000000,0.000000,1428.000000,89406.000000,60.000000,41040.000000,0.000000,0.719730,456,29802,40,0.018519,1.000000,0,0,0,1,0.000000,0.000000,0.000000,0.016292,,True
light_port_disruption_comparison,primary_port_partial_capacity,67,1109,heuristic,DISRUPTED,158014.000000,26080.000000,0.000000,0.000000,1428.000000,89406.000000,60.000000,41040.000000,0.000000,0.719730,456,29802,40,0.018519,1.000000,0,0,0,19,0.000000,0.000000,0.000000,0.006697,,True
light_port_disruption_comparison,primary_port_partial_capacity,67,1109,llm_agent,UNDISRUPTED,158094.000000,26080.000000,80.000000,0.000000,1428.000000,89406.000000,60.000000,41040.000000,0.000000,0.719730,456,29802,40,0.018519,1.000000,1,0,0,1,0.000000,0.000000,0.000000,2712.309083,,True
light_port_disruption_comparison,primary_port_partial_capacity,67,1109,llm_agent,DISRUPTED,159374.000000,26080.000000,1360.000000,0.000000,1428.000000,89406.000000,60.000000,41040.000000,0.000000,0.719730,456,29802,40,0.018519,1.000000,17,0,0,19,0.000000,0.000000,0.000000,2713.838583,,True
light_port_disruption_comparison,primary_port_partial_capacity,68,1110,heuristic,UNDISRUPTED,145769.000000,26080.000000,0.000000,0.000000,1312.000000,82287.000000,0.000000,36090.000000,0.000000,0.750156,401,27429,0,0.000000,0.000000,0,0,0,0,0.000000,0.000000,0.000000,0.000000,,True
light_port_disruption_comparison,primary_port_partial_capacity,68,1110,heuristic,DISRUPTED,145769.000000,26080.000000,0.000000,0.000000,1312.000000,82287.000000,0.000000,36090.000000,0.000000,0.750156,401,27429,0,0.000000,0.000000,0,0,0,18,0.000000,0.000000,0.000000,0.007847,,True
light_port_disruption_comparison,primary_port_partial_capacity,68,1110,llm_agent,UNDISRUPTED,145769.000000,26080.000000,0.000000,0.000000,1312.000000,82287.000000,0.000000,36090.000000,0.000000,0.750156,401,27429,0,0.000000,0.000000,0,0,0,0,0.000000,0.000000,0.000000,0.000000,,True
light_port_disruption_comparison,primary_port_partial_capacity,68,1110,llm_agent,DISRUPTED,146849.000000,27080.000000,1120.000000,400.000000,1312.000000,80847.000000,0.000000,36090.000000,0.000000,0.750156,401,26949,0,0.000000,0.000000,14,1,40,17,0.000000,0.000000,0.000000,3069.668618,,True
light_port_disruption_comparison,primary_port_partial_capacity,69,1111,heuristic,UNDISRUPTED,129007.000000,26080.000000,0.000000,0.000000,1308.000000,71649.000000,0.000000,29970.000000,0.000000,0.789773,333,23883,0,0.000000,0.000000,0,0,0,0,0.000000,0.000000,0.000000,0.000000,,True
light_port_disruption_comparison,primary_port_partial_capacity,69,1111,heuristic,DISRUPTED,129007.000000,26080.000000,0.000000,0.000000,1308.000000,71649.000000,0.000000,29970.000000,0.000000,0.789773,333,23883,0,0.000000,0.000000,0,0,0,10,0.000000,0.000000,0.000000,0.008083,,True
light_port_disruption_comparison,primary_port_partial_capacity,69,1111,llm_agent,UNDISRUPTED,129007.000000,26080.000000,0.000000,0.000000,1308.000000,71649.000000,0.000000,29970.000000,0.000000,0.789773,333,23883,0,0.000000,0.000000,0,0,0,0,0.000000,0.000000,0.000000,0.000000,,True
light_port_disruption_comparison,primary_port_partial_capacity,69,1111,llm_agent,DISRUPTED,129727.000000,26080.000000,720.000000,0.000000,1308.000000,71649.000000,0.000000,29970.000000,0.000000,0.789773,333,23883,0,0.000000,0.000000,9,0,0,10,0.000000,0.000000,0.000000,2892.701921,,True
light_port_disruption_comparison,primary_port_partial_capacity,70,1112,heuristic,UNDISRUPTED,115714.000000,26080.000000,0.000000,0.000000,1308.000000,62226.000000,0.000000,26100.000000,0.000000,0.815051,290,20742,0,0.000000,0.000000,0,0,0,0,0.000000,0.000000,0.000000,0.000000,,True
light_port_disruption_comparison,primary_port_partial_capacity,70,1112,heuristic,DISRUPTED,115714.000000,26080.000000,0.000000,0.000000,1308.000000,62226.000000,0.000000,26100.000000,0.000000,0.815051,290,20742,0,0.000000,0.000000,0,0,0,6,0.000000,0.000000,0.000000,0.009250,,True
light_port_disruption_comparison,primary_port_partial_capacity,70,1112,llm_agent,UNDISRUPTED,115714.000000,26080.000000,0.000000,0.000000,1308.000000,62226.000000,0.000000,26100.000000,0.000000,0.815051,290,20742,0,0.000000,0.000000,0,0,0,0,0.000000,0.000000,0.000000,0.000000,,True
light_port_disruption_comparison,primary_port_partial_capacity,70,1112,llm_agent,DISRUPTED,116114.000000,26080.000000,400.000000,0.000000,1308.000000,62226.000000,0.000000,26100.000000,0.000000,0.815051,290,20742,0,0.000000,0.000000,5,0,0,6,0.000000,0.000000,0.000000,2454.782528,,True
light_port_disruption_comparison,primary_port_partial_capacity,71,1113,heuristic,UNDISRUPTED,127933.000000,26080.000000,0.000000,0.000000,1308.000000,71115.000000,0.000000,29430.000000,0.000000,0.793691,327,23705,0,0.000000,0.000000,0,0,0,0,0.000000,0.000000,0.000000,0.000000,,True
light_port_disruption_comparison,primary_port_partial_capacity,71,1113,heuristic,DISRUPTED,127933.000000,26080.000000,0.000000,0.000000,1308.000000,71115.000000,0.000000,29430.000000,0.000000,0.793691,327,23705,0,0.000000,0.000000,0,0,0,14,0.000000,0.000000,0.000000,0.007610,,True
light_port_disruption_comparison,primary_port_partial_capacity,71,1113,llm_agent,UNDISRUPTED,127933.000000,26080.000000,0.000000,0.000000,1308.000000,71115.000000,0.000000,29430.000000,0.000000,0.793691,327,23705,0,0.000000,0.000000,0,0,0,0,0.000000,0.000000,0.000000,0.000000,,True
light_port_disruption_comparison,primary_port_partial_capacity,71,1113,llm_agent,DISRUPTED,128853.000000,27080.000000,960.000000,400.000000,1308.000000,69675.000000,0.000000,29430.000000,0.000000,0.793691,327,23225,0,0.000000,0.000000,12,1,40,13,0.000000,0.000000,0.000000,2302.176805,,True
light_port_disruption_comparison,primary_port_partial_capacity,72,1114,heuristic,UNDISRUPTED,138315.000000,26080.000000,0.000000,0.000000,1436.000000,76059.000000,0.000000,34740.000000,0.000000,0.760099,386,25353,0,0.000000,0.000000,0,0,0,0,0.000000,0.000000,0.000000,0.000000,,True
light_port_disruption_comparison,primary_port_partial_capacity,72,1114,heuristic,DISRUPTED,138315.000000,26080.000000,0.000000,0.000000,1436.000000,76059.000000,0.000000,34740.000000,0.000000,0.760099,386,25353,0,0.000000,0.000000,0,0,0,16,0.000000,0.000000,0.000000,0.008365,,True
light_port_disruption_comparison,primary_port_partial_capacity,72,1114,llm_agent,UNDISRUPTED,138315.000000,26080.000000,0.000000,0.000000,1436.000000,76059.000000,0.000000,34740.000000,0.000000,0.760099,386,25353,0,0.000000,0.000000,0,0,0,0,0.000000,0.000000,0.000000,0.000000,,True
light_port_disruption_comparison,primary_port_partial_capacity,72,1114,llm_agent,DISRUPTED,139515.000000,26080.000000,1200.000000,0.000000,1436.000000,76059.000000,0.000000,34740.000000,0.000000,0.760099,386,25353,0,0.000000,0.000000,15,0,0,16,0.000000,0.000000,0.000000,2731.424292,,True
light_port_disruption_comparison,primary_port_partial_capacity,73,1115,heuristic,UNDISRUPTED,131413.000000,26080.000000,0.000000,0.000000,1308.000000,73065.000000,0.000000,30960.000000,0.000000,0.783648,344,24355,0,0.000000,0.000000,0,0,0,0,0.000000,0.000000,0.000000,0.000000,,True
light_port_disruption_comparison,primary_port_partial_capacity,73,1115,heuristic,DISRUPTED,131413.000000,26080.000000,0.000000,0.000000,1308.000000,73065.000000,0.000000,30960.000000,0.000000,0.783648,344,24355,0,0.000000,0.000000,0,0,0,6,0.000000,0.000000,0.000000,0.008562,,True
light_port_disruption_comparison,primary_port_partial_capacity,73,1115,llm_agent,UNDISRUPTED,131413.000000,26080.000000,0.000000,0.000000,1308.000000,73065.000000,0.000000,30960.000000,0.000000,0.783648,344,24355,0,0.000000,0.000000,0,0,0,0,0.000000,0.000000,0.000000,0.000000,,True
light_port_disruption_comparison,primary_port_partial_capacity,73,1115,llm_agent,DISRUPTED,131813.000000,26080.000000,400.000000,0.000000,1308.000000,73065.000000,0.000000,30960.000000,0.000000,0.783648,344,24355,0,0.000000,0.000000,5,0,0,6,0.000000,0.000000,0.000000,2573.896757,,True
light_port_disruption_comparison,primary_port_partial_capacity,74,1116,heuristic,UNDISRUPTED,126787.000000,26080.000000,0.000000,0.000000,1308.000000,70869.000000,0.000000,28530.000000,0.000000,0.794022,317,23623,0,0.000000,0.000000,0,0,0,0,0.000000,0.000000,0.000000,0.000000,,True
light_port_disruption_comparison,primary_port_partial_capacity,74,1116,heuristic,DISRUPTED,126787.000000,26080.000000,0.000000,0.000000,1308.000000,70869.000000,0.000000,28530.000000,0.000000,0.794022,317,23623,0,0.000000,0.000000,0,0,0,12,0.000000,0.000000,0.000000,0.005469,,True
light_port_disruption_comparison,primary_port_partial_capacity,74,1116,llm_agent,UNDISRUPTED,126787.000000,26080.000000,0.000000,0.000000,1308.000000,70869.000000,0.000000,28530.000000,0.000000,0.794022,317,23623,0,0.000000,0.000000,0,0,0,0,0.000000,0.000000,0.000000,0.000000,,True
light_port_disruption_comparison,primary_port_partial_capacity,74,1116,llm_agent,DISRUPTED,127667.000000,26080.000000,880.000000,0.000000,1308.000000,70869.000000,0.000000,28530.000000,0.000000,0.794022,317,23623,0,0.000000,0.000000,11,0,0,12,0.000000,0.000000,0.000000,2891.293563,,True
light_port_disruption_comparison,primary_port_partial_capacity,75,1117,heuristic,UNDISRUPTED,142461.000000,26080.000000,0.000000,0.000000,1424.000000,79227.000000,180.000000,35550.000000,0.000000,0.748887,395,26409,120,0.055556,1.000000,0,0,0,2,0.000000,0.000000,0.000000,0.022834,,True
light_port_disruption_comparison,primary_port_partial_capacity,75,1117,heuristic,DISRUPTED,142821.000000,26080.000000,0.000000,0.000000,1424.000000,79587.000000,180.000000,35550.000000,0.000000,0.748887,395,26529,120,0.055556,1.000000,0,0,0,12,0.000000,0.000000,0.000000,0.007552,,True
light_port_disruption_comparison,primary_port_partial_capacity,75,1117,llm_agent,UNDISRUPTED,142621.000000,26080.000000,160.000000,0.000000,1424.000000,79227.000000,180.000000,35550.000000,0.000000,0.748887,395,26409,120,0.055556,1.000000,2,0,0,2,0.000000,0.000000,0.000000,2535.246000,,True
light_port_disruption_comparison,primary_port_partial_capacity,75,1117,llm_agent,DISRUPTED,143461.000000,26080.000000,640.000000,0.000000,1424.000000,79587.000000,180.000000,35550.000000,0.000000,0.748887,395,26529,120,0.055556,1.000000,8,0,0,12,0.000000,0.000000,0.000000,2312.502555,,True
light_port_disruption_comparison,primary_port_partial_capacity,76,1118,heuristic,UNDISRUPTED,156203.000000,26080.000000,0.000000,0.000000,1312.000000,89211.000000,0.000000,39600.000000,0.000000,0.734139,440,29737,0,0.000000,0.000000,0,0,0,0,0.000000,0.000000,0.000000,0.000000,,True
light_port_disruption_comparison,primary_port_partial_capacity,76,1118,heuristic,DISRUPTED,156203.000000,26080.000000,0.000000,0.000000,1312.000000,89211.000000,0.000000,39600.000000,0.000000,0.734139,440,29737,0,0.000000,0.000000,0,0,0,10,0.000000,0.000000,0.000000,0.009342,,True
light_port_disruption_comparison,primary_port_partial_capacity,76,1118,llm_agent,UNDISRUPTED,156203.000000,26080.000000,0.000000,0.000000,1312.000000,89211.000000,0.000000,39600.000000,0.000000,0.734139,440,29737,0,0.000000,0.000000,0,0,0,0,0.000000,0.000000,0.000000,0.000000,,True
light_port_disruption_comparison,primary_port_partial_capacity,76,1118,llm_agent,DISRUPTED,156923.000000,26080.000000,720.000000,0.000000,1312.000000,89211.000000,0.000000,39600.000000,0.000000,0.734139,440,29737,0,0.000000,0.000000,9,0,0,10,0.000000,0.000000,0.000000,2407.880092,,True
light_port_disruption_comparison,primary_port_partial_capacity,77,1119,heuristic,UNDISRUPTED,134162.000000,26080.000000,0.000000,0.000000,1312.000000,74670.000000,60.000000,32040.000000,0.000000,0.779156,356,24890,40,0.018519,1.000000,0,0,0,1,0.000000,0.000000,0.000000,0.019834,,True
light_port_disruption_comparison,primary_port_partial_capacity,77,1119,heuristic,DISRUPTED,134162.000000,26080.000000,0.000000,0.000000,1312.000000,74670.000000,60.000000,32040.000000,0.000000,0.779156,356,24890,40,0.018519,1.000000,0,0,0,12,0.000000,0.000000,0.000000,0.007934,,True
light_port_disruption_comparison,primary_port_partial_capacity,77,1119,llm_agent,UNDISRUPTED,134242.000000,26080.000000,80.000000,0.000000,1312.000000,74670.000000,60.000000,32040.000000,0.000000,0.779156,356,24890,40,0.018519,1.000000,1,0,0,1,0.000000,0.000000,0.000000,3025.350500,,True
light_port_disruption_comparison,primary_port_partial_capacity,77,1119,llm_agent,DISRUPTED,135042.000000,26080.000000,880.000000,0.000000,1312.000000,74670.000000,60.000000,32040.000000,0.000000,0.779156,356,24890,40,0.018519,1.000000,11,0,0,12,0.000000,0.000000,0.000000,2247.391146,,True
light_port_disruption_comparison,primary_port_partial_capacity,78,1120,heuristic,UNDISRUPTED,134922.000000,26080.000000,0.000000,0.000000,1316.000000,75396.000000,0.000000,32130.000000,0.000000,0.777293,357,25132,0,0.000000,0.000000,0,0,0,0,0.000000,0.000000,0.000000,0.000000,,True
light_port_disruption_comparison,primary_port_partial_capacity,78,1120,heuristic,DISRUPTED,135642.000000,26080.000000,0.000000,0.000000,1316.000000,76116.000000,0.000000,32130.000000,0.000000,0.777293,357,25372,0,0.000000,0.000000,0,0,0,19,0.000000,0.000000,0.000000,0.007993,,True
light_port_disruption_comparison,primary_port_partial_capacity,78,1120,llm_agent,UNDISRUPTED,134922.000000,26080.000000,0.000000,0.000000,1316.000000,75396.000000,0.000000,32130.000000,0.000000,0.777293,357,25132,0,0.000000,0.000000,0,0,0,0,0.000000,0.000000,0.000000,0.000000,,True
light_port_disruption_comparison,primary_port_partial_capacity,78,1120,llm_agent,DISRUPTED,136602.000000,26080.000000,960.000000,0.000000,1316.000000,76116.000000,0.000000,32130.000000,0.000000,0.777293,357,25372,0,0.000000,0.000000,12,0,0,19,0.000000,0.000000,0.000000,2477.188818,,True
light_port_disruption_comparison,primary_port_partial_capacity,79,1121,heuristic,UNDISRUPTED,126335.000000,26080.000000,0.000000,0.000000,1300.000000,69885.000000,0.000000,29070.000000,0.000000,0.794136,323,23295,0,0.000000,0.000000,0,0,0,0,0.000000,0.000000,0.000000,0.000000,,True
light_port_disruption_comparison,primary_port_partial_capacity,79,1121,heuristic,DISRUPTED,126335.000000,26080.000000,0.000000,0.000000,1300.000000,69885.000000,0.000000,29070.000000,0.000000,0.794136,323,23295,0,0.000000,0.000000,0,0,0,20,0.000000,0.000000,0.000000,0.007417,,True
light_port_disruption_comparison,primary_port_partial_capacity,79,1121,llm_agent,UNDISRUPTED,126335.000000,26080.000000,0.000000,0.000000,1300.000000,69885.000000,0.000000,29070.000000,0.000000,0.794136,323,23295,0,0.000000,0.000000,0,0,0,0,0.000000,0.000000,0.000000,0.000000,,True
light_port_disruption_comparison,primary_port_partial_capacity,79,1121,llm_agent,DISRUPTED,127775.000000,26080.000000,1440.000000,0.000000,1300.000000,69885.000000,0.000000,29070.000000,0.000000,0.794136,323,23295,0,0.000000,0.000000,18,0,0,20,0.000000,0.000000,0.000000,2850.129148,,True
light_port_disruption_comparison,primary_port_partial_capacity,80,1122,heuristic,UNDISRUPTED,158923.000000,26080.000000,0.000000,0.000000,1308.000000,91215.000000,0.000000,40320.000000,0.000000,0.732537,448,30405,0,0.000000,0.000000,0,0,0,0,0.000000,0.000000,0.000000,0.000000,,True
light_port_disruption_comparison,primary_port_partial_capacity,80,1122,heuristic,DISRUPTED,159523.000000,26080.000000,0.000000,0.000000,1308.000000,91815.000000,0.000000,40320.000000,0.000000,0.732537,448,30605,0,0.000000,0.000000,0,0,0,16,0.000000,0.000000,0.000000,0.008242,,True
light_port_disruption_comparison,primary_port_partial_capacity,80,1122,llm_agent,UNDISRUPTED,158923.000000,26080.000000,0.000000,0.000000,1308.000000,91215.000000,0.000000,40320.000000,0.000000,0.732537,448,30405,0,0.000000,0.000000,0,0,0,0,0.000000,0.000000,0.000000,0.000000,,True
light_port_disruption_comparison,primary_port_partial_capacity,80,1122,llm_agent,DISRUPTED,160483.000000,26080.000000,960.000000,0.000000,1308.000000,91815.000000,0.000000,40320.000000,0.000000,0.732537,448,30605,0,0.000000,0.000000,12,0,0,16,0.000000,0.000000,0.000000,2874.590435,,True
light_port_disruption_comparison,primary_port_partial_capacity,81,1123,heuristic,UNDISRUPTED,126739.000000,26080.000000,0.000000,0.000000,1308.000000,69921.000000,0.000000,29430.000000,0.000000,0.792513,327,23307,0,0.000000,0.000000,0,0,0,0,0.000000,0.000000,0.000000,0.000000,,True
light_port_disruption_comparison,primary_port_partial_capacity,81,1123,heuristic,DISRUPTED,126859.000000,26080.000000,0.000000,0.000000,1308.000000,70041.000000,0.000000,29430.000000,0.000000,0.792513,327,23347,0,0.000000,0.000000,0,0,0,14,0.000000,0.000000,0.000000,0.007527,,True
light_port_disruption_comparison,primary_port_partial_capacity,81,1123,llm_agent,UNDISRUPTED,126739.000000,26080.000000,0.000000,0.000000,1308.000000,69921.000000,0.000000,29430.000000,0.000000,0.792513,327,23307,0,0.000000,0.000000,0,0,0,0,0.000000,0.000000,0.000000,0.000000,,True
light_port_disruption_comparison,primary_port_partial_capacity,81,1123,llm_agent,DISRUPTED,127819.000000,26080.000000,960.000000,0.000000,1308.000000,70041.000000,0.000000,29430.000000,0.000000,0.792513,327,23347,0,0.000000,0.000000,12,0,0,14,0.000000,0.000000,0.000000,2531.227789,,True
light_port_disruption_comparison,primary_port_partial_capacity,82,1124,heuristic,UNDISRUPTED,137772.000000,26080.000000,0.000000,0.000000,1316.000000,78066.000000,0.000000,32310.000000,0.000000,0.774497,359,26022,0,0.000000,0.000000,0,0,0,0,0.000000,0.000000,0.000000,0.000000,,True
light_port_disruption_comparison,primary_port_partial_capacity,82,1124,heuristic,DISRUPTED,137772.000000,26080.000000,0.000000,0.000000,1316.000000,78066.000000,0.000000,32310.000000,0.000000,0.774497,359,26022,0,0.000000,0.000000,0,0,0,8,0.000000,0.000000,0.000000,0.007938,,True
light_port_disruption_comparison,primary_port_partial_capacity,82,1124,llm_agent,UNDISRUPTED,137772.000000,26080.000000,0.000000,0.000000,1316.000000,78066.000000,0.000000,32310.000000,0.000000,0.774497,359,26022,0,0.000000,0.000000,0,0,0,0,0.000000,0.000000,0.000000,0.000000,,True
light_port_disruption_comparison,primary_port_partial_capacity,82,1124,llm_agent,DISRUPTED,138412.000000,26080.000000,640.000000,0.000000,1316.000000,78066.000000,0.000000,32310.000000,0.000000,0.774497,359,26022,0,0.000000,0.000000,8,0,0,8,0.000000,0.000000,0.000000,2489.495192,,True
light_port_disruption_comparison,primary_port_partial_capacity,83,1125,heuristic,UNDISRUPTED,146822.000000,26080.000000,0.000000,0.000000,1312.000000,83250.000000,0.000000,36180.000000,0.000000,0.753223,402,27750,0,0.000000,0.000000,0,0,0,0,0.000000,0.000000,0.000000,0.000000,,True
light_port_disruption_comparison,primary_port_partial_capacity,83,1125,heuristic,DISRUPTED,148142.000000,26080.000000,0.000000,0.000000,1312.000000,84570.000000,0.000000,36180.000000,0.000000,0.753223,402,28190,0,0.000000,0.000000,0,0,0,33,0.000000,0.000000,0.000000,0.007255,,True
light_port_disruption_comparison,primary_port_partial_capacity,83,1125,llm_agent,UNDISRUPTED,146822.000000,26080.000000,0.000000,0.000000,1312.000000,83250.000000,0.000000,36180.000000,0.000000,0.753223,402,27750,0,0.000000,0.000000,0,0,0,0,0.000000,0.000000,0.000000,0.000000,,True
light_port_disruption_comparison,primary_port_partial_capacity,83,1125,llm_agent,DISRUPTED,149822.000000,26080.000000,1680.000000,0.000000,1312.000000,84570.000000,0.000000,36180.000000,0.000000,0.753223,402,28190,0,0.000000,0.000000,21,0,0,33,0.000000,0.000000,0.000000,2613.058758,,True
light_port_disruption_comparison,primary_port_partial_capacity,84,1126,heuristic,UNDISRUPTED,143358.000000,26200.000000,0.000000,0.000000,1304.000000,81324.000000,60.000000,34470.000000,0.000000,0.762848,383,27108,40,0.018519,1.000000,0,0,0,0,0.000000,0.000000,0.000000,0.000000,,True
light_port_disruption_comparison,primary_port_partial_capacity,84,1126,heuristic,DISRUPTED,143358.000000,26200.000000,0.000000,0.000000,1304.000000,81324.000000,60.000000,34470.000000,0.000000,0.762848,383,27108,40,0.018519,1.000000,0,0,0,18,0.000000,0.000000,0.000000,0.007185,,True
light_port_disruption_comparison,primary_port_partial_capacity,84,1126,llm_agent,UNDISRUPTED,143358.000000,26200.000000,0.000000,0.000000,1304.000000,81324.000000,60.000000,34470.000000,0.000000,0.762848,383,27108,40,0.018519,1.000000,0,0,0,0,0.000000,0.000000,0.000000,0.000000,,True
light_port_disruption_comparison,primary_port_partial_capacity,84,1126,llm_agent,DISRUPTED,144638.000000,26200.000000,1280.000000,0.000000,1304.000000,81324.000000,60.000000,34470.000000,0.000000,0.762848,383,27108,40,0.018519,1.000000,16,0,0,18,0.000000,0.000000,0.000000,2542.315266,,True
light_port_disruption_comparison,primary_port_partial_capacity,85,1127,heuristic,UNDISRUPTED,136877.000000,26080.000000,0.000000,0.000000,1312.000000,76725.000000,0.000000,32760.000000,0.000000,0.771500,364,25575,0,0.000000,0.000000,0,0,0,0,0.000000,0.000000,0.000000,0.000000,,True
light_port_disruption_comparison,primary_port_partial_capacity,85,1127,heuristic,DISRUPTED,137417.000000,26080.000000,0.000000,0.000000,1312.000000,77205.000000,60.000000,32760.000000,0.000000,0.771500,364,25735,40,0.018519,1.000000,0,0,0,17,0.000000,0.000000,0.000000,0.007882,,True
light_port_disruption_comparison,primary_port_partial_capacity,85,1127,llm_agent,UNDISRUPTED,136877.000000,26080.000000,0.000000,0.000000,1312.000000,76725.000000,0.000000,32760.000000,0.000000,0.771500,364,25575,0,0.000000,0.000000,0,0,0,0,0.000000,0.000000,0.000000,0.000000,,True
light_port_disruption_comparison,primary_port_partial_capacity,85,1127,llm_agent,DISRUPTED,138457.000000,26080.000000,1040.000000,0.000000,1312.000000,77205.000000,60.000000,32760.000000,0.000000,0.771500,364,25735,40,0.018519,1.000000,13,0,0,17,0.000000,0.000000,0.000000,2475.224990,,True
light_port_disruption_comparison,primary_port_partial_capacity,86,1128,heuristic,UNDISRUPTED,131530.000000,26080.000000,0.000000,0.000000,1308.000000,73362.000000,0.000000,30780.000000,0.000000,0.785311,342,24454,0,0.000000,0.000000,0,0,0,0,0.000000,0.000000,0.000000,0.000000,,True
light_port_disruption_comparison,primary_port_partial_capacity,86,1128,heuristic,DISRUPTED,132310.000000,26080.000000,0.000000,0.000000,1308.000000,73962.000000,180.000000,30780.000000,0.000000,0.785311,342,24654,120,0.055556,1.000000,0,0,0,21,0.000000,0.000000,0.000000,0.006673,,True
light_port_disruption_comparison,primary_port_partial_capacity,86,1128,llm_agent,UNDISRUPTED,131530.000000,26080.000000,0.000000,0.000000,1308.000000,73362.000000,0.000000,30780.000000,0.000000,0.785311,342,24454,0,0.000000,0.000000,0,0,0,0,0.000000,0.000000,0.000000,0.000000,,True
light_port_disruption_comparison,primary_port_partial_capacity,86,1128,llm_agent,DISRUPTED,133590.000000,26080.000000,1280.000000,0.000000,1308.000000,73962.000000,180.000000,30780.000000,0.000000,0.785311,342,24654,120,0.055556,1.000000,16,0,0,21,0.000000,0.000000,0.000000,2770.160821,,True
light_port_disruption_comparison,primary_port_partial_capacity,87,1129,heuristic,UNDISRUPTED,130111.000000,26080.000000,0.000000,0.000000,1308.000000,72393.000000,0.000000,30330.000000,0.000000,0.790423,337,24131,0,0.000000,0.000000,0,0,0,0,0.000000,0.000000,0.000000,0.000000,,True
light_port_disruption_comparison,primary_port_partial_capacity,87,1129,heuristic,DISRUPTED,130111.000000,26080.000000,0.000000,0.000000,1308.000000,72393.000000,0.000000,30330.000000,0.000000,0.790423,337,24131,0,0.000000,0.000000,0,0,0,7,0.000000,0.000000,0.000000,0.010303,,True
light_port_disruption_comparison,primary_port_partial_capacity,87,1129,llm_agent,UNDISRUPTED,130111.000000,26080.000000,0.000000,0.000000,1308.000000,72393.000000,0.000000,30330.000000,0.000000,0.790423,337,24131,0,0.000000,0.000000,0,0,0,0,0.000000,0.000000,0.000000,0.000000,,True
light_port_disruption_comparison,primary_port_partial_capacity,87,1129,llm_agent,DISRUPTED,130591.000000,26080.000000,480.000000,0.000000,1308.000000,72393.000000,0.000000,30330.000000,0.000000,0.790423,337,24131,0,0.000000,0.000000,6,0,0,7,0.000000,0.000000,0.000000,2728.190262,,True
light_port_disruption_comparison,primary_port_partial_capacity,88,1130,heuristic,UNDISRUPTED,140049.000000,26080.000000,0.000000,0.000000,1304.000000,79095.000000,0.000000,33570.000000,0.000000,0.770037,373,26365,0,0.000000,0.000000,0,0,0,0,0.000000,0.000000,0.000000,0.000000,,True
light_port_disruption_comparison,primary_port_partial_capacity,88,1130,heuristic,DISRUPTED,140049.000000,26080.000000,0.000000,0.000000,1304.000000,79095.000000,0.000000,33570.000000,0.000000,0.770037,373,26365,0,0.000000,0.000000,0,0,0,8,0.000000,0.000000,0.000000,0.008047,,True
light_port_disruption_comparison,primary_port_partial_capacity,88,1130,llm_agent,UNDISRUPTED,140049.000000,26080.000000,0.000000,0.000000,1304.000000,79095.000000,0.000000,33570.000000,0.000000,0.770037,373,26365,0,0.000000,0.000000,0,0,0,0,0.000000,0.000000,0.000000,0.000000,,True
light_port_disruption_comparison,primary_port_partial_capacity,88,1130,llm_agent,DISRUPTED,140689.000000,26080.000000,640.000000,0.000000,1304.000000,79095.000000,0.000000,33570.000000,0.000000,0.770037,373,26365,0,0.000000,0.000000,8,0,0,8,0.000000,0.000000,0.000000,2617.014526,,True
light_port_disruption_comparison,primary_port_partial_capacity,89,1131,heuristic,UNDISRUPTED,142561.000000,26080.000000,0.000000,0.000000,1308.000000,80613.000000,0.000000,34560.000000,0.000000,0.759398,384,26871,0,0.000000,0.000000,0,0,0,0,0.000000,0.000000,0.000000,0.000000,,True
light_port_disruption_comparison,primary_port_partial_capacity,89,1131,heuristic,DISRUPTED,142561.000000,26080.000000,0.000000,0.000000,1308.000000,80613.000000,0.000000,34560.000000,0.000000,0.759398,384,26871,0,0.000000,0.000000,0,0,0,16,0.000000,0.000000,0.000000,0.007516,,True
light_port_disruption_comparison,primary_port_partial_capacity,89,1131,llm_agent,UNDISRUPTED,142561.000000,26080.000000,0.000000,0.000000,1308.000000,80613.000000,0.000000,34560.000000,0.000000,0.759398,384,26871,0,0.000000,0.000000,0,0,0,0,0.000000,0.000000,0.000000,0.000000,,True
light_port_disruption_comparison,primary_port_partial_capacity,89,1131,llm_agent,DISRUPTED,143761.000000,26080.000000,1200.000000,0.000000,1308.000000,80613.000000,0.000000,34560.000000,0.000000,0.759398,384,26871,0,0.000000,0.000000,15,0,0,16,0.000000,0.000000,0.000000,5281.765646,,True
light_port_disruption_comparison,primary_port_partial_capacity,90,1132,heuristic,UNDISRUPTED,141019.000000,26080.000000,0.000000,0.000000,1308.000000,79431.000000,0.000000,34200.000000,0.000000,0.764706,380,26477,0,0.000000,0.000000,0,0,0,0,0.000000,0.000000,0.000000,0.000000,,True
light_port_disruption_comparison,primary_port_partial_capacity,90,1132,heuristic,DISRUPTED,141019.000000,26080.000000,0.000000,0.000000,1308.000000,79431.000000,0.000000,34200.000000,0.000000,0.764706,380,26477,0,0.000000,0.000000,0,0,0,12,0.000000,0.000000,0.000000,0.007750,,True
light_port_disruption_comparison,primary_port_partial_capacity,90,1132,llm_agent,UNDISRUPTED,141019.000000,26080.000000,0.000000,0.000000,1308.000000,79431.000000,0.000000,34200.000000,0.000000,0.764706,380,26477,0,0.000000,0.000000,0,0,0,0,0.000000,0.000000,0.000000,0.000000,,True
light_port_disruption_comparison,primary_port_partial_capacity,90,1132,llm_agent,DISRUPTED,141899.000000,26080.000000,880.000000,0.000000,1308.000000,79431.000000,0.000000,34200.000000,0.000000,0.764706,380,26477,0,0.000000,0.000000,11,0,0,12,0.000000,0.000000,0.000000,3011.258090,,True
light_port_disruption_comparison,primary_port_partial_capacity,91,1133,heuristic,UNDISRUPTED,137307.000000,26200.000000,0.000000,0.000000,1304.000000,77313.000000,0.000000,32490.000000,0.000000,0.771229,361,25771,0,0.000000,0.000000,0,0,0,0,0.000000,0.000000,0.000000,0.000000,,True
light_port_disruption_comparison,primary_port_partial_capacity,91,1133,heuristic,DISRUPTED,137307.000000,26200.000000,0.000000,0.000000,1304.000000,77313.000000,0.000000,32490.000000,0.000000,0.771229,361,25771,0,0.000000,0.000000,0,0,0,18,0.000000,0.000000,0.000000,0.008313,,True
light_port_disruption_comparison,primary_port_partial_capacity,91,1133,llm_agent,UNDISRUPTED,137307.000000,26200.000000,0.000000,0.000000,1304.000000,77313.000000,0.000000,32490.000000,0.000000,0.771229,361,25771,0,0.000000,0.000000,0,0,0,0,0.000000,0.000000,0.000000,0.000000,,True
light_port_disruption_comparison,primary_port_partial_capacity,91,1133,llm_agent,DISRUPTED,138667.000000,26200.000000,1360.000000,0.000000,1304.000000,77313.000000,0.000000,32490.000000,0.000000,0.771229,361,25771,0,0.000000,0.000000,17,0,0,18,0.000000,0.000000,0.000000,3233.492526,,True
light_port_disruption_comparison,primary_port_partial_capacity,92,1134,heuristic,UNDISRUPTED,151158.000000,26080.000000,0.000000,0.000000,1316.000000,86412.000000,0.000000,37350.000000,0.000000,0.746487,415,28804,0,0.000000,0.000000,0,0,0,0,0.000000,0.000000,0.000000,0.000000,,True
light_port_disruption_comparison,primary_port_partial_capacity,92,1134,heuristic,DISRUPTED,151158.000000,26080.000000,0.000000,0.000000,1316.000000,86412.000000,0.000000,37350.000000,0.000000,0.746487,415,28804,0,0.000000,0.000000,0,0,0,14,0.000000,0.000000,0.000000,0.007616,,True
light_port_disruption_comparison,primary_port_partial_capacity,92,1134,llm_agent,UNDISRUPTED,151158.000000,26080.000000,0.000000,0.000000,1316.000000,86412.000000,0.000000,37350.000000,0.000000,0.746487,415,28804,0,0.000000,0.000000,0,0,0,0,0.000000,0.000000,0.000000,0.000000,,True
light_port_disruption_comparison,primary_port_partial_capacity,92,1134,llm_agent,DISRUPTED,152078.000000,27080.000000,960.000000,400.000000,1316.000000,84972.000000,0.000000,37350.000000,0.000000,0.746487,415,28324,0,0.000000,0.000000,12,1,40,13,0.000000,0.000000,0.000000,2936.333510,,True
light_port_disruption_comparison,primary_port_partial_capacity,93,1135,heuristic,UNDISRUPTED,140322.000000,26080.000000,0.000000,0.000000,1304.000000,79278.000000,0.000000,33660.000000,0.000000,0.765517,374,26426,0,0.000000,0.000000,0,0,0,0,0.000000,0.000000,0.000000,0.000000,,True
light_port_disruption_comparison,primary_port_partial_capacity,93,1135,heuristic,DISRUPTED,140322.000000,26080.000000,0.000000,0.000000,1304.000000,79278.000000,0.000000,33660.000000,0.000000,0.765517,374,26426,0,0.000000,0.000000,0,0,0,12,0.000000,0.000000,0.000000,0.008899,,True
light_port_disruption_comparison,primary_port_partial_capacity,93,1135,llm_agent,UNDISRUPTED,140322.000000,26080.000000,0.000000,0.000000,1304.000000,79278.000000,0.000000,33660.000000,0.000000,0.765517,374,26426,0,0.000000,0.000000,0,0,0,0,0.000000,0.000000,0.000000,0.000000,,True
light_port_disruption_comparison,primary_port_partial_capacity,93,1135,llm_agent,DISRUPTED,141122.000000,26080.000000,800.000000,0.000000,1304.000000,79278.000000,0.000000,33660.000000,0.000000,0.765517,374,26426,0,0.000000,0.000000,10,0,0,12,0.000000,0.000000,0.000000,2786.507636,,True
light_port_disruption_comparison,primary_port_partial_capacity,94,1136,heuristic,UNDISRUPTED,135816.000000,26080.000000,0.000000,0.000000,1304.000000,75852.000000,0.000000,32580.000000,0.000000,0.772040,362,25284,0,0.000000,0.000000,0,0,0,0,0.000000,0.000000,0.000000,0.000000,,True
light_port_disruption_comparison,primary_port_partial_capacity,94,1136,heuristic,DISRUPTED,135816.000000,26080.000000,0.000000,0.000000,1304.000000,75852.000000,0.000000,32580.000000,0.000000,0.772040,362,25284,0,0.000000,0.000000,0,0,0,10,0.000000,0.000000,0.000000,0.009162,,True
light_port_disruption_comparison,primary_port_partial_capacity,94,1136,llm_agent,UNDISRUPTED,135816.000000,26080.000000,0.000000,0.000000,1304.000000,75852.000000,0.000000,32580.000000,0.000000,0.772040,362,25284,0,0.000000,0.000000,0,0,0,0,0.000000,0.000000,0.000000,0.000000,,True
light_port_disruption_comparison,primary_port_partial_capacity,94,1136,llm_agent,DISRUPTED,136536.000000,26080.000000,720.000000,0.000000,1304.000000,75852.000000,0.000000,32580.000000,0.000000,0.772040,362,25284,0,0.000000,0.000000,9,0,0,10,0.000000,0.000000,0.000000,2480.272108,,True
light_port_disruption_comparison,primary_port_partial_capacity,95,1137,heuristic,UNDISRUPTED,131021.000000,26080.000000,0.000000,0.000000,1312.000000,72699.000000,60.000000,30870.000000,0.000000,0.786426,343,24233,40,0.018519,1.000000,0,0,0,0,0.000000,0.000000,0.000000,0.000000,,True
light_port_disruption_comparison,primary_port_partial_capacity,95,1137,heuristic,DISRUPTED,131021.000000,26080.000000,0.000000,0.000000,1312.000000,72699.000000,60.000000,30870.000000,0.000000,0.786426,343,24233,40,0.018519,1.000000,0,0,0,12,0.000000,0.000000,0.000000,0.009174,,True
light_port_disruption_comparison,primary_port_partial_capacity,95,1137,llm_agent,UNDISRUPTED,131021.000000,26080.000000,0.000000,0.000000,1312.000000,72699.000000,60.000000,30870.000000,0.000000,0.786426,343,24233,40,0.018519,1.000000,0,0,0,0,0.000000,0.000000,0.000000,0.000000,,True
light_port_disruption_comparison,primary_port_partial_capacity,95,1137,llm_agent,DISRUPTED,131821.000000,26080.000000,800.000000,0.000000,1312.000000,72699.000000,60.000000,30870.000000,0.000000,0.786426,343,24233,40,0.018519,1.000000,10,0,0,12,0.000000,0.000000,0.000000,2624.582781,,True
light_port_disruption_comparison,primary_port_partial_capacity,96,1138,heuristic,UNDISRUPTED,138209.000000,26080.000000,0.000000,0.000000,1300.000000,76929.000000,60.000000,33840.000000,0.000000,0.768900,376,25643,40,0.018519,1.000000,0,0,0,0,0.000000,0.000000,0.000000,0.000000,,True
light_port_disruption_comparison,primary_port_partial_capacity,96,1138,heuristic,DISRUPTED,138209.000000,26080.000000,0.000000,0.000000,1300.000000,76929.000000,60.000000,33840.000000,0.000000,0.768900,376,25643,40,0.018519,1.000000,0,0,0,18,0.000000,0.000000,0.000000,0.007421,,True
light_port_disruption_comparison,primary_port_partial_capacity,96,1138,llm_agent,UNDISRUPTED,138209.000000,26080.000000,0.000000,0.000000,1300.000000,76929.000000,60.000000,33840.000000,0.000000,0.768900,376,25643,40,0.018519,1.000000,0,0,0,0,0.000000,0.000000,0.000000,0.000000,,True
light_port_disruption_comparison,primary_port_partial_capacity,96,1138,llm_agent,DISRUPTED,139649.000000,26080.000000,1440.000000,0.000000,1300.000000,76929.000000,60.000000,33840.000000,0.000000,0.768900,376,25643,40,0.018519,1.000000,18,0,0,18,0.000000,0.000000,0.000000,2620.253049,,True
light_port_disruption_comparison,primary_port_partial_capacity,97,1139,heuristic,UNDISRUPTED,124631.000000,26080.000000,0.000000,0.000000,1312.000000,68799.000000,0.000000,28440.000000,0.000000,0.798982,316,22933,0,0.000000,0.000000,0,0,0,0,0.000000,0.000000,0.000000,0.000000,,True
light_port_disruption_comparison,primary_port_partial_capacity,97,1139,heuristic,DISRUPTED,124631.000000,26080.000000,0.000000,0.000000,1312.000000,68799.000000,0.000000,28440.000000,0.000000,0.798982,316,22933,0,0.000000,0.000000,0,0,0,8,0.000000,0.000000,0.000000,0.008948,,True
light_port_disruption_comparison,primary_port_partial_capacity,97,1139,llm_agent,UNDISRUPTED,124631.000000,26080.000000,0.000000,0.000000,1312.000000,68799.000000,0.000000,28440.000000,0.000000,0.798982,316,22933,0,0.000000,0.000000,0,0,0,0,0.000000,0.000000,0.000000,0.000000,,True
light_port_disruption_comparison,primary_port_partial_capacity,97,1139,llm_agent,DISRUPTED,125271.000000,26080.000000,640.000000,0.000000,1312.000000,68799.000000,0.000000,28440.000000,0.000000,0.798982,316,22933,0,0.000000,0.000000,8,0,0,8,0.000000,0.000000,0.000000,2394.585484,,True
light_port_disruption_comparison,primary_port_partial_capacity,98,1140,heuristic,UNDISRUPTED,127076.000000,26080.000000,0.000000,0.000000,1312.000000,69984.000000,0.000000,29700.000000,0.000000,0.791535,330,23328,0,0.000000,0.000000,0,0,0,0,0.000000,0.000000,0.000000,0.000000,,True
light_port_disruption_comparison,primary_port_partial_capacity,98,1140,heuristic,DISRUPTED,127076.000000,26080.000000,0.000000,0.000000,1312.000000,69984.000000,0.000000,29700.000000,0.000000,0.791535,330,23328,0,0.000000,0.000000,0,0,0,8,0.000000,0.000000,0.000000,0.009979,,True
light_port_disruption_comparison,primary_port_partial_capacity,98,1140,llm_agent,UNDISRUPTED,127076.000000,26080.000000,0.000000,0.000000,1312.000000,69984.000000,0.000000,29700.000000,0.000000,0.791535,330,23328,0,0.000000,0.000000,0,0,0,0,0.000000,0.000000,0.000000,0.000000,,True
light_port_disruption_comparison,primary_port_partial_capacity,98,1140,llm_agent,DISRUPTED,127636.000000,26080.000000,560.000000,0.000000,1312.000000,69984.000000,0.000000,29700.000000,0.000000,0.791535,330,23328,0,0.000000,0.000000,7,0,0,8,0.000000,0.000000,0.000000,2383.273776,,True
light_port_disruption_comparison,primary_port_partial_capacity,99,1141,heuristic,UNDISRUPTED,126428.000000,26080.000000,0.000000,0.000000,1312.000000,70176.000000,60.000000,28800.000000,0.000000,0.797340,320,23392,40,0.018182,1.000000,0,0,0,1,0.000000,0.000000,0.000000,0.026500,,True
light_port_disruption_comparison,primary_port_partial_capacity,99,1141,heuristic,DISRUPTED,126428.000000,26080.000000,0.000000,0.000000,1312.000000,70176.000000,60.000000,28800.000000,0.000000,0.797340,320,23392,40,0.018182,1.000000,0,0,0,11,0.000000,0.000000,0.000000,0.007295,,True
light_port_disruption_comparison,primary_port_partial_capacity,99,1141,llm_agent,UNDISRUPTED,126508.000000,26080.000000,80.000000,0.000000,1312.000000,70176.000000,60.000000,28800.000000,0.000000,0.797340,320,23392,40,0.018182,1.000000,1,0,0,1,0.000000,0.000000,0.000000,2266.934666,,True
light_port_disruption_comparison,primary_port_partial_capacity,99,1141,llm_agent,DISRUPTED,126868.000000,27080.000000,480.000000,400.000000,1312.000000,68736.000000,60.000000,28800.000000,0.000000,0.797340,320,22912,40,0.018182,1.000000,6,1,40,10,0.000000,0.000000,0.000000,2557.143650,,True
light_port_disruption_comparison,primary_port_partial_capacity,100,1142,heuristic,UNDISRUPTED,135923.000000,26080.000000,0.000000,0.000000,1312.000000,75501.000000,0.000000,33030.000000,0.000000,0.774154,367,25167,0,0.000000,0.000000,0,0,0,0,0.000000,0.000000,0.000000,0.000000,,True
light_port_disruption_comparison,primary_port_partial_capacity,100,1142,heuristic,DISRUPTED,135923.000000,26080.000000,0.000000,0.000000,1312.000000,75501.000000,0.000000,33030.000000,0.000000,0.774154,367,25167,0,0.000000,0.000000,0,0,0,12,0.000000,0.000000,0.000000,0.008785,,True
light_port_disruption_comparison,primary_port_partial_capacity,100,1142,llm_agent,UNDISRUPTED,135923.000000,26080.000000,0.000000,0.000000,1312.000000,75501.000000,0.000000,33030.000000,0.000000,0.774154,367,25167,0,0.000000,0.000000,0,0,0,0,0.000000,0.000000,0.000000,0.000000,,True
light_port_disruption_comparison,primary_port_partial_capacity,100,1142,llm_agent,DISRUPTED,136403.000000,27080.000000,640.000000,400.000000,1312.000000,73941.000000,0.000000,33030.000000,0.000000,0.774154,367,24647,0,0.000000,0.000000,8,1,40,11,0.000000,0.000000,0.000000,2222.303008,,True
