experiment_id,scenario_id,replication,seed,policy,run_kind,total_cost,transport_cost,reroute_cost,expedite_cost,holding_cost,backlog_cost,late_cost,terminal_cost,same_day_fill_rate,final_fulfilment_rate,ending_backlog_units,backlog_unit_days,late_delivered_units,late_delivery_rate,average_lateness_days_weighted,reroute_count,expedite_count,expedited_units,decision_count,invalid_action_rate,abstention_rate,fallback_rate,mean_decision_latency_ms,days_to_clear_backlog_after_shock,terminated_with_unresolved_state
baseline_port_closure_comparison,primary_port_closure,1,1043,heuristic,UNDISRUPTED,171417.000000,26080.000000,0.000000,0.000000,1304.000000,99033.000000,0.000000,45000.000000,0.000000,0.708114,500,33011,0,0.000000,0.000000,0,0,0,0,0.000000,0.000000,0.000000,0.000000,,True
baseline_port_closure_comparison,primary_port_closure,1,1043,heuristic,DISRUPTED,180617.000000,26320.000000,80.000000,0.000000,1304.000000,105393.000000,2520.000000,45000.000000,0.000000,0.708114,500,35131,440,0.203704,3.818182,1,0,0,35,0.000000,0.000000,0.000000,0.004831,,True
baseline_port_closure_comparison,primary_port_closure,1,1043,llm_agent,UNDISRUPTED,171417.000000,26080.000000,0.000000,0.000000,1304.000000,99033.000000,0.000000,45000.000000,0.000000,0.708114,500,33011,0,0.000000,0.000000,0,0,0,0,0.000000,0.000000,0.000000,0.000000,,True
baseline_port_closure_comparison,primary_port_closure,1,1043,llm_agent,DISRUPTED,174197.000000,35080.000000,320.000000,3600.000000,1304.000000,87993.000000,900.000000,45000.000000,0.000000,0.708114,500,29331,80,0.037037,7.500000,4,9,360,13,0.000000,0.000000,0.000000,2662.115167,,True
baseline_port_closure_comparison,primary_port_closure,2,1044,heuristic,UNDISRUPTED,122565.000000,26400.000000,0.000000,0.000000,1308.000000,66447.000000,60.000000,28350.000000,0.000000,0.800759,315,22149,40,0.018519,1.000000,0,0,0,0,0.000000,0.000000,0.000000,0.000000,,True
baseline_port_closure_comparison,primary_port_closure,2,1044,heuristic,DISRUPTED,132245.000000,26640.000000,80.000000,0.000000,1308.000000,73167.000000,2700.000000,28350.000000,0.000000,0.800759,315,24389,480,0.222222,3.750000,1,0,0,34,0.000000,0.000000,0.000000,0.007750,,True
baseline_port_closure_comparison,primary_port_closure,2,1044,llm_agent,UNDISRUPTED,122565.000000,26400.000000,0.000000,0.000000,1308.000000,66447.000000,60.000000,28350.000000,0.000000,0.800759,315,22149,40,0.018519,1.000000,0,0,0,0,0.000000,0.000000,0.000000,0.000000,,True
baseline_port_closure_comparison,primary_port_closure,2,1044,llm_agent,DISRUPTED,125516.700000,35400.000000,160.000000,3600.000000,1318.700000,55728.000000,960.000000,28350.000000,0.120177,0.800759,315,18576,120,0.055556,5.333333,2,9,360,13,0.000000,0.000000,0.000000,2705.678689,0,True
baseline_port_closure_comparison,primary_port_closure,3,1045,heuristic,UNDISRUPTED,132856.000000,26080.000000,0.000000,0.000000,1308.000000,74508.000000,0.000000,30960.000000,0.000000,0.786600,344,24836,0,0.000000,0.000000,0,0,0,0,0.000000,0.000000,0.000000,0.000000,,True
baseline_port_closure_comparison,primary_port_closure,3,1045,heuristic,DISRUPTED,146096.000000,26560.000000,160.000000,0.000000,1308.000000,83388.000000,3720.000000,30960.000000,0.000000,0.786600,344,27796,560,0.259259,4.428571,2,0,0,43,0.000000,0.000000,0.000000,0.007537,,True
baseline_port_closure_comparison,primary_port_closure,3,1045,llm_agent,UNDISRUPTED,132856.000000,26080.000000,0.000000,0.000000,1308.000000,74508.000000,0.000000,30960.000000,0.000000,0.786600,344,24836,0,0.000000,0.000000,0,0,0,0,0.000000,0.000000,0.000000,0.000000,,True
baseline_port_closure_comparison,primary_port_closure,3,1045,llm_agent,DISRUPTED,136088.700000,37080.000000,320.000000,4400.000000,1309.700000,60879.000000,1140.000000,30960.000000,0.071960,0.786600,344,20293,80,0.037037,9.500000,4,11,440,15,0.000000,0.000000,0.000000,2622.776264,0,True
baseline_port_closure_comparison,primary_port_closure,4,1046,heuristic,UNDISRUPTED,123926.000000,26080.000000,0.000000,0.000000,1300.000000,68466.000000,0.000000,28080.000000,0.000000,0.800000,312,22822,0,0.000000,0.000000,0,0,0,0,0.000000,0.000000,0.000000,0.000000,,True
baseline_port_closure_comparison,primary_port_closure,4,1046,heuristic,DISRUPTED,131226.000000,26560.000000,160.000000,0.000000,1300.000000,73266.000000,1860.000000,28080.000000,0.000000,0.800000,312,24422,400,0.185185,3.100000,2,0,0,27,0.000000,0.000000,0.000000,0.008525,,True
baseline_port_closure_comparison,primary_port_closure,4,1046,llm_agent,UNDISRUPTED,123926.000000,26080.000000,0.000000,0.000000,1300.000000,68466.000000,0.000000,28080.000000,0.000000,0.800000,312,22822,0,0.000000,0.000000,0,0,0,0,0.000000,0.000000,0.000000,0.000000,,True
baseline_port_closure_comparison,primary_port_closure,4,1046,llm_agent,DISRUPTED,126306.000000,34080.000000,240.000000,3200.000000,1300.000000,58626.000000,780.000000,28080.000000,0.035256,0.800000,312,19542,80,0.037037,6.500000,3,8,320,12,0.000000,0.000000,0.000000,2530.416563,,True
baseline_port_closure_comparison,primary_port_closure,5,1047,heuristic,UNDISRUPTED,134870.000000,26080.000000,0.000000,0.000000,1312.000000,75438.000000,0.000000,32040.000000,0.000000,0.774541,356,25146,0,0.000000,0.000000,0,0,0,0,0.000000,0.000000,0.000000,0.000000,,True
baseline_port_closure_comparison,primary_port_closure,5,1047,heuristic,DISRUPTED,142850.000000,26080.000000,0.000000,0.000000,1312.000000,81198.000000,2220.000000,32040.000000,0.000000,0.774541,356,27066,400,0.181818,3.700000,0,0,0,32,0.000000,0.000000,0.000000,0.004762,,True
baseline_port_closure_comparison,primary_port_closure,5,1047,llm_agent,UNDISRUPTED,134870.000000,26080.000000,0.000000,0.000000,1312.000000,75438.000000,0.000000,32040.000000,0.000000,0.774541,356,25146,0,0.000000,0.000000,0,0,0,0,0.000000,0.000000,0.000000,0.000000,,True
baseline_port_closure_comparison,primary_port_closure,5,1047,llm_agent,DISRUPTED,137450.000000,34080.000000,320.000000,3200.000000,1312.000000,65718.000000,780.000000,32040.000000,0.000000,0.774541,356,21906,80,0.036364,6.500000,4,8,320,12,0.000000,0.000000,0.000000,2682.277958,,True
baseline_port_closure_comparison,primary_port_closure,6,1048,heuristic,UNDISRUPTED,119402.000000,26080.000000,0.000000,0.000000,1312.000000,64740.000000,0.000000,27270.000000,0.000000,0.808591,303,21580,0,0.000000,0.000000,0,0,0,0,0.000000,0.000000,0.000000,0.000000,,True
baseline_port_closure_comparison,primary_port_closure,6,1048,heuristic,DISRUPTED,125442.000000,26560.000000,160.000000,0.000000,1312.000000,68700.000000,1440.000000,27270.000000,0.000000,0.808591,303,22900,320,0.148148,3.000000,2,0,0,23,0.000000,0.000000,0.000000,0.008025,,True
baseline_port_closure_comparison,primary_port_closure,6,1048,llm_agent,UNDISRUPTED,119402.000000,26080.000000,0.000000,0.000000,1312.000000,64740.000000,0.000000,27270.000000,0.000000,0.808591,303,21580,0,0.000000,0.000000,0,0,0,0,0.000000,0.000000,0.000000,0.000000,,True
baseline_port_closure_comparison,primary_port_closure,6,1048,llm_agent,DISRUPTED,121662.000000,33080.000000,320.000000,2800.000000,1312.000000,56220.000000,660.000000,27270.000000,0.012003,0.808591,303,18740,80,0.037037,5.500000,4,7,280,11,0.000000,0.000000,0.000000,2694.096383,,True
baseline_port_closure_comparison,primary_port_closure,7,1049,heuristic,UNDISRUPTED,122696.000000,26080.000000,0.000000,0.000000,1312.000000,66954.000000,0.000000,28350.000000,0.000000,0.799746,315,22318,0,0.000000,0.000000,0,0,0,0,0.000000,0.000000,0.000000,0.000000,,True
baseline_port_closure_comparison,primary_port_closure,7,1049,heuristic,DISRUPTED,128296.000000,26320.000000,80.000000,0.000000,1312.000000,70794.000000,1440.000000,28350.000000,0.000000,0.799746,315,23598,320,0.148148,3.000000,1,0,0,24,0.000000,0.000000,0.000000,0.007210,,True
baseline_port_closure_comparison,primary_port_closure,7,1049,llm_agent,UNDISRUPTED,122696.000000,26080.000000,0.000000,0.000000,1312.000000,66954.000000,0.000000,28350.000000,0.000000,0.799746,315,22318,0,0.000000,0.000000,0,0,0,0,0.000000,0.000000,0.000000,0.000000,,True
baseline_port_closure_comparison,primary_port_closure,7,1049,llm_agent,DISRUPTED,124836.000000,33080.000000,320.000000,2800.000000,1312.000000,58314.000000,660.000000,28350.000000,0.000000,0.799746,315,19438,80,0.037037,5.500000,4,7,280,11,0.000000,0.000000,0.000000,2539.678780,,True
baseline_port_closure_comparison,primary_port_closure,8,1050,heuristic,UNDISRUPTED,143145.000000,26080.000000,0.000000,0.000000,1316.000000,81729.000000,0.000000,34020.000000,0.000000,0.760759,378,27243,0,0.000000,0.000000,0,0,0,0,0.000000,0.000000,0.000000,0.000000,,True
baseline_port_closure_comparison,primary_port_closure,8,1050,heuristic,DISRUPTED,150425.000000,26320.000000,80.000000,0.000000,1316.000000,86769.000000,1920.000000,34020.000000,0.000000,0.760759,378,28923,360,0.166667,3.555556,1,0,0,29,0.000000,0.000000,0.000000,0.007856,,True
baseline_port_closure_comparison,primary_port_closure,8,1050,llm_agent,UNDISRUPTED,143145.000000,26080.000000,0.000000,0.000000,1316.000000,81729.000000,0.000000,34020.000000,0.000000,0.760759,378,27243,0,0.000000,0.000000,0,0,0,0,0.000000,0.000000,0.000000,0.000000,,True
baseline_port_closure_comparison,primary_port_closure,8,1050,llm_agent,DISRUPTED,145605.000000,34080.000000,320.000000,3200.000000,1316.000000,71889.000000,780.000000,34020.000000,0.000000,0.760759,378,23963,80,0.037037,6.500000,4,8,320,12,0.000000,0.000000,0.000000,3073.534517,,True
baseline_port_closure_comparison,primary_port_closure,9,1051,heuristic,UNDISRUPTED,145029.000000,26080.000000,0.000000,0.000000,1316.000000,81933.000000,60.000000,35640.000000,0.000000,0.758242,396,27311,40,0.018519,1.000000,0,0,0,1,0.000000,0.000000,0.000000,0.020292,,True
baseline_port_closure_comparison,primary_port_closure,9,1051,heuristic,DISRUPTED,152889.000000,26080.000000,0.000000,0.000000,1316.000000,87573.000000,2280.000000,35640.000000,0.000000,0.758242,396,29191,440,0.203704,3.454545,0,0,0,33,0.000000,0.000000,0.000000,0.006577,,True
baseline_port_closure_comparison,primary_port_closure,9,1051,llm_agent,UNDISRUPTED,145109.000000,26080.000000,80.000000,0.000000,1316.000000,81933.000000,60.000000,35640.000000,0.000000,0.758242,396,27311,40,0.018519,1.000000,1,0,0,1,0.000000,0.000000,0.000000,2037.981167,,True
baseline_port_closure_comparison,primary_port_closure,9,1051,llm_agent,DISRUPTED,147489.000000,34080.000000,320.000000,3200.000000,1316.000000,72093.000000,840.000000,35640.000000,0.000000,0.758242,396,24031,120,0.055556,4.666667,4,8,320,13,0.000000,0.000000,0.000000,2896.654202,,True
baseline_port_closure_comparison,primary_port_closure,10,1052,heuristic,UNDISRUPTED,147504.000000,26080.000000,0.000000,0.000000,1316.000000,84558.000000,0.000000,35550.000000,0.000000,0.754963,395,28186,0,0.000000,0.000000,0,0,0,0,0.000000,0.000000,0.000000,0.000000,,True
baseline_port_closure_comparison,primary_port_closure,10,1052,heuristic,DISRUPTED,156824.000000,26320.000000,80.000000,0.000000,1316.000000,91038.000000,2520.000000,35550.000000,0.000000,0.754963,395,30346,440,0.200000,3.818182,1,0,0,35,0.000000,0.000000,0.000000,0.008118,,True
baseline_port_closure_comparison,primary_port_closure,10,1052,llm_agent,UNDISRUPTED,147504.000000,26080.000000,0.000000,0.000000,1316.000000,84558.000000,0.000000,35550.000000,0.000000,0.754963,395,28186,0,0.000000,0.000000,0,0,0,0,0.000000,0.000000,0.000000,0.000000,,True
baseline_port_closure_comparison,primary_port_closure,10,1052,llm_agent,DISRUPTED,150324.000000,35080.000000,240.000000,3600.000000,1316.000000,73638.000000,900.000000,35550.000000,0.000000,0.754963,395,24546,80,0.036364,7.500000,3,9,360,13,0.000000,0.000000,0.000000,2872.980045,,True
baseline_port_closure_comparison,primary_port_closure,11,1053,heuristic,UNDISRUPTED,136394.000000,26080.000000,0.000000,0.000000,1312.000000,75252.000000,0.000000,33750.000000,0.000000,0.768089,375,25084,0,0.000000,0.000000,0,0,0,0,0.000000,0.000000,0.000000,0.000000,,True
baseline_port_closure_comparison,primary_port_closure,11,1053,heuristic,DISRUPTED,139494.000000,26560.000000,160.000000,0.000000,1312.000000,77052.000000,660.000000,33750.000000,0.000000,0.768089,375,25684,160,0.074074,2.750000,2,0,0,12,0.000000,0.000000,0.000000,0.008826,,True
baseline_port_closure_comparison,primary_port_closure,11,1053,llm_agent,UNDISRUPTED,136394.000000,26080.000000,0.000000,0.000000,1312.000000,75252.000000,0.000000,33750.000000,0.000000,0.768089,375,25084,0,0.000000,0.000000,0,0,0,0,0.000000,0.000000,0.000000,0.000000,,True
baseline_port_closure_comparison,primary_port_closure,11,1053,llm_agent,DISRUPTED,137694.000000,30080.000000,320.000000,1600.000000,1312.000000,70332.000000,300.000000,33750.000000,0.000000,0.768089,375,23444,80,0.037037,2.500000,4,4,160,8,0.000000,0.000000,0.000000,2657.405271,,True
baseline_port_closure_comparison,primary_port_closure,12,1054,heuristic,UNDISRUPTED,134031.000000,26080.000000,0.000000,0.000000,1316.000000,73965.000000,0.000000,32670.000000,0.000000,0.774394,363,24655,0,0.000000,0.000000,0,0,0,0,0.000000,0.000000,0.000000,0.000000,,True
baseline_port_closure_comparison,primary_port_closure,12,1054,heuristic,DISRUPTED,137011.000000,26560.000000,160.000000,0.000000,1316.000000,75645.000000,660.000000,32670.000000,0.000000,0.774394,363,25215,160,0.074074,2.750000,2,0,0,12,0.000000,0.000000,0.000000,0.010986,,True
baseline_port_closure_comparison,primary_port_closure,12,1054,llm_agent,UNDISRUPTED,134031.000000,26080.000000,0.000000,0.000000,1316.000000,73965.000000,0.000000,32670.000000,0.000000,0.774394,363,24655,0,0.000000,0.000000,0,0,0,0,0.000000,0.000000,0.000000,0.000000,,True
baseline_port_closure_comparison,primary_port_closure,12,1054,llm_agent,DISRUPTED,135011.000000,30080.000000,240.000000,1600.000000,1316.000000,68805.000000,300.000000,32670.000000,0.000000,0.774394,363,22935,80,0.037037,2.500000,3,4,160,8,0.000000,0.000000,0.000000,2529.309214,,True
baseline_port_closure_comparison,primary_port_closure,13,1055,heuristic,UNDISRUPTED,145541.000000,26080.000000,0.000000,0.000000,1312.000000,82059.000000,0.000000,36090.000000,0.000000,0.756970,401,27353,0,0.000000,0.000000,0,0,0,0,0.000000,0.000000,0.000000,0.000000,,True
baseline_port_closure_comparison,primary_port_closure,13,1055,heuristic,DISRUPTED,150241.000000,26320.000000,80.000000,0.000000,1312.000000,85299.000000,1140.000000,36090.000000,0.000000,0.756970,401,28433,280,0.129630,2.714286,1,0,0,20,0.000000,0.000000,0.000000,0.007654,,True
baseline_port_closure_comparison,primary_port_closure,13,1055,llm_agent,UNDISRUPTED,145541.000000,26080.000000,0.000000,0.000000,1312.000000,82059.000000,0.000000,36090.000000,0.000000,0.756970,401,27353,0,0.000000,0.000000,0,0,0,0,0.000000,0.000000,0.000000,0.000000,,True
baseline_port_closure_comparison,primary_port_closure,13,1055,llm_agent,DISRUPTED,147401.000000,32080.000000,240.000000,2400.000000,1312.000000,74739.000000,540.000000,36090.000000,0.000000,0.756970,401,24913,80,0.037037,4.500000,3,6,240,10,0.000000,0.000000,0.000000,2697.680367,,True
baseline_port_closure_comparison,primary_port_closure,14,1056,heuristic,UNDISRUPTED,140677.000000,26080.000000,0.000000,0.000000,1308.000000,80079.000000,0.000000,33210.000000,0.000000,0.768507,369,26693,0,0.000000,0.000000,0,0,0,0,0.000000,0.000000,0.000000,0.000000,,True
baseline_port_closure_comparison,primary_port_closure,14,1056,heuristic,DISRUPTED,149937.000000,26320.000000,80.000000,0.000000,1308.000000,86439.000000,2580.000000,33210.000000,0.000000,0.768507,369,28813,440,0.203704,3.909091,1,0,0,35,0.000000,0.000000,0.000000,0.007279,,True
baseline_port_closure_comparison,primary_port_closure,14,1056,llm_agent,UNDISRUPTED,140677.000000,26080.000000,0.000000,0.000000,1308.000000,80079.000000,0.000000,33210.000000,0.000000,0.768507,369,26693,0,0.000000,0.000000,0,0,0,0,0.000000,0.000000,0.000000,0.000000,,True
baseline_port_closure_comparison,primary_port_closure,14,1056,llm_agent,DISRUPTED,143337.000000,35080.000000,320.000000,3600.000000,1308.000000,68919.000000,900.000000,33210.000000,0.018193,0.768507,369,22973,80,0.037037,7.500000,4,9,360,13,0.000000,0.000000,0.000000,2816.183391,,True
baseline_port_closure_comparison,primary_port_closure,15,1057,heuristic,UNDISRUPTED,130770.000000,26080.000000,0.000000,0.000000,1316.000000,72594.000000,0.000000,30780.000000,0.000000,0.784499,342,24198,0,0.000000,0.000000,0,0,0,0,0.000000,0.000000,0.000000,0.000000,,True
baseline_port_closure_comparison,primary_port_closure,15,1057,heuristic,DISRUPTED,133010.000000,26320.000000,80.000000,0.000000,1316.000000,74034.000000,480.000000,30780.000000,0.000000,0.784499,342,24678,120,0.055556,2.666667,1,0,0,10,0.000000,0.000000,0.000000,0.009592,,True
baseline_port_closure_comparison,primary_port_closure,15,1057,llm_agent,UNDISRUPTED,130770.000000,26080.000000,0.000000,0.000000,1316.000000,72594.000000,0.000000,30780.000000,0.000000,0.784499,342,24198,0,0.000000,0.000000,0,0,0,0,0.000000,0.000000,0.000000,0.000000,,True
baseline_port_closure_comparison,primary_port_closure,15,1057,llm_agent,DISRUPTED,131790.000000,30080.000000,160.000000,1600.000000,1316.000000,67554.000000,300.000000,30780.000000,0.000000,0.784499,342,22518,80,0.037037,2.500000,2,4,160,8,0.000000,0.000000,0.000000,2368.543656,,True
baseline_port_closure_comparison,primary_port_closure,16,1058,heuristic,UNDISRUPTED,137639.000000,26080.000000,0.000000,0.000000,1312.000000,76407.000000,0.000000,33840.000000,0.000000,0.771150,376,25469,0,0.000000,0.000000,0,0,0,0,0.000000,0.000000,0.000000,0.000000,,True
baseline_port_closure_comparison,primary_port_closure,16,1058,heuristic,DISRUPTED,141699.000000,26560.000000,160.000000,0.000000,1312.000000,78927.000000,900.000000,33840.000000,0.000000,0.771150,376,26309,160,0.074074,3.750000,2,0,0,13,0.000000,0.000000,0.000000,0.008529,,True
baseline_port_closure_comparison,primary_port_closure,16,1058,llm_agent,UNDISRUPTED,137639.000000,26080.000000,0.000000,0.000000,1312.000000,76407.000000,0.000000,33840.000000,0.000000,0.771150,376,25469,0,0.000000,0.000000,0,0,0,0,0.000000,0.000000,0.000000,0.000000,,True
baseline_port_closure_comparison,primary_port_closure,16,1058,llm_agent,DISRUPTED,139379.000000,31080.000000,320.000000,2000.000000,1312.000000,70407.000000,420.000000,33840.000000,0.000000,0.771150,376,23469,80,0.037037,3.500000,4,5,200,9,0.000000,0.000000,0.000000,2586.582829,,True
baseline_port_closure_comparison,primary_port_closure,17,1059,heuristic,UNDISRUPTED,141516.000000,26080.000000,0.000000,0.000000,1316.000000,79830.000000,0.000000,34290.000000,0.000000,0.763941,381,26610,0,0.000000,0.000000,0,0,0,0,0.000000,0.000000,0.000000,0.000000,,True
baseline_port_closure_comparison,primary_port_closure,17,1059,heuristic,DISRUPTED,153056.000000,26320.000000,80.000000,0.000000,1316.000000,87870.000000,3180.000000,34290.000000,0.000000,0.763941,381,29290,480,0.222222,4.416667,1,0,0,41,0.000000,0.000000,0.000000,0.006864,,True
baseline_port_closure_comparison,primary_port_closure,17,1059,llm_agent,UNDISRUPTED,141516.000000,26080.000000,0.000000,0.000000,1316.000000,79830.000000,0.000000,34290.000000,0.000000,0.763941,381,26610,0,0.000000,0.000000,0,0,0,0,0.000000,0.000000,0.000000,0.000000,,True
baseline_port_closure_comparison,primary_port_closure,17,1059,llm_agent,DISRUPTED,144761.400000,36080.000000,240.000000,4000.000000,1319.400000,67812.000000,1020.000000,34290.000000,0.060099,0.763941,381,22604,80,0.037037,8.500000,3,10,400,14,0.000000,0.000000,0.000000,2838.371821,1,True
baseline_port_closure_comparison,primary_port_closure,18,1060,heuristic,UNDISRUPTED,133159.000000,26320.000000,0.000000,0.000000,1308.000000,75231.000000,60.000000,30240.000000,0.000000,0.785851,336,25077,40,0.018519,1.000000,0,0,0,1,0.000000,0.000000,0.000000,0.017667,,True
baseline_port_closure_comparison,primary_port_closure,18,1060,heuristic,DISRUPTED,139399.000000,26320.000000,0.000000,0.000000,1308.000000,79671.000000,1860.000000,30240.000000,0.000000,0.785851,336,26557,400,0.185185,3.100000,0,0,0,27,0.000000,0.000000,0.000000,0.006966,,True
baseline_port_closure_comparison,primary_port_closure,18,1060,llm_agent,UNDISRUPTED,133159.000000,26320.000000,0.000000,0.000000,1308.000000,75231.000000,60.000000,30240.000000,0.000000,0.785851,336,25077,40,0.018519,1.000000,0,0,0,1,0.000000,0.000000,0.000000,1869.453083,,True
baseline_port_closure_comparison,primary_port_closure,18,1060,llm_agent,DISRUPTED,135259.000000,33320.000000,400.000000,2800.000000,1308.000000,66471.000000,720.000000,30240.000000,0.000000,0.785851,336,22157,120,0.055556,4.000000,5,7,280,12,0.000000,0.000000,0.000000,2262.760708,,True
baseline_port_closure_comparison,primary_port_closure,19,1061,heuristic,UNDISRUPTED,143737.000000,26080.000000,0.000000,0.000000,1308.000000,81429.000000,0.000000,34920.000000,0.000000,0.762836,388,27143,0,0.000000,0.000000,0,0,0,0,0.000000,0.000000,0.000000,0.000000,,True
baseline_port_closure_comparison,primary_port_closure,19,1061,heuristic,DISRUPTED,146937.000000,26320.000000,80.000000,0.000000,1308.000000,83589.000000,720.000000,34920.000000,0.000000,0.762836,388,27863,200,0.092593,2.400000,1,0,0,14,0.000000,0.000000,0.000000,0.008137,,True
baseline_port_closure_comparison,primary_port_closure,19,1061,llm_agent,UNDISRUPTED,143737.000000,26080.000000,0.000000,0.000000,1308.000000,81429.000000,0.000000,34920.000000,0.000000,0.762836,388,27143,0,0.000000,0.000000,0,0,0,0,0.000000,0.000000,0.000000,0.000000,,True
baseline_port_closure_comparison,primary_port_closure,19,1061,llm_agent,DISRUPTED,145237.000000,31080.000000,320.000000,2000.000000,1308.000000,75189.000000,420.000000,34920.000000,0.000000,0.762836,388,25063,80,0.037037,3.500000,4,5,200,9,0.000000,0.000000,0.000000,2708.861042,,True
baseline_port_closure_comparison,primary_port_closure,20,1062,heuristic,UNDISRUPTED,148912.000000,26080.000000,0.000000,0.000000,1308.000000,85194.000000,60.000000,36270.000000,0.000000,0.748910,403,28398,40,0.018519,1.000000,0,0,0,1,0.000000,0.000000,0.000000,0.018875,,True
baseline_port_closure_comparison,primary_port_closure,20,1062,heuristic,DISRUPTED,152012.000000,26560.000000,160.000000,0.000000,1308.000000,86994.000000,720.000000,36270.000000,0.000000,0.748910,403,28998,200,0.092593,2.400000,2,0,0,13,0.000000,0.000000,0.000000,0.008420,,True
baseline_port_closure_comparison,primary_port_closure,20,1062,llm_agent,UNDISRUPTED,148912.000000,26080.000000,0.000000,0.000000,1308.000000,85194.000000,60.000000,36270.000000,0.000000,0.748910,403,28398,40,0.018519,1.000000,0,0,0,1,0.000000,0.000000,0.000000,2171.081417,,True
baseline_port_closure_comparison,primary_port_closure,20,1062,llm_agent,DISRUPTED,150212.000000,30080.000000,320.000000,1600.000000,1308.000000,80274.000000,360.000000,36270.000000,0.000000,0.748910,403,26758,120,0.055556,2.000000,4,4,160,9,0.000000,0.000000,0.000000,2828.719995,,True
baseline_port_closure_comparison,primary_port_closure,21,1063,heuristic,UNDISRUPTED,133457.000000,26080.000000,0.000000,0.000000,1312.000000,74745.000000,0.000000,31320.000000,0.000000,0.777778,348,24915,0,0.000000,0.000000,0,0,0,0,0.000000,0.000000,0.000000,0.000000,,True
baseline_port_closure_comparison,primary_port_closure,21,1063,heuristic,DISRUPTED,135817.000000,26320.000000,80.000000,0.000000,1312.000000,76305.000000,480.000000,31320.000000,0.000000,0.777778,348,25435,120,0.055556,2.666667,1,0,0,10,0.000000,0.000000,0.000000,0.008575,,True
baseline_port_closure_comparison,primary_port_closure,21,1063,llm_agent,UNDISRUPTED,133457.000000,26080.000000,0.000000,0.000000,1312.000000,74745.000000,0.000000,31320.000000,0.000000,0.777778,348,24915,0,0.000000,0.000000,0,0,0,0,0.000000,0.000000,0.000000,0.000000,,True
baseline_port_closure_comparison,primary_port_closure,21,1063,llm_agent,DISRUPTED,134757.000000,30080.000000,320.000000,1600.000000,1312.000000,69825.000000,300.000000,31320.000000,0.000000,0.777778,348,23275,80,0.037037,2.500000,4,4,160,8,0.000000,0.000000,0.000000,2722.629511,,True
baseline_port_closure_comparison,primary_port_closure,22,1064,heuristic,UNDISRUPTED,137191.000000,26080.000000,0.000000,0.000000,1428.000000,76473.000000,0.000000,33210.000000,0.000000,0.767045,369,25491,0,0.000000,0.000000,0,0,0,0,0.000000,0.000000,0.000000,0.000000,,True
baseline_port_closure_comparison,primary_port_closure,22,1064,heuristic,DISRUPTED,148611.000000,26320.000000,80.000000,0.000000,1428.000000,84393.000000,3180.000000,33210.000000,0.000000,0.767045,369,28131,480,0.218182,4.416667,1,0,0,41,0.000000,0.000000,0.000000,0.007748,,True
baseline_port_closure_comparison,primary_port_closure,22,1064,llm_agent,UNDISRUPTED,137191.000000,26080.000000,0.000000,0.000000,1428.000000,76473.000000,0.000000,33210.000000,0.000000,0.767045,369,25491,0,0.000000,0.000000,0,0,0,0,0.000000,0.000000,0.000000,0.000000,,True
baseline_port_closure_comparison,primary_port_closure,22,1064,llm_agent,DISRUPTED,140316.400000,36080.000000,240.000000,4000.000000,1431.400000,64335.000000,1020.000000,33210.000000,0.069444,0.767045,369,21445,80,0.036364,8.500000,3,10,400,14,0.000000,0.000000,0.000000,3076.574646,1,True
baseline_port_closure_comparison,primary_port_closure,23,1065,heuristic,UNDISRUPTED,140241.000000,26080.000000,0.000000,0.000000,1316.000000,79185.000000,0.000000,33660.000000,0.000000,0.765957,374,26395,0,0.000000,0.000000,0,0,0,0,0.000000,0.000000,0.000000,0.000000,,True
baseline_port_closure_comparison,primary_port_closure,23,1065,heuristic,DISRUPTED,145841.000000,26320.000000,80.000000,0.000000,1316.000000,83025.000000,1440.000000,33660.000000,0.000000,0.765957,374,27675,320,0.148148,3.000000,1,0,0,24,0.000000,0.000000,0.000000,0.007432,,True
baseline_port_closure_comparison,primary_port_closure,23,1065,llm_agent,UNDISRUPTED,140241.000000,26080.000000,0.000000,0.000000,1316.000000,79185.000000,0.000000,33660.000000,0.000000,0.765957,374,26395,0,0.000000,0.000000,0,0,0,0,0.000000,0.000000,0.000000,0.000000,,True
baseline_port_closure_comparison,primary_port_closure,23,1065,llm_agent,DISRUPTED,142381.000000,33080.000000,320.000000,2800.000000,1316.000000,70545.000000,660.000000,33660.000000,0.000000,0.765957,374,23515,80,0.037037,5.500000,4,7,280,11,0.000000,0.000000,0.000000,3845.432023,,True
baseline_port_closure_comparison,primary_port_closure,24,1066,heuristic,UNDISRUPTED,147925.000000,26080.000000,0.000000,0.000000,1308.000000,84447.000000,0.000000,36090.000000,0.000000,0.748274,401,28149,0,0.000000,0.000000,0,0,0,0,0.000000,0.000000,0.000000,0.000000,,True
baseline_port_closure_comparison,primary_port_closure,24,1066,heuristic,DISRUPTED,153525.000000,26320.000000,80.000000,0.000000,1308.000000,88287.000000,1440.000000,36090.000000,0.000000,0.748274,401,29429,320,0.145455,3.000000,1,0,0,24,0.000000,0.000000,0.000000,0.007776,,True
baseline_port_closure_comparison,primary_port_closure,24,1066,llm_agent,UNDISRUPTED,147925.000000,26080.000000,0.000000,0.000000,1308.000000,84447.000000,0.000000,36090.000000,0.000000,0.748274,401,28149,0,0.000000,0.000000,0,0,0,0,0.000000,0.000000,0.000000,0.000000,,True
baseline_port_closure_comparison,primary_port_closure,24,1066,llm_agent,DISRUPTED,149985.000000,33080.000000,240.000000,2800.000000,1308.000000,75807.000000,660.000000,36090.000000,0.000000,0.748274,401,25269,80,0.036364,5.500000,3,7,280,11,0.000000,0.000000,0.000000,2982.930985,,True
baseline_port_closure_comparison,primary_port_closure,25,1067,heuristic,UNDISRUPTED,145710.000000,26080.000000,0.000000,0.000000,1304.000000,83226.000000,0.000000,35100.000000,0.000000,0.755025,390,27742,0,0.000000,0.000000,0,0,0,0,0.000000,0.000000,0.000000,0.000000,,True
baseline_port_closure_comparison,primary_port_closure,25,1067,heuristic,DISRUPTED,151650.000000,26080.000000,0.000000,0.000000,1304.000000,87546.000000,1620.000000,35100.000000,0.000000,0.755025,390,29182,320,0.148148,3.375000,0,0,0,26,0.000000,0.000000,0.000000,0.007197,,True
baseline_port_closure_comparison,primary_port_closure,25,1067,llm_agent,UNDISRUPTED,145710.000000,26080.000000,0.000000,0.000000,1304.000000,83226.000000,0.000000,35100.000000,0.000000,0.755025,390,27742,0,0.000000,0.000000,0,0,0,0,0.000000,0.000000,0.000000,0.000000,,True
baseline_port_closure_comparison,primary_port_closure,25,1067,llm_agent,DISRUPTED,147770.000000,33080.000000,240.000000,2800.000000,1304.000000,74586.000000,660.000000,35100.000000,0.000000,0.755025,390,24862,80,0.037037,5.500000,3,7,280,11,0.000000,0.000000,0.000000,2591.713724,,True
baseline_port_closure_comparison,primary_port_closure,26,1068,heuristic,UNDISRUPTED,134043.000000,26080.000000,0.000000,0.000000,1304.000000,75339.000000,0.000000,31320.000000,0.000000,0.775194,348,25113,0,0.000000,0.000000,0,0,0,0,0.000000,0.000000,0.000000,0.000000,,True
baseline_port_closure_comparison,primary_port_closure,26,1068,heuristic,DISRUPTED,137243.000000,26320.000000,80.000000,0.000000,1304.000000,77499.000000,720.000000,31320.000000,0.000000,0.775194,348,25833,200,0.092593,2.400000,1,0,0,14,0.000000,0.000000,0.000000,0.009241,,True
baseline_port_closure_comparison,primary_port_closure,26,1068,llm_agent,UNDISRUPTED,134043.000000,26080.000000,0.000000,0.000000,1304.000000,75339.000000,0.000000,31320.000000,0.000000,0.775194,348,25113,0,0.000000,0.000000,0,0,0,0,0.000000,0.000000,0.000000,0.000000,,True
baseline_port_closure_comparison,primary_port_closure,26,1068,llm_agent,DISRUPTED,135583.000000,31080.000000,240.000000,2000.000000,1304.000000,69219.000000,420.000000,31320.000000,0.000000,0.775194,348,23073,80,0.037037,3.500000,3,5,200,9,0.000000,0.000000,0.000000,2754.617278,,True
baseline_port_closure_comparison,primary_port_closure,27,1069,heuristic,UNDISRUPTED,143386.000000,26400.000000,0.000000,0.000000,1312.000000,81024.000000,0.000000,34650.000000,0.000000,0.758014,385,27008,0,0.000000,0.000000,0,0,0,0,0.000000,0.000000,0.000000,0.000000,,True
baseline_port_closure_comparison,primary_port_closure,27,1069,heuristic,DISRUPTED,146386.000000,26400.000000,0.000000,0.000000,1312.000000,83304.000000,720.000000,34650.000000,0.000000,0.758014,385,27768,200,0.092593,2.400000,0,0,0,15,0.000000,0.000000,0.000000,0.008742,,True
baseline_port_closure_comparison,primary_port_closure,27,1069,llm_agent,UNDISRUPTED,143386.000000,26400.000000,0.000000,0.000000,1312.000000,81024.000000,0.000000,34650.000000,0.000000,0.758014,385,27008,0,0.000000,0.000000,0,0,0,0,0.000000,0.000000,0.000000,0.000000,,True
baseline_port_closure_comparison,primary_port_closure,27,1069,llm_agent,DISRUPTED,145006.000000,31400.000000,320.000000,2000.000000,1312.000000,74904.000000,420.000000,34650.000000,0.000000,0.758014,385,24968,80,0.037037,3.500000,4,5,200,9,0.000000,0.000000,0.000000,2781.610977,,True
baseline_port_closure_comparison,primary_port_closure,28,1070,heuristic,UNDISRUPTED,133153.000000,26080.000000,0.000000,0.000000,1308.000000,75165.000000,0.000000,30600.000000,0.000000,0.785759,340,25055,0,0.000000,0.000000,0,0,0,0,0.000000,0.000000,0.000000,0.000000,,True
baseline_port_closure_comparison,primary_port_closure,28,1070,heuristic,DISRUPTED,144293.000000,26560.000000,160.000000,0.000000,1308.000000,82605.000000,3060.000000,30600.000000,0.000000,0.785759,340,27535,480,0.222222,4.250000,2,0,0,38,0.000000,0.000000,0.000000,0.007534,,True
baseline_port_closure_comparison,primary_port_closure,28,1070,llm_agent,UNDISRUPTED,133153.000000,26080.000000,0.000000,0.000000,1308.000000,75165.000000,0.000000,30600.000000,0.000000,0.785759,340,25055,0,0.000000,0.000000,0,0,0,0,0.000000,0.000000,0.000000,0.000000,,True
baseline_port_closure_comparison,primary_port_closure,28,1070,llm_agent,DISRUPTED,136512.200000,36080.000000,240.000000,4000.000000,1311.200000,63141.000000,1140.000000,30600.000000,0.065532,0.785759,340,21047,80,0.037037,9.500000,3,10,400,14,0.000000,0.071429,0.071429,2810.579047,1,True
baseline_port_closure_comparison,primary_port_closure,29,1071,heuristic,UNDISRUPTED,135994.000000,26080.000000,0.000000,0.000000,1308.000000,75486.000000,0.000000,33120.000000,0.000000,0.772559,368,25162,0,0.000000,0.000000,0,0,0,0,0.000000,0.000000,0.000000,0.000000,,True
baseline_port_closure_comparison,primary_port_closure,29,1071,heuristic,DISRUPTED,147414.000000,26320.000000,80.000000,0.000000,1308.000000,83406.000000,3180.000000,33120.000000,0.000000,0.772559,368,27802,480,0.218182,4.416667,1,0,0,41,0.000000,0.000000,0.000000,0.007514,,True
baseline_port_closure_comparison,primary_port_closure,29,1071,llm_agent,UNDISRUPTED,135994.000000,26080.000000,0.000000,0.000000,1308.000000,75486.000000,0.000000,33120.000000,0.000000,0.772559,368,25162,0,0.000000,0.000000,0,0,0,0,0.000000,0.000000,0.000000,0.000000,,True
baseline_port_closure_comparison,primary_port_closure,29,1071,llm_agent,DISRUPTED,139182.000000,36080.000000,160.000000,4000.000000,1316.000000,63486.000000,1020.000000,33120.000000,0.082200,0.772559,368,21162,80,0.036364,8.500000,2,10,400,14,0.000000,0.000000,0.000000,2779.432214,0,True
baseline_port_closure_comparison,primary_port_closure,30,1072,heuristic,UNDISRUPTED,148311.000000,26080.000000,0.000000,0.000000,1316.000000,84645.000000,0.000000,36270.000000,0.000000,0.749378,403,28215,0,0.000000,0.000000,0,0,0,0,0.000000,0.000000,0.000000,0.000000,,True
baseline_port_closure_comparison,primary_port_closure,30,1072,heuristic,DISRUPTED,154111.000000,26560.000000,160.000000,0.000000,1316.000000,88365.000000,1440.000000,36270.000000,0.000000,0.749378,403,29455,320,0.145455,3.000000,2,0,0,21,0.000000,0.000000,0.000000,0.008188,,True
baseline_port_closure_comparison,primary_port_closure,30,1072,llm_agent,UNDISRUPTED,148311.000000,26080.000000,0.000000,0.000000,1316.000000,84645.000000,0.000000,36270.000000,0.000000,0.749378,403,28215,0,0.000000,0.000000,0,0,0,0,0.000000,0.000000,0.000000,0.000000,,True
baseline_port_closure_comparison,primary_port_closure,30,1072,llm_agent,DISRUPTED,150531.000000,32080.000000,240.000000,2400.000000,1316.000000,77565.000000,660.000000,36270.000000,0.000000,0.749378,403,25855,80,0.036364,5.500000,3,6,240,10,0.000000,0.000000,0.000000,2824.214629,,True
baseline_port_closure_comparison,primary_port_closure,31,1073,heuristic,UNDISRUPTED,137924.000000,26080.000000,0.000000,0.000000,1312.000000,77322.000000,0.000000,33210.000000,0.000000,0.766603,369,25774,0,0.000000,0.000000,0,0,0,0,0.000000,0.000000,0.000000,0.000000,,True
baseline_port_closure_comparison,primary_port_closure,31,1073,heuristic,DISRUPTED,149464.000000,26320.000000,80.000000,0.000000,1312.000000,85362.000000,3180.000000,33210.000000,0.000000,0.766603,369,28454,480,0.222222,4.416667,1,0,0,41,0.000000,0.000000,0.000000,0.007253,,True
baseline_port_closure_comparison,primary_port_closure,31,1073,llm_agent,UNDISRUPTED,137924.000000,26080.000000,0.000000,0.000000,1312.000000,77322.000000,0.000000,33210.000000,0.000000,0.766603,369,25774,0,0.000000,0.000000,0,0,0,0,0.000000,0.000000,0.000000,0.000000,,True
baseline_port_closure_comparison,primary_port_closure,31,1073,llm_agent,DISRUPTED,141280.400000,36080.000000,320.000000,4000.000000,1316.400000,65334.000000,1020.000000,33210.000000,0.075901,0.766603,369,21778,80,0.037037,8.500000,4,10,400,14,0.000000,0.000000,0.000000,2966.211705,0,True
baseline_port_closure_comparison,primary_port_closure,32,1074,heuristic,UNDISRUPTED,138218.000000,26080.000000,0.000000,0.000000,1312.000000,77376.000000,60.000000,33390.000000,0.000000,0.769851,371,25792,40,0.018519,1.000000,0,0,0,0,0.000000,0.000000,0.000000,0.000000,,True
baseline_port_closure_comparison,primary_port_closure,32,1074,heuristic,DISRUPTED,143118.000000,26560.000000,160.000000,0.000000,1312.000000,80496.000000,1200.000000,33390.000000,0.000000,0.769851,371,26832,320,0.148148,2.500000,2,0,0,19,0.000000,0.000000,0.000000,0.008064,,True
baseline_port_closure_comparison,primary_port_closure,32,1074,llm_agent,UNDISRUPTED,138218.000000,26080.000000,0.000000,0.000000,1312.000000,77376.000000,60.000000,33390.000000,0.000000,0.769851,371,25792,40,0.018519,1.000000,0,0,0,0,0.000000,0.000000,0.000000,0.000000,,True
baseline_port_closure_comparison,primary_port_closure,32,1074,llm_agent,DISRUPTED,140038.000000,32080.000000,320.000000,2400.000000,1312.000000,69936.000000,600.000000,33390.000000,0.000000,0.769851,371,23312,120,0.055556,3.333333,4,6,240,10,0.000000,0.000000,0.000000,2590.093558,,True
baseline_port_closure_comparison,primary_port_closure,33,1075,heuristic,UNDISRUPTED,119568.000000,26080.000000,0.000000,0.000000,1316.000000,64902.000000,0.000000,27270.000000,0.000000,0.805395,303,21634,0,0.000000,0.000000,0,0,0,0,0.000000,0.000000,0.000000,0.000000,,True
baseline_port_closure_comparison,primary_port_closure,33,1075,heuristic,DISRUPTED,132448.000000,26560.000000,160.000000,0.000000,1316.000000,73662.000000,3480.000000,27270.000000,0.000000,0.805395,303,24554,520,0.240741,4.461538,2,0,0,44,0.000000,0.000000,0.000000,0.006940,,True
baseline_port_closure_comparison,primary_port_closure,33,1075,llm_agent,UNDISRUPTED,119568.000000,26080.000000,0.000000,0.000000,1316.000000,64902.000000,0.000000,27270.000000,0.000000,0.805395,303,21634,0,0.000000,0.000000,0,0,0,0,0.000000,0.000000,0.000000,0.000000,,True
baseline_port_closure_comparison,primary_port_closure,33,1075,llm_agent,DISRUPTED,124521.700000,36320.000000,400.000000,4000.000000,1328.700000,53883.000000,1320.000000,27270.000000,0.127168,0.805395,303,17961,120,0.055556,7.333333,5,10,400,17,0.000000,0.000000,0.000000,2889.516032,0,True
baseline_port_closure_comparison,primary_port_closure,34,1076,heuristic,UNDISRUPTED,158820.000000,26080.000000,0.000000,0.000000,1316.000000,90744.000000,0.000000,40680.000000,0.000000,0.727218,452,30248,0,0.000000,0.000000,0,0,0,0,0.000000,0.000000,0.000000,0.000000,,True
baseline_port_closure_comparison,primary_port_closure,34,1076,heuristic,DISRUPTED,168900.000000,26080.000000,0.000000,0.000000,1316.000000,97944.000000,2880.000000,40680.000000,0.000000,0.727218,452,32648,440,0.203704,4.363636,0,0,0,38,0.000000,0.000000,0.000000,0.005041,,True
baseline_port_closure_comparison,primary_port_closure,34,1076,llm_agent,UNDISRUPTED,158820.000000,26080.000000,0.000000,0.000000,1316.000000,90744.000000,0.000000,40680.000000,0.000000,0.727218,452,30248,0,0.000000,0.000000,0,0,0,0,0.000000,0.000000,0.000000,0.000000,,True
baseline_port_closure_comparison,primary_port_closure,34,1076,llm_agent,DISRUPTED,161600.000000,35080.000000,320.000000,3600.000000,1316.000000,79704.000000,900.000000,40680.000000,0.007846,0.727218,452,26568,80,0.037037,7.500000,4,9,360,13,0.000000,0.000000,0.000000,2996.098115,,True
baseline_port_closure_comparison,primary_port_closure,35,1077,heuristic,UNDISRUPTED,141440.000000,26080.000000,0.000000,0.000000,1312.000000,79308.000000,0.000000,34740.000000,0.000000,0.762169,386,26436,0,0.000000,0.000000,0,0,0,0,0.000000,0.000000,0.000000,0.000000,,True
baseline_port_closure_comparison,primary_port_closure,35,1077,heuristic,DISRUPTED,150760.000000,26320.000000,80.000000,0.000000,1312.000000,85788.000000,2520.000000,34740.000000,0.000000,0.762169,386,28596,440,0.203704,3.818182,1,0,0,35,0.000000,0.000000,0.000000,0.007238,,True
baseline_port_closure_comparison,primary_port_closure,35,1077,llm_agent,UNDISRUPTED,141440.000000,26080.000000,0.000000,0.000000,1312.000000,79308.000000,0.000000,34740.000000,0.000000,0.762169,386,26436,0,0.000000,0.000000,0,0,0,0,0.000000,0.000000,0.000000,0.000000,,True
baseline_port_closure_comparison,primary_port_closure,35,1077,llm_agent,DISRUPTED,145520.000000,34320.000000,560.000000,3200.000000,1312.000000,70308.000000,1080.000000,34740.000000,0.017868,0.762169,386,23436,120,0.055556,6.000000,7,8,320,15,0.000000,0.000000,0.000000,3092.676967,,True
baseline_port_closure_comparison,primary_port_closure,36,1078,heuristic,UNDISRUPTED,149859.000000,26080.000000,0.000000,0.000000,1436.000000,84003.000000,0.000000,38340.000000,0.000000,0.734248,426,28001,0,0.000000,0.000000,0,0,0,0,0.000000,0.000000,0.000000,0.000000,,True
baseline_port_closure_comparison,primary_port_closure,36,1078,heuristic,DISRUPTED,155899.000000,26560.000000,160.000000,0.000000,1436.000000,87963.000000,1440.000000,38340.000000,0.000000,0.734248,426,29321,320,0.148148,3.000000,2,0,0,23,0.000000,0.000000,0.000000,0.007476,,True
baseline_port_closure_comparison,primary_port_closure,36,1078,llm_agent,UNDISRUPTED,149859.000000,26080.000000,0.000000,0.000000,1436.000000,84003.000000,0.000000,38340.000000,0.000000,0.734248,426,28001,0,0.000000,0.000000,0,0,0,0,0.000000,0.000000,0.000000,0.000000,,True
baseline_port_closure_comparison,primary_port_closure,36,1078,llm_agent,DISRUPTED,152119.000000,33080.000000,320.000000,2800.000000,1436.000000,75483.000000,660.000000,38340.000000,0.000000,0.734248,426,25161,80,0.037037,5.500000,4,7,280,11,0.000000,0.000000,0.000000,2601.643792,,True
baseline_port_closure_comparison,primary_port_closure,37,1079,heuristic,UNDISRUPTED,131639.000000,26400.000000,0.000000,0.000000,1316.000000,73683.000000,0.000000,30240.000000,0.000000,0.781107,336,24561,0,0.000000,0.000000,0,0,0,0,0.000000,0.000000,0.000000,0.000000,,True
baseline_port_closure_comparison,primary_port_closure,37,1079,heuristic,DISRUPTED,134839.000000,26640.000000,80.000000,0.000000,1316.000000,75843.000000,720.000000,30240.000000,0.000000,0.781107,336,25281,200,0.092593,2.400000,1,0,0,14,0.000000,0.000000,0.000000,0.007226,,True
baseline_port_closure_comparison,primary_port_closure,37,1079,llm_agent,UNDISRUPTED,131639.000000,26400.000000,0.000000,0.000000,1316.000000,73683.000000,0.000000,30240.000000,0.000000,0.781107,336,24561,0,0.000000,0.000000,0,0,0,0,0.000000,0.000000,0.000000,0.000000,,True
baseline_port_closure_comparison,primary_port_closure,37,1079,llm_agent,DISRUPTED,133139.000000,31400.000000,320.000000,2000.000000,1316.000000,67443.000000,420.000000,30240.000000,0.000000,0.781107,336,22481,80,0.037037,3.500000,4,5,200,9,0.000000,0.000000,0.000000,3192.270190,,True
baseline_port_closure_comparison,primary_port_closure,38,1080,heuristic,UNDISRUPTED,133146.000000,26080.000000,0.000000,0.000000,1316.000000,74700.000000,0.000000,31050.000000,0.000000,0.779271,345,24900,0,0.000000,0.000000,0,0,0,0,0.000000,0.000000,0.000000,0.000000,,True
baseline_port_closure_comparison,primary_port_closure,38,1080,heuristic,DISRUPTED,135006.000000,26080.000000,0.000000,0.000000,1316.000000,76140.000000,420.000000,31050.000000,0.000000,0.779271,345,25380,160,0.074074,1.750000,0,0,0,11,0.000000,0.000000,0.000000,0.009224,,True
baseline_port_closure_comparison,primary_port_closure,38,1080,llm_agent,UNDISRUPTED,133146.000000,26080.000000,0.000000,0.000000,1316.000000,74700.000000,0.000000,31050.000000,0.000000,0.779271,345,24900,0,0.000000,0.000000,0,0,0,0,0.000000,0.000000,0.000000,0.000000,,True
baseline_port_closure_comparison,primary_port_closure,38,1080,llm_agent,DISRUPTED,134446.000000,30080.000000,320.000000,1600.000000,1316.000000,69780.000000,300.000000,31050.000000,0.000000,0.779271,345,23260,80,0.037037,2.500000,4,4,160,8,0.000000,0.000000,0.000000,2651.869510,,True
baseline_port_closure_comparison,primary_port_closure,39,1081,heuristic,UNDISRUPTED,141155.000000,26080.000000,0.000000,0.000000,1312.000000,79593.000000,60.000000,34110.000000,0.000000,0.763421,379,26531,40,0.018519,1.000000,0,0,0,1,0.000000,0.000000,0.000000,0.016834,,True
baseline_port_closure_comparison,primary_port_closure,39,1081,heuristic,DISRUPTED,151275.000000,26560.000000,160.000000,0.000000,1312.000000,86313.000000,2820.000000,34110.000000,0.000000,0.763421,379,28771,480,0.222222,3.916667,2,0,0,38,0.000000,0.000000,0.000000,0.006859,,True
baseline_port_closure_comparison,primary_port_closure,39,1081,llm_agent,UNDISRUPTED,141155.000000,26080.000000,0.000000,0.000000,1312.000000,79593.000000,60.000000,34110.000000,0.000000,0.763421,379,26531,40,0.018519,1.000000,0,0,0,1,0.000000,0.000000,0.000000,4686.092250,,True
baseline_port_closure_comparison,primary_port_closure,39,1081,llm_agent,DISRUPTED,143838.400000,36080.000000,160.000000,4000.000000,1313.400000,67155.000000,1020.000000,34110.000000,0.055556,0.763421,379,22385,80,0.037037,8.500000,2,10,400,14,0.000000,0.071429,0.071429,2733.443381,1,True
baseline_port_closure_comparison,primary_port_closure,40,1082,heuristic,UNDISRUPTED,150383.000000,26080.000000,0.000000,0.000000,1312.000000,86451.000000,0.000000,36540.000000,0.000000,0.750154,406,28817,0,0.000000,0.000000,0,0,0,0,0.000000,0.000000,0.000000,0.000000,,True
baseline_port_closure_comparison,primary_port_closure,40,1082,heuristic,DISRUPTED,161923.000000,26320.000000,80.000000,0.000000,1312.000000,94491.000000,3180.000000,36540.000000,0.000000,0.750154,406,31497,480,0.222222,4.416667,1,0,0,41,0.000000,0.000000,0.000000,0.007503,,True
baseline_port_closure_comparison,primary_port_closure,40,1082,llm_agent,UNDISRUPTED,150383.000000,26080.000000,0.000000,0.000000,1312.000000,86451.000000,0.000000,36540.000000,0.000000,0.750154,406,28817,0,0.000000,0.000000,0,0,0,0,0.000000,0.000000,0.000000,0.000000,,True
baseline_port_closure_comparison,primary_port_closure,40,1082,llm_agent,DISRUPTED,153603.000000,36080.000000,320.000000,4000.000000,1312.000000,74331.000000,1020.000000,36540.000000,0.002462,0.750154,406,24777,80,0.037037,8.500000,4,10,400,14,0.000000,0.000000,0.000000,2911.350762,,True
baseline_port_closure_comparison,primary_port_closure,41,1083,heuristic,UNDISRUPTED,131117.000000,26080.000000,0.000000,0.000000,1312.000000,73215.000000,0.000000,30510.000000,0.000000,0.789572,339,24405,0,0.000000,0.000000,0,0,0,0,0.000000,0.000000,0.000000,0.000000,,True
baseline_port_closure_comparison,primary_port_closure,41,1083,heuristic,DISRUPTED,138117.000000,26560.000000,160.000000,0.000000,1312.000000,77775.000000,1800.000000,30510.000000,0.000000,0.789572,339,25925,360,0.166667,3.333333,2,0,0,24,0.000000,0.000000,0.000000,0.008252,,True
baseline_port_closure_comparison,primary_port_closure,41,1083,llm_agent,UNDISRUPTED,131117.000000,26080.000000,0.000000,0.000000,1312.000000,73215.000000,0.000000,30510.000000,0.000000,0.789572,339,24405,0,0.000000,0.000000,0,0,0,0,0.000000,0.000000,0.000000,0.000000,,True
baseline_port_closure_comparison,primary_port_closure,41,1083,llm_agent,DISRUPTED,133417.000000,33080.000000,240.000000,2800.000000,1312.000000,64695.000000,780.000000,30510.000000,0.000000,0.789572,339,21565,80,0.037037,6.500000,3,7,280,11,0.000000,0.000000,0.000000,2834.409424,,True
baseline_port_closure_comparison,primary_port_closure,42,1084,heuristic,UNDISRUPTED,129184.000000,26080.000000,0.000000,0.000000,1308.000000,71556.000000,0.000000,30240.000000,0.000000,0.790000,336,23852,0,0.000000,0.000000,0,0,0,0,0.000000,0.000000,0.000000,0.000000,,True
baseline_port_closure_comparison,primary_port_closure,42,1084,heuristic,DISRUPTED,142904.000000,26560.000000,160.000000,0.000000,1308.000000,80796.000000,3840.000000,30240.000000,0.000000,0.790000,336,26932,560,0.259259,4.571429,2,0,0,44,0.000000,0.000000,0.000000,0.007065,,True
baseline_port_closure_comparison,primary_port_closure,42,1084,llm_agent,UNDISRUPTED,129184.000000,26080.000000,0.000000,0.000000,1308.000000,71556.000000,0.000000,30240.000000,0.000000,0.790000,336,23852,0,0.000000,0.000000,0,0,0,0,0.000000,0.000000,0.000000,0.000000,,True
baseline_port_closure_comparison,primary_port_closure,42,1084,llm_agent,DISRUPTED,132921.700000,37080.000000,240.000000,4400.000000,1324.700000,58497.000000,1140.000000,30240.000000,0.129375,0.790000,336,19499,80,0.037037,9.500000,3,11,440,15,0.000000,0.000000,0.000000,2800.105611,0,True
baseline_port_closure_comparison,primary_port_closure,43,1085,heuristic,UNDISRUPTED,147773.000000,26080.000000,0.000000,0.000000,1312.000000,84471.000000,0.000000,35910.000000,0.000000,0.753247,399,28157,0,0.000000,0.000000,0,0,0,0,0.000000,0.000000,0.000000,0.000000,,True
baseline_port_closure_comparison,primary_port_closure,43,1085,heuristic,DISRUPTED,156973.000000,26320.000000,80.000000,0.000000,1312.000000,90831.000000,2520.000000,35910.000000,0.000000,0.753247,399,30277,440,0.203704,3.818182,1,0,0,35,0.000000,0.000000,0.000000,0.007170,,True
baseline_port_closure_comparison,primary_port_closure,43,1085,llm_agent,UNDISRUPTED,147773.000000,26080.000000,0.000000,0.000000,1312.000000,84471.000000,0.000000,35910.000000,0.000000,0.753247,399,28157,0,0.000000,0.000000,0,0,0,0,0.000000,0.000000,0.000000,0.000000,,True
baseline_port_closure_comparison,primary_port_closure,43,1085,llm_agent,DISRUPTED,150553.000000,35080.000000,320.000000,3600.000000,1312.000000,73431.000000,900.000000,35910.000000,0.003711,0.753247,399,24477,80,0.037037,7.500000,4,9,360,13,0.000000,0.000000,0.000000,3082.947449,,True
baseline_port_closure_comparison,primary_port_closure,44,1086,heuristic,UNDISRUPTED,125976.000000,26080.000000,0.000000,0.000000,1316.000000,70140.000000,0.000000,28440.000000,0.000000,0.796260,316,23380,0,0.000000,0.000000,0,0,0,0,0.000000,0.000000,0.000000,0.000000,,True
baseline_port_closure_comparison,primary_port_closure,44,1086,heuristic,DISRUPTED,128916.000000,26080.000000,0.000000,0.000000,1316.000000,72300.000000,780.000000,28440.000000,0.000000,0.796260,316,24100,240,0.111111,2.166667,0,0,0,16,0.000000,0.000000,0.000000,0.008083,,True
baseline_port_closure_comparison,primary_port_closure,44,1086,llm_agent,UNDISRUPTED,125976.000000,26080.000000,0.000000,0.000000,1316.000000,70140.000000,0.000000,28440.000000,0.000000,0.796260,316,23380,0,0.000000,0.000000,0,0,0,0,0.000000,0.000000,0.000000,0.000000,,True
baseline_port_closure_comparison,primary_port_closure,44,1086,llm_agent,DISRUPTED,127356.000000,31080.000000,320.000000,2000.000000,1316.000000,63780.000000,420.000000,28440.000000,0.000000,0.796260,316,21260,80,0.037037,3.500000,4,5,200,9,0.000000,0.000000,0.000000,3385.863671,,True
baseline_port_closure_comparison,primary_port_closure,45,1087,heuristic,UNDISRUPTED,149845.000000,26080.000000,0.000000,0.000000,1308.000000,85467.000000,0.000000,36990.000000,0.000000,0.741672,411,28489,0,0.000000,0.000000,0,0,0,0,0.000000,0.000000,0.000000,0.000000,,True
baseline_port_closure_comparison,primary_port_closure,45,1087,heuristic,DISRUPTED,154545.000000,26320.000000,80.000000,0.000000,1308.000000,88707.000000,1140.000000,36990.000000,0.000000,0.741672,411,29569,280,0.129630,2.714286,1,0,0,20,0.000000,0.000000,0.000000,0.007604,,True
baseline_port_closure_comparison,primary_port_closure,45,1087,llm_agent,UNDISRUPTED,149845.000000,26080.000000,0.000000,0.000000,1308.000000,85467.000000,0.000000,36990.000000,0.000000,0.741672,411,28489,0,0.000000,0.000000,0,0,0,0,0.000000,0.000000,0.000000,0.000000,,True
baseline_port_closure_comparison,primary_port_closure,45,1087,llm_agent,DISRUPTED,151785.000000,32080.000000,320.000000,2400.000000,1308.000000,78147.000000,540.000000,36990.000000,0.000000,0.741672,411,26049,80,0.037037,4.500000,4,6,240,10,0.000000,0.000000,0.000000,2767.380633,,True
baseline_port_closure_comparison,primary_port_closure,46,1088,heuristic,UNDISRUPTED,142976.000000,26080.000000,0.000000,0.000000,1312.000000,81834.000000,0.000000,33750.000000,0.000000,0.765038,375,27278,0,0.000000,0.000000,0,0,0,0,0.000000,0.000000,0.000000,0.000000,,True
baseline_port_closure_comparison,primary_port_closure,46,1088,heuristic,DISRUPTED,147556.000000,26320.000000,80.000000,0.000000,1312.000000,84954.000000,1140.000000,33750.000000,0.000000,0.765038,375,28318,280,0.129630,2.714286,1,0,0,20,0.000000,0.000000,0.000000,0.008783,,True
baseline_port_closure_comparison,primary_port_closure,46,1088,llm_agent,UNDISRUPTED,142976.000000,26080.000000,0.000000,0.000000,1312.000000,81834.000000,0.000000,33750.000000,0.000000,0.765038,375,27278,0,0.000000,0.000000,0,0,0,0,0.000000,0.000000,0.000000,0.000000,,True
baseline_port_closure_comparison,primary_port_closure,46,1088,llm_agent,DISRUPTED,144636.000000,32080.000000,160.000000,2400.000000,1312.000000,74394.000000,540.000000,33750.000000,0.000000,0.765038,375,24798,80,0.037037,4.500000,2,6,240,10,0.000000,0.000000,0.000000,2820.093763,,True
baseline_port_closure_comparison,primary_port_closure,47,1089,heuristic,UNDISRUPTED,143751.000000,26200.000000,0.000000,0.000000,1316.000000,82035.000000,0.000000,34200.000000,0.000000,0.762500,380,27345,0,0.000000,0.000000,0,0,0,0,0.000000,0.000000,0.000000,0.000000,,True
baseline_port_closure_comparison,primary_port_closure,47,1089,heuristic,DISRUPTED,147131.000000,26440.000000,80.000000,0.000000,1316.000000,84315.000000,780.000000,34200.000000,0.000000,0.762500,380,28105,240,0.109091,2.166667,1,0,0,14,0.000000,0.000000,0.000000,0.006339,,True
baseline_port_closure_comparison,primary_port_closure,47,1089,llm_agent,UNDISRUPTED,143751.000000,26200.000000,0.000000,0.000000,1316.000000,82035.000000,0.000000,34200.000000,0.000000,0.762500,380,27345,0,0.000000,0.000000,0,0,0,0,0.000000,0.000000,0.000000,0.000000,,True
baseline_port_closure_comparison,primary_port_closure,47,1089,llm_agent,DISRUPTED,146431.000000,30440.000000,560.000000,1600.000000,1316.000000,77715.000000,600.000000,34200.000000,0.000000,0.762500,380,25905,120,0.054545,3.333333,7,4,160,11,0.000000,0.000000,0.000000,2834.291201,,True
baseline_port_closure_comparison,primary_port_closure,48,1090,heuristic,UNDISRUPTED,146346.000000,26200.000000,0.000000,0.000000,1304.000000,82752.000000,0.000000,36090.000000,0.000000,0.753079,401,27584,0,0.000000,0.000000,0,0,0,0,0.000000,0.000000,0.000000,0.000000,,True
baseline_port_closure_comparison,primary_port_closure,48,1090,heuristic,DISRUPTED,152486.000000,26440.000000,80.000000,0.000000,1304.000000,86952.000000,1620.000000,36090.000000,0.000000,0.753079,401,28984,320,0.148148,3.375000,1,0,0,23,0.000000,0.000000,0.000000,0.007130,,True
baseline_port_closure_comparison,primary_port_closure,48,1090,llm_agent,UNDISRUPTED,146346.000000,26200.000000,0.000000,0.000000,1304.000000,82752.000000,0.000000,36090.000000,0.000000,0.753079,401,27584,0,0.000000,0.000000,0,0,0,0,0.000000,0.000000,0.000000,0.000000,,True
baseline_port_closure_comparison,primary_port_closure,48,1090,llm_agent,DISRUPTED,148326.000000,32200.000000,240.000000,2400.000000,1304.000000,75432.000000,660.000000,36090.000000,0.000000,0.753079,401,25144,80,0.037037,5.500000,3,6,240,10,0.000000,0.000000,0.000000,3148.469188,,True
baseline_port_closure_comparison,primary_port_closure,49,1091,heuristic,UNDISRUPTED,116785.000000,26080.000000,0.000000,0.000000,1308.000000,63297.000000,0.000000,26100.000000,0.000000,0.813744,290,21099,0,0.000000,0.000000,0,0,0,0,0.000000,0.000000,0.000000,0.000000,,True
baseline_port_closure_comparison,primary_port_closure,49,1091,heuristic,DISRUPTED,126505.000000,26080.000000,0.000000,0.000000,1308.000000,70137.000000,2880.000000,26100.000000,0.000000,0.813744,290,23379,440,0.203704,4.363636,0,0,0,38,0.000000,0.000000,0.000000,0.007176,,True
baseline_port_closure_comparison,primary_port_closure,49,1091,llm_agent,UNDISRUPTED,116785.000000,26080.000000,0.000000,0.000000,1308.000000,63297.000000,0.000000,26100.000000,0.000000,0.813744,290,21099,0,0.000000,0.000000,0,0,0,0,0.000000,0.000000,0.000000,0.000000,,True
baseline_port_closure_comparison,primary_port_closure,49,1091,llm_agent,DISRUPTED,119775.100000,35080.000000,240.000000,3600.000000,1325.100000,52530.000000,900.000000,26100.000000,0.122672,0.813744,290,17510,80,0.037037,7.500000,3,9,360,13,0.000000,0.076923,0.076923,2858.367740,0,True
baseline_port_closure_comparison,primary_port_closure,50,1092,heuristic,UNDISRUPTED,130891.000000,26080.000000,0.000000,0.000000,1308.000000,73623.000000,0.000000,29880.000000,0.000000,0.788938,332,24541,0,0.000000,0.000000,0,0,0,0,0.000000,0.000000,0.000000,0.000000,,True
baseline_port_closure_comparison,primary_port_closure,50,1092,heuristic,DISRUPTED,140211.000000,26320.000000,80.000000,0.000000,1308.000000,80103.000000,2520.000000,29880.000000,0.000000,0.788938,332,26701,440,0.203704,3.818182,1,0,0,35,0.000000,0.000000,0.000000,0.007679,,True
baseline_port_closure_comparison,primary_port_closure,50,1092,llm_agent,UNDISRUPTED,130891.000000,26080.000000,0.000000,0.000000,1308.000000,73623.000000,0.000000,29880.000000,0.000000,0.788938,332,24541,0,0.000000,0.000000,0,0,0,0,0.000000,0.000000,0.000000,0.000000,,True
baseline_port_closure_comparison,primary_port_closure,50,1092,llm_agent,DISRUPTED,133791.000000,35080.000000,320.000000,3600.000000,1308.000000,62703.000000,900.000000,29880.000000,0.038144,0.788938,332,20901,80,0.037037,7.500000,4,9,360,13,0.000000,0.000000,0.000000,2580.215689,,True
baseline_port_closure_comparison,primary_port_closure,51,1093,heuristic,UNDISRUPTED,127751.000000,26080.000000,0.000000,0.000000,1312.000000,70689.000000,60.000000,29610.000000,0.000000,0.792298,329,23563,40,0.018519,1.000000,0,0,0,0,0.000000,0.000000,0.000000,0.000000,,True
baseline_port_closure_comparison,primary_port_closure,51,1093,heuristic,DISRUPTED,133571.000000,26080.000000,0.000000,0.000000,1312.000000,74889.000000,1680.000000,29610.000000,0.000000,0.792298,329,24963,360,0.166667,3.111111,0,0,0,24,0.000000,0.000000,0.000000,0.007724,,True
baseline_port_closure_comparison,primary_port_closure,51,1093,llm_agent,UNDISRUPTED,127751.000000,26080.000000,0.000000,0.000000,1312.000000,70689.000000,60.000000,29610.000000,0.000000,0.792298,329,23563,40,0.018519,1.000000,0,0,0,0,0.000000,0.000000,0.000000,0.000000,,True
baseline_port_closure_comparison,primary_port_closure,51,1093,llm_agent,DISRUPTED,129811.000000,32080.000000,320.000000,2400.000000,1312.000000,63369.000000,720.000000,29610.000000,0.000000,0.792298,329,21123,120,0.055556,4.000000,4,6,240,10,0.000000,0.000000,0.000000,2771.742487,,True
baseline_port_closure_comparison,primary_port_closure,52,1094,heuristic,UNDISRUPTED,124207.000000,26080.000000,0.000000,0.000000,1308.000000,68769.000000,60.000000,27990.000000,0.000000,0.800896,311,22923,40,0.018519,1.000000,0,0,0,0,0.000000,0.000000,0.000000,0.000000,,True
baseline_port_closure_comparison,primary_port_closure,52,1094,heuristic,DISRUPTED,128347.000000,26080.000000,0.000000,0.000000,1308.000000,71769.000000,1200.000000,27990.000000,0.000000,0.800896,311,23923,320,0.148148,2.500000,0,0,0,21,0.000000,0.000000,0.000000,0.008228,,True
baseline_port_closure_comparison,primary_port_closure,52,1094,llm_agent,UNDISRUPTED,124207.000000,26080.000000,0.000000,0.000000,1308.000000,68769.000000,60.000000,27990.000000,0.000000,0.800896,311,22923,40,0.018519,1.000000,0,0,0,0,0.000000,0.000000,0.000000,0.000000,,True
baseline_port_closure_comparison,primary_port_closure,52,1094,llm_agent,DISRUPTED,125907.000000,32080.000000,320.000000,2400.000000,1308.000000,61209.000000,600.000000,27990.000000,0.000000,0.800896,311,20403,120,0.055556,3.333333,4,6,240,10,0.000000,0.000000,0.000000,2336.914367,,True
baseline_port_closure_comparison,primary_port_closure,53,1095,heuristic,UNDISRUPTED,135359.000000,26080.000000,0.000000,0.000000,1312.000000,75657.000000,0.000000,32310.000000,0.000000,0.775765,359,25219,0,0.000000,0.000000,0,0,0,0,0.000000,0.000000,0.000000,0.000000,,True
baseline_port_closure_comparison,primary_port_closure,53,1095,heuristic,DISRUPTED,139619.000000,26080.000000,0.000000,0.000000,1312.000000,78777.000000,1140.000000,32310.000000,0.000000,0.775765,359,26259,280,0.129630,2.714286,0,0,0,21,0.000000,0.000000,0.000000,0.007996,,True
baseline_port_closure_comparison,primary_port_closure,53,1095,llm_agent,UNDISRUPTED,135359.000000,26080.000000,0.000000,0.000000,1312.000000,75657.000000,0.000000,32310.000000,0.000000,0.775765,359,25219,0,0.000000,0.000000,0,0,0,0,0.000000,0.000000,0.000000,0.000000,,True
baseline_port_closure_comparison,primary_port_closure,53,1095,llm_agent,DISRUPTED,137099.000000,32080.000000,240.000000,2400.000000,1312.000000,68217.000000,540.000000,32310.000000,0.000000,0.775765,359,22739,80,0.037037,4.500000,3,6,240,10,0.000000,0.000000,0.000000,2994.911167,,True
baseline_port_closure_comparison,primary_port_closure,54,1096,heuristic,UNDISRUPTED,146399.000000,26080.000000,0.000000,0.000000,1432.000000,81897.000000,0.000000,36990.000000,0.000000,0.738550,411,27299,0,0.000000,0.000000,0,0,0,0,0.000000,0.000000,0.000000,0.000000,,True
baseline_port_closure_comparison,primary_port_closure,54,1096,heuristic,DISRUPTED,150779.000000,26080.000000,0.000000,0.000000,1432.000000,85137.000000,1140.000000,36990.000000,0.000000,0.738550,411,28379,280,0.129630,2.714286,0,0,0,21,0.000000,0.000000,0.000000,0.007496,,True
baseline_port_closure_comparison,primary_port_closure,54,1096,llm_agent,UNDISRUPTED,146399.000000,26080.000000,0.000000,0.000000,1432.000000,81897.000000,0.000000,36990.000000,0.000000,0.738550,411,27299,0,0.000000,0.000000,0,0,0,0,0.000000,0.000000,0.000000,0.000000,,True
baseline_port_closure_comparison,primary_port_closure,54,1096,llm_agent,DISRUPTED,148339.000000,32080.000000,320.000000,2400.000000,1432.000000,74577.000000,540.000000,36990.000000,0.000000,0.738550,411,24859,80,0.037037,4.500000,4,6,240,10,0.000000,0.000000,0.000000,2637.531146,,True
baseline_port_closure_comparison,primary_port_closure,55,1097,heuristic,UNDISRUPTED,134450.000000,26080.000000,0.000000,0.000000,1312.000000,75108.000000,0.000000,31950.000000,0.000000,0.779640,355,25036,0,0.000000,0.000000,0,0,0,0,0.000000,0.000000,0.000000,0.000000,,True
baseline_port_closure_comparison,primary_port_closure,55,1097,heuristic,DISRUPTED,137330.000000,26080.000000,0.000000,0.000000,1312.000000,77268.000000,720.000000,31950.000000,0.000000,0.779640,355,25756,200,0.092593,2.400000,0,0,0,15,0.000000,0.000000,0.000000,0.008569,,True
baseline_port_closure_comparison,primary_port_closure,55,1097,llm_agent,UNDISRUPTED,134450.000000,26080.000000,0.000000,0.000000,1312.000000,75108.000000,0.000000,31950.000000,0.000000,0.779640,355,25036,0,0.000000,0.000000,0,0,0,0,0.000000,0.000000,0.000000,0.000000,,True
baseline_port_closure_comparison,primary_port_closure,55,1097,llm_agent,DISRUPTED,137230.000000,30320.000000,480.000000,1600.000000,1312.000000,70908.000000,660.000000,31950.000000,0.000000,0.779640,355,23636,120,0.055556,3.666667,6,4,160,11,0.000000,0.000000,0.000000,2805.829421,,True
baseline_port_closure_comparison,primary_port_closure,56,1098,heuristic,UNDISRUPTED,136949.000000,26200.000000,0.000000,0.000000,1312.000000,75897.000000,60.000000,33480.000000,0.000000,0.773171,372,25299,40,0.018519,1.000000,0,0,0,0,0.000000,0.000000,0.000000,0.000000,,True
baseline_port_closure_comparison,primary_port_closure,56,1098,heuristic,DISRUPTED,143089.000000,26440.000000,80.000000,0.000000,1312.000000,80097.000000,1680.000000,33480.000000,0.000000,0.773171,372,26699,360,0.166667,3.111111,1,0,0,24,0.000000,0.000000,0.000000,0.006437,,True
baseline_port_closure_comparison,primary_port_closure,56,1098,llm_agent,UNDISRUPTED,136949.000000,26200.000000,0.000000,0.000000,1312.000000,75897.000000,60.000000,33480.000000,0.000000,0.773171,372,25299,40,0.018519,1.000000,0,0,0,0,0.000000,0.000000,0.000000,0.000000,,True
baseline_port_closure_comparison,primary_port_closure,56,1098,llm_agent,DISRUPTED,139089.000000,33200.000000,320.000000,2800.000000,1312.000000,67257.000000,720.000000,33480.000000,0.000000,0.773171,372,22419,120,0.055556,4.000000,4,7,280,11,0.000000,0.000000,0.000000,2559.805455,,True
baseline_port_closure_comparison,primary_port_closure,57,1099,heuristic,UNDISRUPTED,129482.000000,26080.000000,0.000000,0.000000,1312.000000,71400.000000,0.000000,30690.000000,0.000000,0.786475,341,23800,0,0.000000,0.000000,0,0,0,0,0.000000,0.000000,0.000000,0.000000,,True
baseline_port_closure_comparison,primary_port_closure,57,1099,heuristic,DISRUPTED,132582.000000,26560.000000,160.000000,0.000000,1312.000000,73200.000000,660.000000,30690.000000,0.000000,0.786475,341,24400,160,0.074074,2.750000,2,0,0,12,0.000000,0.000000,0.000000,0.008191,,True
baseline_port_closure_comparison,primary_port_closure,57,1099,llm_agent,UNDISRUPTED,129482.000000,26080.000000,0.000000,0.000000,1312.000000,71400.000000,0.000000,30690.000000,0.000000,0.786475,341,23800,0,0.000000,0.000000,0,0,0,0,0.000000,0.000000,0.000000,0.000000,,True
baseline_port_closure_comparison,primary_port_closure,57,1099,llm_agent,DISRUPTED,130782.000000,30080.000000,320.000000,1600.000000,1312.000000,66480.000000,300.000000,30690.000000,0.000000,0.786475,341,22160,80,0.037037,2.500000,4,4,160,8,0.000000,0.000000,0.000000,2592.611640,,True
baseline_port_closure_comparison,primary_port_closure,58,1100,heuristic,UNDISRUPTED,150362.000000,26080.000000,0.000000,0.000000,1420.000000,85872.000000,0.000000,36990.000000,0.000000,0.739048,411,28624,0,0.000000,0.000000,0,0,0,0,0.000000,0.000000,0.000000,0.000000,,True
baseline_port_closure_comparison,primary_port_closure,58,1100,heuristic,DISRUPTED,158102.000000,26080.000000,0.000000,0.000000,1420.000000,91392.000000,2220.000000,36990.000000,0.000000,0.739048,411,30464,400,0.185185,3.700000,0,0,0,32,0.000000,0.000000,0.000000,0.008134,,True
baseline_port_closure_comparison,primary_port_closure,58,1100,llm_agent,UNDISRUPTED,150362.000000,26080.000000,0.000000,0.000000,1420.000000,85872.000000,0.000000,36990.000000,0.000000,0.739048,411,28624,0,0.000000,0.000000,0,0,0,0,0.000000,0.000000,0.000000,0.000000,,True
baseline_port_closure_comparison,primary_port_closure,58,1100,llm_agent,DISRUPTED,152702.000000,34080.000000,320.000000,3200.000000,1420.000000,75912.000000,780.000000,36990.000000,0.000000,0.739048,411,25304,80,0.037037,6.500000,4,8,320,12,0.000000,0.000000,0.000000,2725.721264,,True
baseline_port_closure_comparison,primary_port_closure,59,1101,heuristic,UNDISRUPTED,131117.000000,26080.000000,0.000000,0.000000,1312.000000,71595.000000,0.000000,32130.000000,0.000000,0.781384,357,23865,0,0.000000,0.000000,0,0,0,0,0.000000,0.000000,0.000000,0.000000,,True
baseline_port_closure_comparison,primary_port_closure,59,1101,heuristic,DISRUPTED,138737.000000,26080.000000,0.000000,0.000000,1312.000000,76995.000000,2220.000000,32130.000000,0.000000,0.781384,357,25665,400,0.185185,3.700000,0,0,0,32,0.000000,0.000000,0.000000,0.007172,,True
baseline_port_closure_comparison,primary_port_closure,59,1101,llm_agent,UNDISRUPTED,131117.000000,26080.000000,0.000000,0.000000,1312.000000,71595.000000,0.000000,32130.000000,0.000000,0.781384,357,23865,0,0.000000,0.000000,0,0,0,0,0.000000,0.000000,0.000000,0.000000,,True
baseline_port_closure_comparison,primary_port_closure,59,1101,llm_agent,DISRUPTED,133470.300000,34080.000000,320.000000,3200.000000,1316.300000,61644.000000,780.000000,32130.000000,0.088794,0.781384,357,20548,80,0.037037,6.500000,4,8,320,12,0.000000,0.000000,0.000000,2322.577427,1,True
baseline_port_closure_comparison,primary_port_closure,60,1102,heuristic,UNDISRUPTED,130245.000000,26080.000000,0.000000,0.000000,1316.000000,72159.000000,0.000000,30690.000000,0.000000,0.789506,341,24053,0,0.000000,0.000000,0,0,0,0,0.000000,0.000000,0.000000,0.000000,,True
baseline_port_closure_comparison,primary_port_closure,60,1102,heuristic,DISRUPTED,133945.000000,26560.000000,160.000000,0.000000,1316.000000,74439.000000,780.000000,30690.000000,0.000000,0.789506,341,24813,160,0.074074,3.250000,2,0,0,13,0.000000,0.000000,0.000000,0.008820,,True
baseline_port_closure_comparison,primary_port_closure,60,1102,llm_agent,UNDISRUPTED,130245.000000,26080.000000,0.000000,0.000000,1316.000000,72159.000000,0.000000,30690.000000,0.000000,0.789506,341,24053,0,0.000000,0.000000,0,0,0,0,0.000000,0.000000,0.000000,0.000000,,True
baseline_port_closure_comparison,primary_port_closure,60,1102,llm_agent,DISRUPTED,131745.000000,31080.000000,320.000000,2000.000000,1316.000000,65919.000000,420.000000,30690.000000,0.000000,0.789506,341,21973,80,0.037037,3.500000,4,5,200,9,0.000000,0.000000,0.000000,3043.685625,,True
baseline_port_closure_comparison,primary_port_closure,61,1103,heuristic,UNDISRUPTED,133069.000000,26080.000000,0.000000,0.000000,1428.000000,72891.000000,0.000000,32670.000000,0.000000,0.769670,363,24297,0,0.000000,0.000000,0,0,0,0,0.000000,0.000000,0.000000,0.000000,,True
baseline_port_closure_comparison,primary_port_closure,61,1103,heuristic,DISRUPTED,137329.000000,26080.000000,0.000000,0.000000,1428.000000,76011.000000,1140.000000,32670.000000,0.000000,0.769670,363,25337,280,0.129630,2.714286,0,0,0,21,0.000000,0.000000,0.000000,0.008131,,True
baseline_port_closure_comparison,primary_port_closure,61,1103,llm_agent,UNDISRUPTED,133069.000000,26080.000000,0.000000,0.000000,1428.000000,72891.000000,0.000000,32670.000000,0.000000,0.769670,363,24297,0,0.000000,0.000000,0,0,0,0,0.000000,0.000000,0.000000,0.000000,,True
baseline_port_closure_comparison,primary_port_closure,61,1103,llm_agent,DISRUPTED,134729.000000,32080.000000,160.000000,2400.000000,1428.000000,65451.000000,540.000000,32670.000000,0.000000,0.769670,363,21817,80,0.037037,4.500000,2,6,240,10,0.000000,0.000000,0.000000,2696.651783,,True
baseline_port_closure_comparison,primary_port_closure,62,1104,heuristic,UNDISRUPTED,139766.000000,26080.000000,0.000000,0.000000,1312.000000,78984.000000,0.000000,33390.000000,0.000000,0.767106,371,26328,0,0.000000,0.000000,0,0,0,0,0.000000,0.000000,0.000000,0.000000,,True
baseline_port_closure_comparison,primary_port_closure,62,1104,heuristic,DISRUPTED,147506.000000,26080.000000,0.000000,0.000000,1312.000000,84504.000000,2220.000000,33390.000000,0.000000,0.767106,371,28168,400,0.185185,3.700000,0,0,0,32,0.000000,0.000000,0.000000,0.004742,,True
baseline_port_closure_comparison,primary_port_closure,62,1104,llm_agent,UNDISRUPTED,139766.000000,26080.000000,0.000000,0.000000,1312.000000,78984.000000,0.000000,33390.000000,0.000000,0.767106,371,26328,0,0.000000,0.000000,0,0,0,0,0.000000,0.000000,0.000000,0.000000,,True
baseline_port_closure_comparison,primary_port_closure,62,1104,llm_agent,DISRUPTED,142106.000000,34080.000000,320.000000,3200.000000,1312.000000,69024.000000,780.000000,33390.000000,0.005650,0.767106,371,23008,80,0.037037,6.500000,4,8,320,12,0.000000,0.000000,0.000000,2954.378674,,True
baseline_port_closure_comparison,primary_port_closure,63,1105,heuristic,UNDISRUPTED,147767.000000,26080.000000,0.000000,0.000000,1312.000000,83835.000000,0.000000,36540.000000,0.000000,0.750308,406,27945,0,0.000000,0.000000,0,0,0,0,0.000000,0.000000,0.000000,0.000000,,True
baseline_port_closure_comparison,primary_port_closure,63,1105,heuristic,DISRUPTED,153667.000000,26320.000000,80.000000,0.000000,1312.000000,87915.000000,1500.000000,36540.000000,0.000000,0.750308,406,29305,320,0.148148,3.125000,1,0,0,24,0.000000,0.000000,0.000000,0.007205,,True
baseline_port_closure_comparison,primary_port_closure,63,1105,llm_agent,UNDISRUPTED,147767.000000,26080.000000,0.000000,0.000000,1312.000000,83835.000000,0.000000,36540.000000,0.000000,0.750308,406,27945,0,0.000000,0.000000,0,0,0,0,0.000000,0.000000,0.000000,0.000000,,True
baseline_port_closure_comparison,primary_port_closure,63,1105,llm_agent,DISRUPTED,149747.000000,33080.000000,160.000000,2800.000000,1312.000000,75195.000000,660.000000,36540.000000,0.000000,0.750308,406,25065,80,0.037037,5.500000,2,7,280,11,0.000000,0.000000,0.000000,3169.341947,,True
baseline_port_closure_comparison,primary_port_closure,64,1106,heuristic,UNDISRUPTED,141210.000000,26080.000000,0.000000,0.000000,1316.000000,78354.000000,0.000000,35460.000000,0.000000,0.760777,394,26118,0,0.000000,0.000000,0,0,0,0,0.000000,0.000000,0.000000,0.000000,,True
baseline_port_closure_comparison,primary_port_closure,64,1106,heuristic,DISRUPTED,142950.000000,26080.000000,0.000000,0.000000,1316.000000,79674.000000,420.000000,35460.000000,0.000000,0.760777,394,26558,160,0.074074,1.750000,0,0,0,11,0.000000,0.000000,0.000000,0.007845,,True
baseline_port_closure_comparison,primary_port_closure,64,1106,llm_agent,UNDISRUPTED,141210.000000,26080.000000,0.000000,0.000000,1316.000000,78354.000000,0.000000,35460.000000,0.000000,0.760777,394,26118,0,0.000000,0.000000,0,0,0,0,0.000000,0.000000,0.000000,0.000000,,True
baseline_port_closure_comparison,primary_port_closure,64,1106,llm_agent,DISRUPTED,142390.000000,30080.000000,320.000000,1600.000000,1316.000000,73314.000000,300.000000,35460.000000,0.000000,0.760777,394,24438,80,0.037037,2.500000,4,4,160,8,0.000000,0.000000,0.000000,2891.283828,,True
baseline_port_closure_comparison,primary_port_closure,65,1107,heuristic,UNDISRUPTED,149586.000000,26080.000000,0.000000,0.000000,1424.000000,83652.000000,0.000000,38430.000000,0.000000,0.736745,427,27884,0,0.000000,0.000000,0,0,0,0,0.000000,0.000000,0.000000,0.000000,,True
baseline_port_closure_comparison,primary_port_closure,65,1107,heuristic,DISRUPTED,153286.000000,26560.000000,160.000000,0.000000,1424.000000,85932.000000,780.000000,38430.000000,0.000000,0.736745,427,28644,160,0.074074,3.250000,2,0,0,13,0.000000,0.000000,0.000000,0.008368,,True
baseline_port_closure_comparison,primary_port_closure,65,1107,llm_agent,UNDISRUPTED,149586.000000,26080.000000,0.000000,0.000000,1424.000000,83652.000000,0.000000,38430.000000,0.000000,0.736745,427,27884,0,0.000000,0.000000,0,0,0,0,0.000000,0.000000,0.000000,0.000000,,True
baseline_port_closure_comparison,primary_port_closure,65,1107,llm_agent,DISRUPTED,151126.000000,31080.000000,240.000000,2000.000000,1424.000000,77532.000000,420.000000,38430.000000,0.000000,0.736745,427,25844,80,0.037037,3.500000,3,5,200,9,0.000000,0.000000,0.000000,3049.360162,,True
baseline_port_closure_comparison,primary_port_closure,66,1108,heuristic,UNDISRUPTED,120771.000000,26400.000000,0.000000,0.000000,1308.000000,65883.000000,0.000000,27180.000000,0.000000,0.808010,302,21961,0,0.000000,0.000000,0,0,0,0,0.000000,0.000000,0.000000,0.000000,,True
baseline_port_closure_comparison,primary_port_closure,66,1108,heuristic,DISRUPTED,129451.000000,26880.000000,160.000000,0.000000,1308.000000,71523.000000,2400.000000,27180.000000,0.000000,0.808010,302,23841,400,0.185185,4.000000,2,0,0,32,0.000000,0.000000,0.000000,0.007923,,True
baseline_port_closure_comparison,primary_port_closure,66,1108,llm_agent,UNDISRUPTED,120771.000000,26400.000000,0.000000,0.000000,1308.000000,65883.000000,0.000000,27180.000000,0.000000,0.808010,302,21961,0,0.000000,0.000000,0,0,0,0,0.000000,0.000000,0.000000,0.000000,,True
baseline_port_closure_comparison,primary_port_closure,66,1108,llm_agent,DISRUPTED,123368.600000,35400.000000,320.000000,3600.000000,1317.600000,54651.000000,900.000000,27180.000000,0.077559,0.808010,302,18217,80,0.037037,7.500000,4,9,360,13,0.000000,0.000000,0.000000,2860.416394,1,True
baseline_port_closure_comparison,primary_port_closure,67,1109,heuristic,UNDISRUPTED,158014.000000,26080.000000,0.000000,0.000000,1428.000000,89406.000000,60.000000,41040.000000,0.000000,0.719730,456,29802,40,0.018519,1.000000,0,0,0,1,0.000000,0.000000,0.000000,0.020083,,True
baseline_port_closure_comparison,primary_port_closure,67,1109,heuristic,DISRUPTED,169434.000000,26320.000000,80.000000,0.000000,1428.000000,97326.000000,3240.000000,41040.000000,0.000000,0.719730,456,32442,520,0.240741,4.153846,1,0,0,42,0.000000,0.000000,0.000000,0.006906,,True
baseline_port_closure_comparison,primary_port_closure,67,1109,llm_agent,UNDISRUPTED,158094.000000,26080.000000,80.000000,0.000000,1428.000000,89406.000000,60.000000,41040.000000,0.000000,0.719730,456,29802,40,0.018519,1.000000,1,0,0,1,0.000000,0.000000,0.000000,3688.778250,,True
baseline_port_closure_comparison,primary_port_closure,67,1109,llm_agent,DISRUPTED,161243.900000,36080.000000,240.000000,4000.000000,1430.900000,77373.000000,1080.000000,41040.000000,0.062692,0.719730,456,25791,120,0.055556,6.000000,3,10,400,15,0.000000,0.066667,0.066667,2478.129619,1,True
baseline_port_closure_comparison,primary_port_closure,68,1110,heuristic,UNDISRUPTED,145769.000000,26080.000000,0.000000,0.000000,1312.000000,82287.000000,0.000000,36090.000000,0.000000,0.750156,401,27429,0,0.000000,0.000000,0,0,0,0,0.000000,0.000000,0.000000,0.000000,,True
baseline_port_closure_comparison,primary_port_closure,68,1110,heuristic,DISRUPTED,154329.000000,26560.000000,160.000000,0.000000,1312.000000,87927.000000,2280.000000,36090.000000,0.000000,0.750156,401,29309,400,0.185185,3.800000,2,0,0,32,0.000000,0.000000,0.000000,0.007872,,True
baseline_port_closure_comparison,primary_port_closure,68,1110,llm_agent,UNDISRUPTED,145769.000000,26080.000000,0.000000,0.000000,1312.000000,82287.000000,0.000000,36090.000000,0.000000,0.750156,401,27429,0,0.000000,0.000000,0,0,0,0,0.000000,0.000000,0.000000,0.000000,,True
baseline_port_closure_comparison,primary_port_closure,68,1110,llm_agent,DISRUPTED,148229.000000,35080.000000,240.000000,3600.000000,1312.000000,71007.000000,900.000000,36090.000000,0.034268,0.750156,401,23669,80,0.037037,7.500000,3,9,360,13,0.000000,0.000000,0.000000,3082.911103,,True
baseline_port_closure_comparison,primary_port_closure,69,1111,heuristic,UNDISRUPTED,129007.000000,26080.000000,0.000000,0.000000,1308.000000,71649.000000,0.000000,29970.000000,0.000000,0.789773,333,23883,0,0.000000,0.000000,0,0,0,0,0.000000,0.000000,0.000000,0.000000,,True
baseline_port_closure_comparison,primary_port_closure,69,1111,heuristic,DISRUPTED,132007.000000,26080.000000,0.000000,0.000000,1308.000000,73929.000000,720.000000,29970.000000,0.000000,0.789773,333,24643,200,0.092593,2.400000,0,0,0,15,0.000000,0.000000,0.000000,0.008622,,True
baseline_port_closure_comparison,primary_port_closure,69,1111,llm_agent,UNDISRUPTED,129007.000000,26080.000000,0.000000,0.000000,1308.000000,71649.000000,0.000000,29970.000000,0.000000,0.789773,333,23883,0,0.000000,0.000000,0,0,0,0,0.000000,0.000000,0.000000,0.000000,,True
baseline_port_closure_comparison,primary_port_closure,69,1111,llm_agent,DISRUPTED,130627.000000,31080.000000,320.000000,2000.000000,1308.000000,65529.000000,420.000000,29970.000000,0.000000,0.789773,333,21843,80,0.037037,3.500000,4,5,200,9,0.000000,0.000000,0.000000,2814.251768,,True
baseline_port_closure_comparison,primary_port_closure,70,1112,heuristic,UNDISRUPTED,115714.000000,26080.000000,0.000000,0.000000,1308.000000,62226.000000,0.000000,26100.000000,0.000000,0.815051,290,20742,0,0.000000,0.000000,0,0,0,0,0.000000,0.000000,0.000000,0.000000,,True
baseline_port_closure_comparison,primary_port_closure,70,1112,heuristic,DISRUPTED,118254.000000,26320.000000,80.000000,0.000000,1308.000000,63906.000000,540.000000,26100.000000,0.000000,0.815051,290,21302,120,0.055556,3.000000,1,0,0,10,0.000000,0.000000,0.000000,0.010267,,True
baseline_port_closure_comparison,primary_port_closure,70,1112,llm_agent,UNDISRUPTED,115714.000000,26080.000000,0.000000,0.000000,1308.000000,62226.000000,0.000000,26100.000000,0.000000,0.815051,290,20742,0,0.000000,0.000000,0,0,0,0,0.000000,0.000000,0.000000,0.000000,,True
baseline_port_closure_comparison,primary_port_closure,70,1112,llm_agent,DISRUPTED,117134.000000,30080.000000,320.000000,1600.000000,1308.000000,57426.000000,300.000000,26100.000000,0.000000,0.815051,290,19142,80,0.037037,2.500000,4,4,160,8,0.000000,0.000000,0.000000,2628.705604,,True
baseline_port_closure_comparison,primary_port_closure,71,1113,heuristic,UNDISRUPTED,127933.000000,26080.000000,0.000000,0.000000,1308.000000,71115.000000,0.000000,29430.000000,0.000000,0.793691,327,23705,0,0.000000,0.000000,0,0,0,0,0.000000,0.000000,0.000000,0.000000,,True
baseline_port_closure_comparison,primary_port_closure,71,1113,heuristic,DISRUPTED,135333.000000,26320.000000,80.000000,0.000000,1308.000000,76275.000000,1920.000000,29430.000000,0.000000,0.793691,327,25425,360,0.166667,3.555556,1,0,0,29,0.000000,0.000000,0.000000,0.006030,,True
baseline_port_closure_comparison,primary_port_closure,71,1113,llm_agent,UNDISRUPTED,127933.000000,26080.000000,0.000000,0.000000,1308.000000,71115.000000,0.000000,29430.000000,0.000000,0.793691,327,23705,0,0.000000,0.000000,0,0,0,0,0.000000,0.000000,0.000000,0.000000,,True
baseline_port_closure_comparison,primary_port_closure,71,1113,llm_agent,DISRUPTED,130513.000000,34080.000000,320.000000,3200.000000,1308.000000,61395.000000,780.000000,29430.000000,0.003785,0.793691,327,20465,80,0.037037,6.500000,4,8,320,12,0.000000,0.000000,0.000000,2441.466618,,True
baseline_port_closure_comparison,primary_port_closure,72,1114,heuristic,UNDISRUPTED,138315.000000,26080.000000,0.000000,0.000000,1436.000000,76059.000000,0.000000,34740.000000,0.000000,0.760099,386,25353,0,0.000000,0.000000,0,0,0,0,0.000000,0.000000,0.000000,0.000000,,True
baseline_port_closure_comparison,primary_port_closure,72,1114,heuristic,DISRUPTED,145375.000000,26560.000000,160.000000,0.000000,1436.000000,80739.000000,1740.000000,34740.000000,0.000000,0.760099,386,26913,360,0.166667,3.222222,2,0,0,27,0.000000,0.000000,0.000000,0.005435,,True
baseline_port_closure_comparison,primary_port_closure,72,1114,llm_agent,UNDISRUPTED,138315.000000,26080.000000,0.000000,0.000000,1436.000000,76059.000000,0.000000,34740.000000,0.000000,0.760099,386,25353,0,0.000000,0.000000,0,0,0,0,0.000000,0.000000,0.000000,0.000000,,True
baseline_port_closure_comparison,primary_port_closure,72,1114,llm_agent,DISRUPTED,141995.000000,33320.000000,480.000000,2800.000000,1436.000000,68259.000000,960.000000,34740.000000,0.000000,0.760099,386,22753,120,0.055556,5.333333,6,7,280,14,0.000000,0.000000,0.000000,2790.530104,,True
baseline_port_closure_comparison,primary_port_closure,73,1115,heuristic,UNDISRUPTED,131413.000000,26080.000000,0.000000,0.000000,1308.000000,73065.000000,0.000000,30960.000000,0.000000,0.783648,344,24355,0,0.000000,0.000000,0,0,0,0,0.000000,0.000000,0.000000,0.000000,,True
baseline_port_closure_comparison,primary_port_closure,73,1115,heuristic,DISRUPTED,134393.000000,26560.000000,160.000000,0.000000,1308.000000,74745.000000,660.000000,30960.000000,0.000000,0.783648,344,24915,160,0.074074,2.750000,2,0,0,12,0.000000,0.000000,0.000000,0.009625,,True
baseline_port_closure_comparison,primary_port_closure,73,1115,llm_agent,UNDISRUPTED,131413.000000,26080.000000,0.000000,0.000000,1308.000000,73065.000000,0.000000,30960.000000,0.000000,0.783648,344,24355,0,0.000000,0.000000,0,0,0,0,0.000000,0.000000,0.000000,0.000000,,True
baseline_port_closure_comparison,primary_port_closure,73,1115,llm_agent,DISRUPTED,132513.000000,30080.000000,240.000000,1600.000000,1308.000000,68025.000000,300.000000,30960.000000,0.000000,0.783648,344,22675,80,0.037037,2.500000,3,4,160,8,0.000000,0.000000,0.000000,3064.315172,,True
baseline_port_closure_comparison,primary_port_closure,74,1116,heuristic,UNDISRUPTED,126787.000000,26080.000000,0.000000,0.000000,1308.000000,70869.000000,0.000000,28530.000000,0.000000,0.794022,317,23623,0,0.000000,0.000000,0,0,0,0,0.000000,0.000000,0.000000,0.000000,,True
baseline_port_closure_comparison,primary_port_closure,74,1116,heuristic,DISRUPTED,131807.000000,26560.000000,160.000000,0.000000,1308.000000,74109.000000,1140.000000,28530.000000,0.000000,0.794022,317,24703,280,0.129630,2.714286,2,0,0,19,0.000000,0.000000,0.000000,0.008123,,True
baseline_port_closure_comparison,primary_port_closure,74,1116,llm_agent,UNDISRUPTED,126787.000000,26080.000000,0.000000,0.000000,1308.000000,70869.000000,0.000000,28530.000000,0.000000,0.794022,317,23623,0,0.000000,0.000000,0,0,0,0,0.000000,0.000000,0.000000,0.000000,,True
baseline_port_closure_comparison,primary_port_closure,74,1116,llm_agent,DISRUPTED,128727.000000,32080.000000,320.000000,2400.000000,1308.000000,63549.000000,540.000000,28530.000000,0.000000,0.794022,317,21183,80,0.037037,4.500000,4,6,240,10,0.000000,0.000000,0.000000,3440.682500,,True
baseline_port_closure_comparison,primary_port_closure,75,1117,heuristic,UNDISRUPTED,142461.000000,26080.000000,0.000000,0.000000,1424.000000,79227.000000,180.000000,35550.000000,0.000000,0.748887,395,26409,120,0.055556,1.000000,0,0,0,2,0.000000,0.000000,0.000000,0.013021,,True
baseline_port_closure_comparison,primary_port_closure,75,1117,heuristic,DISRUPTED,145621.000000,26560.000000,160.000000,0.000000,1424.000000,81027.000000,900.000000,35550.000000,0.000000,0.748887,395,27009,280,0.129630,2.142857,2,0,0,14,0.000000,0.000000,0.000000,0.007381,,True
baseline_port_closure_comparison,primary_port_closure,75,1117,llm_agent,UNDISRUPTED,142461.000000,26080.000000,0.000000,0.000000,1424.000000,79227.000000,180.000000,35550.000000,0.000000,0.748887,395,26409,120,0.055556,1.000000,0,0,0,2,0.000000,0.000000,0.000000,2162.873229,,True
baseline_port_closure_comparison,primary_port_closure,75,1117,llm_agent,DISRUPTED,143801.000000,30080.000000,480.000000,1600.000000,1424.000000,74187.000000,480.000000,35550.000000,0.000000,0.748887,395,24729,200,0.092593,1.600000,6,4,160,10,0.000000,0.000000,0.000000,2911.896196,,True
baseline_port_closure_comparison,primary_port_closure,76,1118,heuristic,UNDISRUPTED,156203.000000,26080.000000,0.000000,0.000000,1312.000000,89211.000000,0.000000,39600.000000,0.000000,0.734139,440,29737,0,0.000000,0.000000,0,0,0,0,0.000000,0.000000,0.000000,0.000000,,True
baseline_port_closure_comparison,primary_port_closure,76,1118,heuristic,DISRUPTED,159203.000000,26080.000000,0.000000,0.000000,1312.000000,91491.000000,720.000000,39600.000000,0.000000,0.734139,440,30497,200,0.092593,2.400000,0,0,0,15,0.000000,0.000000,0.000000,0.008292,,True
baseline_port_closure_comparison,primary_port_closure,76,1118,llm_agent,UNDISRUPTED,156203.000000,26080.000000,0.000000,0.000000,1312.000000,89211.000000,0.000000,39600.000000,0.000000,0.734139,440,29737,0,0.000000,0.000000,0,0,0,0,0.000000,0.000000,0.000000,0.000000,,True
baseline_port_closure_comparison,primary_port_closure,76,1118,llm_agent,DISRUPTED,157823.000000,31080.000000,320.000000,2000.000000,1312.000000,83091.000000,420.000000,39600.000000,0.000000,0.734139,440,27697,80,0.037037,3.500000,4,5,200,9,0.000000,0.000000,0.000000,2847.354958,,True
baseline_port_closure_comparison,primary_port_closure,77,1119,heuristic,UNDISRUPTED,134162.000000,26080.000000,0.000000,0.000000,1312.000000,74670.000000,60.000000,32040.000000,0.000000,0.779156,356,24890,40,0.018519,1.000000,0,0,0,1,0.000000,0.000000,0.000000,0.020875,,True
baseline_port_closure_comparison,primary_port_closure,77,1119,heuristic,DISRUPTED,139062.000000,26560.000000,160.000000,0.000000,1312.000000,77790.000000,1200.000000,32040.000000,0.000000,0.779156,356,25930,320,0.148148,2.500000,2,0,0,20,0.000000,0.000000,0.000000,0.007419,,True
baseline_port_closure_comparison,primary_port_closure,77,1119,llm_agent,UNDISRUPTED,134242.000000,26080.000000,80.000000,0.000000,1312.000000,74670.000000,60.000000,32040.000000,0.000000,0.779156,356,24890,40,0.018519,1.000000,1,0,0,1,0.000000,0.000000,0.000000,2028.368041,,True
baseline_port_closure_comparison,primary_port_closure,77,1119,llm_agent,DISRUPTED,135982.000000,32080.000000,320.000000,2400.000000,1312.000000,67230.000000,600.000000,32040.000000,0.000000,0.779156,356,22410,120,0.055556,3.333333,4,6,240,11,0.000000,0.000000,0.000000,2754.351458,,True
baseline_port_closure_comparison,primary_port_closure,78,1120,heuristic,UNDISRUPTED,134922.000000,26080.000000,0.000000,0.000000,1316.000000,75396.000000,0.000000,32130.000000,0.000000,0.777293,357,25132,0,0.000000,0.000000,0,0,0,0,0.000000,0.000000,0.000000,0.000000,,True
baseline_port_closure_comparison,primary_port_closure,78,1120,heuristic,DISRUPTED,140862.000000,26080.000000,0.000000,0.000000,1316.000000,79716.000000,1620.000000,32130.000000,0.000000,0.777293,357,26572,320,0.148148,3.375000,0,0,0,26,0.000000,0.000000,0.000000,0.007782,,True
baseline_port_closure_comparison,primary_port_closure,78,1120,llm_agent,UNDISRUPTED,134922.000000,26080.000000,0.000000,0.000000,1316.000000,75396.000000,0.000000,32130.000000,0.000000,0.777293,357,25132,0,0.000000,0.000000,0,0,0,0,0.000000,0.000000,0.000000,0.000000,,True
baseline_port_closure_comparison,primary_port_closure,78,1120,llm_agent,DISRUPTED,137062.000000,33080.000000,320.000000,2800.000000,1316.000000,66756.000000,660.000000,32130.000000,0.000000,0.777293,357,22252,80,0.037037,5.500000,4,7,280,11,0.000000,0.000000,0.000000,2905.491470,,True
baseline_port_closure_comparison,primary_port_closure,79,1121,heuristic,UNDISRUPTED,126335.000000,26080.000000,0.000000,0.000000,1300.000000,69885.000000,0.000000,29070.000000,0.000000,0.794136,323,23295,0,0.000000,0.000000,0,0,0,0,0.000000,0.000000,0.000000,0.000000,,True
baseline_port_closure_comparison,primary_port_closure,79,1121,heuristic,DISRUPTED,138975.000000,26560.000000,160.000000,0.000000,1300.000000,78405.000000,3480.000000,29070.000000,0.000000,0.794136,323,26135,520,0.240741,4.461538,2,0,0,44,0.000000,0.000000,0.000000,0.007635,,True
baseline_port_closure_comparison,primary_port_closure,79,1121,llm_agent,UNDISRUPTED,126335.000000,26080.000000,0.000000,0.000000,1300.000000,69885.000000,0.000000,29070.000000,0.000000,0.794136,323,23295,0,0.000000,0.000000,0,0,0,0,0.000000,0.000000,0.000000,0.000000,,True
baseline_port_closure_comparison,primary_port_closure,79,1121,llm_agent,DISRUPTED,129985.300000,37080.000000,320.000000,4400.000000,1311.300000,56664.000000,1140.000000,29070.000000,0.105800,0.794136,323,18888,80,0.037037,9.500000,4,11,440,15,0.000000,0.000000,0.000000,2507.573242,0,True
baseline_port_closure_comparison,primary_port_closure,80,1122,heuristic,UNDISRUPTED,158923.000000,26080.000000,0.000000,0.000000,1308.000000,91215.000000,0.000000,40320.000000,0.000000,0.732537,448,30405,0,0.000000,0.000000,0,0,0,0,0.000000,0.000000,0.000000,0.000000,,True
baseline_port_closure_comparison,primary_port_closure,80,1122,heuristic,DISRUPTED,163823.000000,26560.000000,160.000000,0.000000,1308.000000,94335.000000,1140.000000,40320.000000,0.000000,0.732537,448,31445,280,0.129630,2.714286,2,0,0,19,0.000000,0.000000,0.000000,0.008436,,True
baseline_port_closure_comparison,primary_port_closure,80,1122,llm_agent,UNDISRUPTED,158923.000000,26080.000000,0.000000,0.000000,1308.000000,91215.000000,0.000000,40320.000000,0.000000,0.732537,448,30405,0,0.000000,0.000000,0,0,0,0,0.000000,0.000000,0.000000,0.000000,,True
baseline_port_closure_comparison,primary_port_closure,80,1122,llm_agent,DISRUPTED,160743.000000,32080.000000,320.000000,2400.000000,1308.000000,83775.000000,540.000000,40320.000000,0.000000,0.732537,448,27925,80,0.037037,4.500000,4,6,240,10,0.000000,0.000000,0.000000,2536.642717,,True
baseline_port_closure_comparison,primary_port_closure,81,1123,heuristic,UNDISRUPTED,126739.000000,26080.000000,0.000000,0.000000,1308.000000,69921.000000,0.000000,29430.000000,0.000000,0.792513,327,23307,0,0.000000,0.000000,0,0,0,0,0.000000,0.000000,0.000000,0.000000,,True
baseline_port_closure_comparison,primary_port_closure,81,1123,heuristic,DISRUPTED,133899.000000,26320.000000,80.000000,0.000000,1308.000000,74841.000000,1920.000000,29430.000000,0.000000,0.792513,327,24947,360,0.166667,3.555556,1,0,0,29,0.000000,0.000000,0.000000,0.008891,,True
baseline_port_closure_comparison,primary_port_closure,81,1123,llm_agent,UNDISRUPTED,126739.000000,26080.000000,0.000000,0.000000,1308.000000,69921.000000,0.000000,29430.000000,0.000000,0.792513,327,23307,0,0.000000,0.000000,0,0,0,0,0.000000,0.000000,0.000000,0.000000,,True
baseline_port_closure_comparison,primary_port_closure,81,1123,llm_agent,DISRUPTED,129079.000000,34080.000000,320.000000,3200.000000,1308.000000,59961.000000,780.000000,29430.000000,0.052030,0.792513,327,19987,80,0.037037,6.500000,4,8,320,12,0.000000,0.000000,0.000000,2666.296000,,True
baseline_port_closure_comparison,primary_port_closure,82,1124,heuristic,UNDISRUPTED,137772.000000,26080.000000,0.000000,0.000000,1316.000000,78066.000000,0.000000,32310.000000,0.000000,0.774497,359,26022,0,0.000000,0.000000,0,0,0,0,0.000000,0.000000,0.000000,0.000000,,True
baseline_port_closure_comparison,primary_port_closure,82,1124,heuristic,DISRUPTED,141092.000000,26320.000000,80.000000,0.000000,1316.000000,80346.000000,720.000000,32310.000000,0.000000,0.774497,359,26782,200,0.092593,2.400000,1,0,0,14,0.000000,0.000000,0.000000,0.007312,,True
baseline_port_closure_comparison,primary_port_closure,82,1124,llm_agent,UNDISRUPTED,137772.000000,26080.000000,0.000000,0.000000,1316.000000,78066.000000,0.000000,32310.000000,0.000000,0.774497,359,26022,0,0.000000,0.000000,0,0,0,0,0.000000,0.000000,0.000000,0.000000,,True
baseline_port_closure_comparison,primary_port_closure,82,1124,llm_agent,DISRUPTED,139312.000000,31080.000000,240.000000,2000.000000,1316.000000,71946.000000,420.000000,32310.000000,0.000000,0.774497,359,23982,80,0.037037,3.500000,3,5,200,9,0.000000,0.000000,0.000000,2359.365467,,True
baseline_port_closure_comparison,primary_port_closure,83,1125,heuristic,UNDISRUPTED,146822.000000,26080.000000,0.000000,0.000000,1312.000000,83250.000000,0.000000,36180.000000,0.000000,0.753223,402,27750,0,0.000000,0.000000,0,0,0,0,0.000000,0.000000,0.000000,0.000000,,True
baseline_port_closure_comparison,primary_port_closure,83,1125,heuristic,DISRUPTED,162402.000000,26560.000000,160.000000,0.000000,1312.000000,93810.000000,4380.000000,36180.000000,0.000000,0.753223,402,31270,600,0.277778,4.866667,2,0,0,51,0.000000,0.000000,0.000000,0.006856,,True
baseline_port_closure_comparison,primary_port_closure,83,1125,llm_agent,UNDISRUPTED,146822.000000,26080.000000,0.000000,0.000000,1312.000000,83250.000000,0.000000,36180.000000,0.000000,0.753223,402,27750,0,0.000000,0.000000,0,0,0,0,0.000000,0.000000,0.000000,0.000000,,True
baseline_port_closure_comparison,primary_port_closure,83,1125,llm_agent,DISRUPTED,152422.000000,37080.000000,400.000000,4400.000000,1312.000000,71250.000000,1800.000000,36180.000000,0.048496,0.753223,402,23750,120,0.055556,10.000000,5,11,440,17,0.000000,0.000000,0.000000,2421.646703,,True
baseline_port_closure_comparison,primary_port_closure,84,1126,heuristic,UNDISRUPTED,143358.000000,26200.000000,0.000000,0.000000,1304.000000,81324.000000,60.000000,34470.000000,0.000000,0.762848,383,27108,40,0.018519,1.000000,0,0,0,0,0.000000,0.000000,0.000000,0.000000,,True
baseline_port_closure_comparison,primary_port_closure,84,1126,heuristic,DISRUPTED,154778.000000,26440.000000,80.000000,0.000000,1304.000000,89244.000000,3240.000000,34470.000000,0.000000,0.762848,383,29748,520,0.240741,4.153846,1,0,0,41,0.000000,0.000000,0.000000,0.007045,,True
baseline_port_closure_comparison,primary_port_closure,84,1126,llm_agent,UNDISRUPTED,143358.000000,26200.000000,0.000000,0.000000,1304.000000,81324.000000,60.000000,34470.000000,0.000000,0.762848,383,27108,40,0.018519,1.000000,0,0,0,0,0.000000,0.000000,0.000000,0.000000,,True
baseline_port_closure_comparison,primary_port_closure,84,1126,llm_agent,DISRUPTED,146686.500000,36200.000000,320.000000,4000.000000,1307.500000,69309.000000,1080.000000,34470.000000,0.053251,0.762848,383,23103,120,0.055556,6.000000,4,10,400,14,0.000000,0.000000,0.000000,2548.328839,1,True
baseline_port_closure_comparison,primary_port_closure,85,1127,heuristic,UNDISRUPTED,136877.000000,26080.000000,0.000000,0.000000,1312.000000,76725.000000,0.000000,32760.000000,0.000000,0.771500,364,25575,0,0.000000,0.000000,0,0,0,0,0.000000,0.000000,0.000000,0.000000,,True
baseline_port_closure_comparison,primary_port_closure,85,1127,heuristic,DISRUPTED,143877.000000,26560.000000,160.000000,0.000000,1312.000000,81285.000000,1800.000000,32760.000000,0.000000,0.771500,364,27095,360,0.166667,3.333333,2,0,0,27,0.000000,0.000000,0.000000,0.007838,,True
baseline_port_closure_comparison,primary_port_closure,85,1127,llm_agent,UNDISRUPTED,136877.000000,26080.000000,0.000000,0.000000,1312.000000,76725.000000,0.000000,32760.000000,0.000000,0.771500,364,25575,0,0.000000,0.000000,0,0,0,0,0.000000,0.000000,0.000000,0.000000,,True
baseline_port_closure_comparison,primary_port_closure,85,1127,llm_agent,DISRUPTED,139057.000000,34080.000000,160.000000,3200.000000,1312.000000,66765.000000,780.000000,32760.000000,0.001255,0.771500,364,22255,80,0.037037,6.500000,2,8,320,12,0.000000,0.083333,0.083333,2677.514198,,True
baseline_port_closure_comparison,primary_port_closure,86,1128,heuristic,UNDISRUPTED,131530.000000,26080.000000,0.000000,0.000000,1308.000000,73362.000000,0.000000,30780.000000,0.000000,0.785311,342,24454,0,0.000000,0.000000,0,0,0,0,0.000000,0.000000,0.000000,0.000000,,True
baseline_port_closure_comparison,primary_port_closure,86,1128,heuristic,DISRUPTED,138650.000000,26560.000000,160.000000,0.000000,1308.000000,77922.000000,1920.000000,30780.000000,0.000000,0.785311,342,25974,360,0.166667,3.555556,2,0,0,27,0.000000,0.000000,0.000000,0.008437,,True
baseline_port_closure_comparison,primary_port_closure,86,1128,llm_agent,UNDISRUPTED,131530.000000,26080.000000,0.000000,0.000000,1308.000000,73362.000000,0.000000,30780.000000,0.000000,0.785311,342,24454,0,0.000000,0.000000,0,0,0,0,0.000000,0.000000,0.000000,0.000000,,True
baseline_port_closure_comparison,primary_port_closure,86,1128,llm_agent,DISRUPTED,133910.000000,34080.000000,240.000000,3200.000000,1308.000000,63402.000000,900.000000,30780.000000,0.042059,0.785311,342,21134,80,0.037037,7.500000,3,8,320,12,0.000000,0.000000,0.000000,2838.746757,,True
baseline_port_closure_comparison,primary_port_closure,87,1129,heuristic,UNDISRUPTED,130111.000000,26080.000000,0.000000,0.000000,1308.000000,72393.000000,0.000000,30330.000000,0.000000,0.790423,337,24131,0,0.000000,0.000000,0,0,0,0,0.000000,0.000000,0.000000,0.000000,,True
baseline_port_closure_comparison,primary_port_closure,87,1129,heuristic,DISRUPTED,133931.000000,26560.000000,160.000000,0.000000,1308.000000,74673.000000,900.000000,30330.000000,0.000000,0.790423,337,24891,160,0.074074,3.750000,2,0,0,14,0.000000,0.000000,0.000000,0.009047,,True
baseline_port_closure_comparison,primary_port_closure,87,1129,llm_agent,UNDISRUPTED,130111.000000,26080.000000,0.000000,0.000000,1308.000000,72393.000000,0.000000,30330.000000,0.000000,0.790423,337,24131,0,0.000000,0.000000,0,0,0,0,0.000000,0.000000,0.000000,0.000000,,True
baseline_port_closure_comparison,primary_port_closure,87,1129,llm_agent,DISRUPTED,131491.000000,31080.000000,320.000000,2000.000000,1308.000000,66033.000000,420.000000,30330.000000,0.000000,0.790423,337,22011,80,0.037037,3.500000,4,5,200,9,0.000000,0.000000,0.000000,2476.030593,,True
baseline_port_closure_comparison,primary_port_closure,88,1130,heuristic,UNDISRUPTED,140049.000000,26080.000000,0.000000,0.000000,1304.000000,79095.000000,0.000000,33570.000000,0.000000,0.770037,373,26365,0,0.000000,0.000000,0,0,0,0,0.000000,0.000000,0.000000,0.000000,,True
baseline_port_closure_comparison,primary_port_closure,88,1130,heuristic,DISRUPTED,143089.000000,26560.000000,160.000000,0.000000,1304.000000,80775.000000,720.000000,33570.000000,0.000000,0.770037,373,26925,160,0.074074,3.000000,2,0,0,12,0.000000,0.000000,0.000000,0.009174,,True
baseline_port_closure_comparison,primary_port_closure,88,1130,llm_agent,UNDISRUPTED,140049.000000,26080.000000,0.000000,0.000000,1304.000000,79095.000000,0.000000,33570.000000,0.000000,0.770037,373,26365,0,0.000000,0.000000,0,0,0,0,0.000000,0.000000,0.000000,0.000000,,True
baseline_port_closure_comparison,primary_port_closure,88,1130,llm_agent,DISRUPTED,141109.000000,30080.000000,320.000000,1600.000000,1304.000000,73935.000000,300.000000,33570.000000,0.000000,0.770037,373,24645,80,0.037037,2.500000,4,4,160,8,0.000000,0.000000,0.000000,2258.432323,,True
baseline_port_closure_comparison,primary_port_closure,89,1131,heuristic,UNDISRUPTED,142561.000000,26080.000000,0.000000,0.000000,1308.000000,80613.000000,0.000000,34560.000000,0.000000,0.759398,384,26871,0,0.000000,0.000000,0,0,0,0,0.000000,0.000000,0.000000,0.000000,,True
baseline_port_closure_comparison,primary_port_closure,89,1131,heuristic,DISRUPTED,151761.000000,26320.000000,80.000000,0.000000,1308.000000,86973.000000,2520.000000,34560.000000,0.000000,0.759398,384,28991,440,0.203704,3.818182,1,0,0,35,0.000000,0.000000,0.000000,0.007750,,True
baseline_port_closure_comparison,primary_port_closure,89,1131,llm_agent,UNDISRUPTED,142561.000000,26080.000000,0.000000,0.000000,1308.000000,80613.000000,0.000000,34560.000000,0.000000,0.759398,384,26871,0,0.000000,0.000000,0,0,0,0,0.000000,0.000000,0.000000,0.000000,,True
baseline_port_closure_comparison,primary_port_closure,89,1131,llm_agent,DISRUPTED,145261.000000,35080.000000,240.000000,3600.000000,1308.000000,69573.000000,900.000000,34560.000000,0.043233,0.759398,384,23191,80,0.037037,7.500000,3,9,360,13,0.000000,0.076923,0.076923,2577.856564,,True
baseline_port_closure_comparison,primary_port_closure,90,1132,heuristic,UNDISRUPTED,141019.000000,26080.000000,0.000000,0.000000,1308.000000,79431.000000,0.000000,34200.000000,0.000000,0.764706,380,26477,0,0.000000,0.000000,0,0,0,0,0.000000,0.000000,0.000000,0.000000,,True
baseline_port_closure_comparison,primary_port_closure,90,1132,heuristic,DISRUPTED,146039.000000,26560.000000,160.000000,0.000000,1308.000000,82671.000000,1140.000000,34200.000000,0.000000,0.764706,380,27557,280,0.129630,2.714286,2,0,0,19,0.000000,0.000000,0.000000,0.008399,,True
baseline_port_closure_comparison,primary_port_closure,90,1132,llm_agent,UNDISRUPTED,141019.000000,26080.000000,0.000000,0.000000,1308.000000,79431.000000,0.000000,34200.000000,0.000000,0.764706,380,26477,0,0.000000,0.000000,0,0,0,0,0.000000,0.000000,0.000000,0.000000,,True
baseline_port_closure_comparison,primary_port_closure,90,1132,llm_agent,DISRUPTED,142959.000000,32080.000000,320.000000,2400.000000,1308.000000,72111.000000,540.000000,34200.000000,0.000000,0.764706,380,24037,80,0.037037,4.500000,4,6,240,10,0.000000,0.000000,0.000000,2774.165804,,True
baseline_port_closure_comparison,primary_port_closure,91,1133,heuristic,UNDISRUPTED,137307.000000,26200.000000,0.000000,0.000000,1304.000000,77313.000000,0.000000,32490.000000,0.000000,0.771229,361,25771,0,0.000000,0.000000,0,0,0,0,0.000000,0.000000,0.000000,0.000000,,True
baseline_port_closure_comparison,primary_port_closure,91,1133,heuristic,DISRUPTED,147387.000000,26200.000000,0.000000,0.000000,1304.000000,84513.000000,2880.000000,32490.000000,0.000000,0.771229,361,28171,440,0.203704,4.363636,0,0,0,38,0.000000,0.000000,0.000000,0.007213,,True
baseline_port_closure_comparison,primary_port_closure,91,1133,llm_agent,UNDISRUPTED,137307.000000,26200.000000,0.000000,0.000000,1304.000000,77313.000000,0.000000,32490.000000,0.000000,0.771229,361,25771,0,0.000000,0.000000,0,0,0,0,0.000000,0.000000,0.000000,0.000000,,True
baseline_port_closure_comparison,primary_port_closure,91,1133,llm_agent,DISRUPTED,140087.000000,35200.000000,320.000000,3600.000000,1304.000000,66273.000000,900.000000,32490.000000,0.024081,0.771229,361,22091,80,0.037037,7.500000,4,9,360,13,0.000000,0.000000,0.000000,2257.487766,,True
baseline_port_closure_comparison,primary_port_closure,92,1134,heuristic,UNDISRUPTED,151158.000000,26080.000000,0.000000,0.000000,1316.000000,86412.000000,0.000000,37350.000000,0.000000,0.746487,415,28804,0,0.000000,0.000000,0,0,0,0,0.000000,0.000000,0.000000,0.000000,,True
baseline_port_closure_comparison,primary_port_closure,92,1134,heuristic,DISRUPTED,158558.000000,26320.000000,80.000000,0.000000,1316.000000,91572.000000,1920.000000,37350.000000,0.000000,0.746487,415,30524,360,0.166667,3.555556,1,0,0,29,0.000000,0.000000,0.000000,0.007596,,True
baseline_port_closure_comparison,primary_port_closure,92,1134,llm_agent,UNDISRUPTED,151158.000000,26080.000000,0.000000,0.000000,1316.000000,86412.000000,0.000000,37350.000000,0.000000,0.746487,415,28804,0,0.000000,0.000000,0,0,0,0,0.000000,0.000000,0.000000,0.000000,,True
baseline_port_closure_comparison,primary_port_closure,92,1134,llm_agent,DISRUPTED,153738.000000,34080.000000,320.000000,3200.000000,1316.000000,76692.000000,780.000000,37350.000000,0.000000,0.746487,415,25564,80,0.037037,6.500000,4,8,320,12,0.000000,0.000000,0.000000,2451.438483,,True
baseline_port_closure_comparison,primary_port_closure,93,1135,heuristic,UNDISRUPTED,140322.000000,26080.000000,0.000000,0.000000,1304.000000,79278.000000,0.000000,33660.000000,0.000000,0.765517,374,26426,0,0.000000,0.000000,0,0,0,0,0.000000,0.000000,0.000000,0.000000,,True
baseline_port_closure_comparison,primary_port_closure,93,1135,heuristic,DISRUPTED,146042.000000,26320.000000,80.000000,0.000000,1304.000000,83238.000000,1440.000000,33660.000000,0.000000,0.765517,374,27746,320,0.148148,3.000000,1,0,0,24,0.000000,0.000000,0.000000,0.007929,,True
baseline_port_closure_comparison,primary_port_closure,93,1135,llm_agent,UNDISRUPTED,140322.000000,26080.000000,0.000000,0.000000,1304.000000,79278.000000,0.000000,33660.000000,0.000000,0.765517,374,26426,0,0.000000,0.000000,0,0,0,0,0.000000,0.000000,0.000000,0.000000,,True
baseline_port_closure_comparison,primary_port_closure,93,1135,llm_agent,DISRUPTED,142582.000000,33080.000000,320.000000,2800.000000,1304.000000,70758.000000,660.000000,33660.000000,0.000000,0.765517,374,23586,80,0.037037,5.500000,4,7,280,11,0.000000,0.000000,0.000000,2619.033439,,True
baseline_port_closure_comparison,primary_port_closure,94,1136,heuristic,UNDISRUPTED,135816.000000,26080.000000,0.000000,0.000000,1304.000000,75852.000000,0.000000,32580.000000,0.000000,0.772040,362,25284,0,0.000000,0.000000,0,0,0,0,0.000000,0.000000,0.000000,0.000000,,True
baseline_port_closure_comparison,primary_port_closure,94,1136,heuristic,DISRUPTED,138816.000000,26080.000000,0.000000,0.000000,1304.000000,78132.000000,720.000000,32580.000000,0.000000,0.772040,362,26044,200,0.092593,2.400000,0,0,0,15,0.000000,0.000000,0.000000,0.007942,,True
baseline_port_closure_comparison,primary_port_closure,94,1136,llm_agent,UNDISRUPTED,135816.000000,26080.000000,0.000000,0.000000,1304.000000,75852.000000,0.000000,32580.000000,0.000000,0.772040,362,25284,0,0.000000,0.000000,0,0,0,0,0.000000,0.000000,0.000000,0.000000,,True
baseline_port_closure_comparison,primary_port_closure,94,1136,llm_agent,DISRUPTED,137436.000000,31080.000000,320.000000,2000.000000,1304.000000,69732.000000,420.000000,32580.000000,0.000000,0.772040,362,23244,80,0.037037,3.500000,4,5,200,9,0.000000,0.000000,0.000000,2491.932319,,True
baseline_port_closure_comparison,primary_port_closure,95,1137,heuristic,UNDISRUPTED,131021.000000,26080.000000,0.000000,0.000000,1312.000000,72699.000000,60.000000,30870.000000,0.000000,0.786426,343,24233,40,0.018519,1.000000,0,0,0,0,0.000000,0.000000,0.000000,0.000000,,True
baseline_port_closure_comparison,primary_port_closure,95,1137,heuristic,DISRUPTED,136621.000000,26320.000000,80.000000,0.000000,1312.000000,76539.000000,1500.000000,30870.000000,0.000000,0.786426,343,25513,360,0.166667,2.777778,1,0,0,24,0.000000,0.000000,0.000000,0.008477,,True
baseline_port_closure_comparison,primary_port_closure,95,1137,llm_agent,UNDISRUPTED,131021.000000,26080.000000,0.000000,0.000000,1312.000000,72699.000000,60.000000,30870.000000,0.000000,0.786426,343,24233,40,0.018519,1.000000,0,0,0,0,0.000000,0.000000,0.000000,0.000000,,True
baseline_port_closure_comparison,primary_port_closure,95,1137,llm_agent,DISRUPTED,133161.000000,33080.000000,320.000000,2800.000000,1312.000000,64059.000000,720.000000,30870.000000,0.000000,0.786426,343,21353,120,0.055556,4.000000,4,7,280,11,0.000000,0.000000,0.000000,2517.189659,,True
baseline_port_closure_comparison,primary_port_closure,96,1138,heuristic,UNDISRUPTED,138209.000000,26080.000000,0.000000,0.000000,1300.000000,76929.000000,60.000000,33840.000000,0.000000,0.768900,376,25643,40,0.018519,1.000000,0,0,0,0,0.000000,0.000000,0.000000,0.000000,,True
baseline_port_closure_comparison,primary_port_closure,96,1138,heuristic,DISRUPTED,148289.000000,26080.000000,0.000000,0.000000,1300.000000,84129.000000,2940.000000,33840.000000,0.000000,0.768900,376,28043,480,0.222222,4.083333,0,0,0,38,0.000000,0.000000,0.000000,0.007507,,True
baseline_port_closure_comparison,primary_port_closure,96,1138,llm_agent,UNDISRUPTED,138209.000000,26080.000000,0.000000,0.000000,1300.000000,76929.000000,60.000000,33840.000000,0.000000,0.768900,376,25643,40,0.018519,1.000000,0,0,0,0,0.000000,0.000000,0.000000,0.000000,,True
baseline_port_closure_comparison,primary_port_closure,96,1138,llm_agent,DISRUPTED,141164.800000,35080.000000,320.000000,3600.000000,1301.800000,66063.000000,960.000000,33840.000000,0.033805,0.768900,376,22021,120,0.055556,5.333333,4,9,360,13,0.000000,0.000000,0.000000,3014.443375,2,True
baseline_port_closure_comparison,primary_port_closure,97,1139,heuristic,UNDISRUPTED,124631.000000,26080.000000,0.000000,0.000000,1312.000000,68799.000000,0.000000,28440.000000,0.000000,0.798982,316,22933,0,0.000000,0.000000,0,0,0,0,0.000000,0.000000,0.000000,0.000000,,True
baseline_port_closure_comparison,primary_port_closure,97,1139,heuristic,DISRUPTED,127791.000000,26560.000000,160.000000,0.000000,1312.000000,70599.000000,720.000000,28440.000000,0.000000,0.798982,316,23533,160,0.074074,3.000000,2,0,0,12,0.000000,0.000000,0.000000,0.008198,,True
baseline_port_closure_comparison,primary_port_closure,97,1139,llm_agent,UNDISRUPTED,124631.000000,26080.000000,0.000000,0.000000,1312.000000,68799.000000,0.000000,28440.000000,0.000000,0.798982,316,22933,0,0.000000,0.000000,0,0,0,0,0.000000,0.000000,0.000000,0.000000,,True
baseline_port_closure_comparison,primary_port_closure,97,1139,llm_agent,DISRUPTED,125811.000000,30080.000000,320.000000,1600.000000,1312.000000,63759.000000,300.000000,28440.000000,0.000000,0.798982,316,21253,80,0.037037,2.500000,4,4,160,8,0.000000,0.000000,0.000000,2974.457740,,True
baseline_port_closure_comparison,primary_port_closure,98,1140,heuristic,UNDISRUPTED,127076.000000,26080.000000,0.000000,0.000000,1312.000000,69984.000000,0.000000,29700.000000,0.000000,0.791535,330,23328,0,0.000000,0.000000,0,0,0,0,0.000000,0.000000,0.000000,0.000000,,True
baseline_port_closure_comparison,primary_port_closure,98,1140,heuristic,DISRUPTED,128816.000000,26080.000000,0.000000,0.000000,1312.000000,71304.000000,420.000000,29700.000000,0.000000,0.791535,330,23768,160,0.074074,1.750000,0,0,0,11,0.000000,0.000000,0.000000,0.010458,,True
baseline_port_closure_comparison,primary_port_closure,98,1140,llm_agent,UNDISRUPTED,127076.000000,26080.000000,0.000000,0.000000,1312.000000,69984.000000,0.000000,29700.000000,0.000000,0.791535,330,23328,0,0.000000,0.000000,0,0,0,0,0.000000,0.000000,0.000000,0.000000,,True
baseline_port_closure_comparison,primary_port_closure,98,1140,llm_agent,DISRUPTED,128176.000000,30080.000000,240.000000,1600.000000,1312.000000,64944.000000,300.000000,29700.000000,0.000000,0.791535,330,21648,80,0.037037,2.500000,3,4,160,8,0.000000,0.000000,0.000000,2949.384792,,True
baseline_port_closure_comparison,primary_port_closure,99,1141,heuristic,UNDISRUPTED,126428.000000,26080.000000,0.000000,0.000000,1312.000000,70176.000000,60.000000,28800.000000,0.000000,0.797340,320,23392,40,0.018182,1.000000,0,0,0,1,0.000000,0.000000,0.000000,0.022708,,True
baseline_port_closure_comparison,primary_port_closure,99,1141,heuristic,DISRUPTED,131008.000000,26320.000000,80.000000,0.000000,1312.000000,73296.000000,1200.000000,28800.000000,0.000000,0.797340,320,24432,320,0.145455,2.500000,1,0,0,21,0.000000,0.000000,0.000000,0.007915,,True
baseline_port_closure_comparison,primary_port_closure,99,1141,llm_agent,UNDISRUPTED,126508.000000,26080.000000,80.000000,0.000000,1312.000000,70176.000000,60.000000,28800.000000,0.000000,0.797340,320,23392,40,0.018182,1.000000,1,0,0,1,0.000000,0.000000,0.000000,2454.047834,,True
baseline_port_closure_comparison,primary_port_closure,99,1141,llm_agent,DISRUPTED,129248.000000,31320.000000,560.000000,2000.000000,1312.000000,64536.000000,720.000000,28800.000000,0.000000,0.797340,320,21512,120,0.054545,4.000000,7,5,200,12,0.000000,0.000000,0.000000,2674.246969,,True
baseline_port_closure_comparison,primary_port_closure,100,1142,heuristic,UNDISRUPTED,135923.000000,26080.000000,0.000000,0.000000,1312.000000,75501.000000,0.000000,33030.000000,0.000000,0.774154,367,25167,0,0.000000,0.000000,0,0,0,0,0.000000,0.000000,0.000000,0.000000,,True
baseline_port_closure_comparison,primary_port_closure,100,1142,heuristic,DISRUPTED,140823.000000,26560.000000,160.000000,0.000000,1312.000000,78621.000000,1140.000000,33030.000000,0.000000,0.774154,367,26207,280,0.129630,2.714286,2,0,0,19,0.000000,0.000000,0.000000,0.010763,,True
baseline_port_closure_comparison,primary_port_closure,100,1142,llm_agent,UNDISRUPTED,135923.000000,26080.000000,0.000000,0.000000,1312.000000,75501.000000,0.000000,33030.000000,0.000000,0.774154,367,25167,0,0.000000,0.000000,0,0,0,0,0.000000,0.000000,0.000000,0.000000,,True
baseline_port_closure_comparison,primary_port_closure,100,1142,llm_agent,DISRUPTED,137743.000000,32080.000000,320.000000,2400.000000,1312.000000,68061.000000,540.000000,33030.000000,0.000000,0.774154,367,22687,80,0.037037,4.500000,4,6,240,10,0.000000,0.000000,0.000000,2422.432392,,True
