experiment_id,scenario_id,replication,seed,policy,run_kind,total_cost,transport_cost,reroute_cost,expedite_cost,holding_cost,backlog_cost,late_cost,terminal_cost,same_day_fill_rate,final_fulfilment_rate,ending_backlog_units,backlog_unit_days,late_delivered_units,late_delivery_rate,average_lateness_days_weighted,reroute_count,expedite_count,expedited_units,decision_count,invalid_action_rate,abstention_rate,fallback_rate,mean_decision_latency_ms,days_to_clear_backlog_after_shock,terminated_with_unresolved_state
heavy_port_disruption_comparison,primary_port_extended_closure_with_congestion,1,1043,heuristic,UNDISRUPTED,171417.000000,26080.000000,0.000000,0.000000,1304.000000,99033.000000,0.000000,45000.000000,0.000000,0.708114,500,33011,0,0.000000,0.000000,0,0,0,0,0.000000,0.000000,0.000000,0.000000,,True
heavy_port_disruption_comparison,primary_port_extended_closure_with_congestion,1,1043,heuristic,DISRUPTED,251389.000000,26800.000000,240.000000,0.000000,1776.000000,147633.000000,15540.000000,59400.000000,0.000000,0.614711,660,49211,1120,0.518519,9.250000,3,0,0,129,0.000000,0.000000,0.000000,0.004522,,True
heavy_port_disruption_comparison,primary_port_extended_closure_with_congestion,1,1043,llm_agent,UNDISRUPTED,171417.000000,26080.000000,0.000000,0.000000,1304.000000,99033.000000,0.000000,45000.000000,0.000000,0.708114,500,33011,0,0.000000,0.000000,0,0,0,0,0.000000,0.000000,0.000000,0.000000,,True
heavy_port_disruption_comparison,primary_port_extended_closure_with_congestion,1,1043,llm_agent,DISRUPTED,178157.000000,47080.000000,320.000000,8400.000000,1304.000000,73713.000000,2340.000000,45000.000000,0.055458,0.708114,500,24571,80,0.037037,19.500000,4,21,840,25,0.000000,0.000000,0.000000,2254.411395,,True
heavy_port_disruption_comparison,primary_port_extended_closure_with_congestion,2,1044,heuristic,UNDISRUPTED,122565.000000,26400.000000,0.000000,0.000000,1308.000000,66447.000000,60.000000,28350.000000,0.000000,0.800759,315,22149,40,0.018519,1.000000,0,0,0,0,0.000000,0.000000,0.000000,0.000000,,True
heavy_port_disruption_comparison,primary_port_extended_closure_with_congestion,2,1044,heuristic,DISRUPTED,215369.000000,27120.000000,240.000000,0.000000,1892.000000,122247.000000,17520.000000,46350.000000,0.000000,0.674257,515,40749,1200,0.555556,9.733333,3,0,0,141,0.000000,0.000000,0.000000,0.006406,,True
heavy_port_disruption_comparison,primary_port_extended_closure_with_congestion,2,1044,llm_agent,UNDISRUPTED,122565.000000,26400.000000,0.000000,0.000000,1308.000000,66447.000000,60.000000,28350.000000,0.000000,0.800759,315,22149,40,0.018519,1.000000,0,0,0,0,0.000000,0.000000,0.000000,0.000000,,True
heavy_port_disruption_comparison,primary_port_extended_closure_with_congestion,2,1044,llm_agent,DISRUPTED,135119.200000,47400.000000,480.000000,8400.000000,1376.200000,45453.000000,3660.000000,28350.000000,0.339658,0.800759,315,15151,160,0.074074,15.250000,6,21,840,27,0.000000,0.000000,0.000000,2156.513756,0,True
heavy_port_disruption_comparison,primary_port_extended_closure_with_congestion,3,1045,heuristic,UNDISRUPTED,132856.000000,26080.000000,0.000000,0.000000,1308.000000,74508.000000,0.000000,30960.000000,0.000000,0.786600,344,24836,0,0.000000,0.000000,0,0,0,0,0.000000,0.000000,0.000000,0.000000,,True
heavy_port_disruption_comparison,primary_port_extended_closure_with_congestion,3,1045,heuristic,DISRUPTED,213008.000000,26800.000000,240.000000,0.000000,1780.000000,123108.000000,15720.000000,45360.000000,0.000000,0.687345,504,41036,1120,0.518519,9.357143,3,0,0,129,0.000000,0.000000,0.000000,0.006621,,True
heavy_port_disruption_comparison,primary_port_extended_closure_with_congestion,3,1045,llm_agent,UNDISRUPTED,132856.000000,26080.000000,0.000000,0.000000,1308.000000,74508.000000,0.000000,30960.000000,0.000000,0.786600,344,24836,0,0.000000,0.000000,0,0,0,0,0.000000,0.000000,0.000000,0.000000,,True
heavy_port_disruption_comparison,primary_port_extended_closure_with_congestion,3,1045,llm_agent,DISRUPTED,140026.500000,47080.000000,320.000000,8400.000000,1333.500000,49593.000000,2340.000000,30960.000000,0.312655,0.786600,344,16531,80,0.037037,19.500000,4,21,840,25,0.000000,0.000000,0.000000,2538.467887,0,True
heavy_port_disruption_comparison,primary_port_extended_closure_with_congestion,4,1046,heuristic,UNDISRUPTED,123926.000000,26080.000000,0.000000,0.000000,1300.000000,68466.000000,0.000000,28080.000000,0.000000,0.800000,312,22822,0,0.000000,0.000000,0,0,0,0,0.000000,0.000000,0.000000,0.000000,,True
heavy_port_disruption_comparison,primary_port_extended_closure_with_congestion,4,1046,heuristic,DISRUPTED,203658.000000,26800.000000,240.000000,0.000000,1772.000000,116826.000000,15540.000000,42480.000000,0.000000,0.697436,472,38942,1120,0.518519,9.250000,3,0,0,129,0.000000,0.000000,0.000000,0.006815,,True
heavy_port_disruption_comparison,primary_port_extended_closure_with_congestion,4,1046,llm_agent,UNDISRUPTED,123926.000000,26080.000000,0.000000,0.000000,1300.000000,68466.000000,0.000000,28080.000000,0.000000,0.800000,312,22822,0,0.000000,0.000000,0,0,0,0,0.000000,0.000000,0.000000,0.000000,,True
heavy_port_disruption_comparison,primary_port_extended_closure_with_congestion,4,1046,llm_agent,DISRUPTED,132863.500000,47080.000000,320.000000,8400.000000,1382.500000,45261.000000,2340.000000,28080.000000,0.388462,0.800000,312,15087,80,0.037037,19.500000,4,21,840,25,0.000000,0.000000,0.000000,2202.159738,0,True
heavy_port_disruption_comparison,primary_port_extended_closure_with_congestion,5,1047,heuristic,UNDISRUPTED,134870.000000,26080.000000,0.000000,0.000000,1312.000000,75438.000000,0.000000,32040.000000,0.000000,0.774541,356,25146,0,0.000000,0.000000,0,0,0,0,0.000000,0.000000,0.000000,0.000000,,True
heavy_port_disruption_comparison,primary_port_extended_closure_with_congestion,5,1047,heuristic,DISRUPTED,215142.000000,26800.000000,240.000000,0.000000,1784.000000,124158.000000,15720.000000,46440.000000,0.000000,0.673211,516,41386,1120,0.509091,9.357143,3,0,0,129,0.000000,0.000000,0.000000,0.006650,,True
heavy_port_disruption_comparison,primary_port_extended_closure_with_congestion,5,1047,llm_agent,UNDISRUPTED,134870.000000,26080.000000,0.000000,0.000000,1312.000000,75438.000000,0.000000,32040.000000,0.000000,0.774541,356,25146,0,0.000000,0.000000,0,0,0,0,0.000000,0.000000,0.000000,0.000000,,True
heavy_port_disruption_comparison,primary_port_extended_closure_with_congestion,5,1047,llm_agent,DISRUPTED,143110.400000,47080.000000,320.000000,8400.000000,1360.400000,51450.000000,2460.000000,32040.000000,0.321089,0.774541,356,17150,80,0.036364,20.500000,4,21,840,25,0.000000,0.000000,0.000000,2357.620233,0,True
heavy_port_disruption_comparison,primary_port_extended_closure_with_congestion,6,1048,heuristic,UNDISRUPTED,119402.000000,26080.000000,0.000000,0.000000,1312.000000,64740.000000,0.000000,27270.000000,0.000000,0.808591,303,21580,0,0.000000,0.000000,0,0,0,0,0.000000,0.000000,0.000000,0.000000,,True
heavy_port_disruption_comparison,primary_port_extended_closure_with_congestion,6,1048,heuristic,DISRUPTED,199258.000000,26800.000000,240.000000,0.000000,1788.000000,113220.000000,15540.000000,41670.000000,0.000000,0.707517,463,37740,1120,0.518519,9.250000,3,0,0,129,0.000000,0.000000,0.000000,0.006316,,True
heavy_port_disruption_comparison,primary_port_extended_closure_with_congestion,6,1048,llm_agent,UNDISRUPTED,119402.000000,26080.000000,0.000000,0.000000,1312.000000,64740.000000,0.000000,27270.000000,0.000000,0.808591,303,21580,0,0.000000,0.000000,0,0,0,0,0.000000,0.000000,0.000000,0.000000,,True
heavy_port_disruption_comparison,primary_port_extended_closure_with_congestion,6,1048,llm_agent,DISRUPTED,129980.700000,47080.000000,320.000000,8400.000000,1439.700000,43131.000000,2340.000000,27270.000000,0.409981,0.808591,303,14377,80,0.037037,19.500000,4,21,840,25,0.000000,0.000000,0.000000,2126.451117,0,True
heavy_port_disruption_comparison,primary_port_extended_closure_with_congestion,7,1049,heuristic,UNDISRUPTED,122696.000000,26080.000000,0.000000,0.000000,1312.000000,66954.000000,0.000000,28350.000000,0.000000,0.799746,315,22318,0,0.000000,0.000000,0,0,0,0,0.000000,0.000000,0.000000,0.000000,,True
heavy_port_disruption_comparison,primary_port_extended_closure_with_congestion,7,1049,heuristic,DISRUPTED,202728.000000,26800.000000,240.000000,0.000000,1784.000000,115554.000000,15600.000000,42750.000000,0.000000,0.698029,475,38518,1120,0.518519,9.285714,3,0,0,129,0.000000,0.000000,0.000000,0.006476,,True
heavy_port_disruption_comparison,primary_port_extended_closure_with_congestion,7,1049,llm_agent,UNDISRUPTED,122696.000000,26080.000000,0.000000,0.000000,1312.000000,66954.000000,0.000000,28350.000000,0.000000,0.799746,315,22318,0,0.000000,0.000000,0,0,0,0,0.000000,0.000000,0.000000,0.000000,,True
heavy_port_disruption_comparison,primary_port_extended_closure_with_congestion,7,1049,llm_agent,DISRUPTED,132615.300000,47080.000000,320.000000,8400.000000,1422.300000,44703.000000,2340.000000,28350.000000,0.386523,0.799746,315,14901,80,0.037037,19.500000,4,21,840,25,0.000000,0.000000,0.000000,2203.217317,0,True
heavy_port_disruption_comparison,primary_port_extended_closure_with_congestion,8,1050,heuristic,UNDISRUPTED,143145.000000,26080.000000,0.000000,0.000000,1316.000000,81729.000000,0.000000,34020.000000,0.000000,0.760759,378,27243,0,0.000000,0.000000,0,0,0,0,0.000000,0.000000,0.000000,0.000000,,True
heavy_port_disruption_comparison,primary_port_extended_closure_with_congestion,8,1050,heuristic,DISRUPTED,223117.000000,26800.000000,240.000000,0.000000,1788.000000,130329.000000,15540.000000,48420.000000,0.000000,0.659494,538,43443,1120,0.518519,9.250000,3,0,0,129,0.000000,0.000000,0.000000,0.006632,,True
heavy_port_disruption_comparison,primary_port_extended_closure_with_congestion,8,1050,llm_agent,UNDISRUPTED,143145.000000,26080.000000,0.000000,0.000000,1316.000000,81729.000000,0.000000,34020.000000,0.000000,0.760759,378,27243,0,0.000000,0.000000,0,0,0,0,0.000000,0.000000,0.000000,0.000000,,True
heavy_port_disruption_comparison,primary_port_extended_closure_with_congestion,8,1050,llm_agent,DISRUPTED,150050.200000,47080.000000,320.000000,8400.000000,1325.200000,56565.000000,2340.000000,34020.000000,0.255696,0.760759,378,18855,80,0.037037,19.500000,4,21,840,25,0.000000,0.000000,0.000000,2210.447035,0,True
heavy_port_disruption_comparison,primary_port_extended_closure_with_congestion,9,1051,heuristic,UNDISRUPTED,145029.000000,26080.000000,0.000000,0.000000,1316.000000,81933.000000,60.000000,35640.000000,0.000000,0.758242,396,27311,40,0.018519,1.000000,0,0,0,1,0.000000,0.000000,0.000000,0.017334,,True
heavy_port_disruption_comparison,primary_port_extended_closure_with_congestion,9,1051,heuristic,DISRUPTED,250773.000000,26800.000000,240.000000,0.000000,2120.000000,143613.000000,17160.000000,60840.000000,0.000000,0.587302,676,47871,1160,0.537037,9.862069,3,0,0,150,0.000000,0.000000,0.000000,0.006186,,True
heavy_port_disruption_comparison,primary_port_extended_closure_with_congestion,9,1051,llm_agent,UNDISRUPTED,145109.000000,26080.000000,80.000000,0.000000,1316.000000,81933.000000,60.000000,35640.000000,0.000000,0.758242,396,27311,40,0.018519,1.000000,1,0,0,1,0.000000,0.000000,0.000000,3910.077125,,True
heavy_port_disruption_comparison,primary_port_extended_closure_with_congestion,9,1051,llm_agent,DISRUPTED,152255.500000,47080.000000,320.000000,8400.000000,1337.500000,57018.000000,2460.000000,35640.000000,0.313797,0.758242,396,19006,80,0.037037,20.500000,4,21,840,25,0.000000,0.000000,0.000000,2751.899515,0,True
heavy_port_disruption_comparison,primary_port_extended_closure_with_congestion,10,1052,heuristic,UNDISRUPTED,147504.000000,26080.000000,0.000000,0.000000,1316.000000,84558.000000,0.000000,35550.000000,0.000000,0.754963,395,28186,0,0.000000,0.000000,0,0,0,0,0.000000,0.000000,0.000000,0.000000,,True
heavy_port_disruption_comparison,primary_port_extended_closure_with_congestion,10,1052,heuristic,DISRUPTED,227596.000000,26800.000000,240.000000,0.000000,1788.000000,133278.000000,15540.000000,49950.000000,0.000000,0.655707,555,44426,1120,0.509091,9.250000,3,0,0,129,0.000000,0.000000,0.000000,0.006547,,True
heavy_port_disruption_comparison,primary_port_extended_closure_with_congestion,10,1052,llm_agent,UNDISRUPTED,147504.000000,26080.000000,0.000000,0.000000,1316.000000,84558.000000,0.000000,35550.000000,0.000000,0.754963,395,28186,0,0.000000,0.000000,0,0,0,0,0.000000,0.000000,0.000000,0.000000,,True
heavy_port_disruption_comparison,primary_port_extended_closure_with_congestion,10,1052,llm_agent,DISRUPTED,154244.000000,47080.000000,320.000000,8400.000000,1316.000000,59238.000000,2340.000000,35550.000000,0.153226,0.754963,395,19746,80,0.036364,19.500000,4,21,840,25,0.000000,0.000000,0.000000,2025.061388,,True
heavy_port_disruption_comparison,primary_port_extended_closure_with_congestion,11,1053,heuristic,UNDISRUPTED,136394.000000,26080.000000,0.000000,0.000000,1312.000000,75252.000000,0.000000,33750.000000,0.000000,0.768089,375,25084,0,0.000000,0.000000,0,0,0,0,0.000000,0.000000,0.000000,0.000000,,True
heavy_port_disruption_comparison,primary_port_extended_closure_with_congestion,11,1053,heuristic,DISRUPTED,216306.000000,26800.000000,240.000000,0.000000,1784.000000,123732.000000,15600.000000,48150.000000,0.000000,0.669140,535,41244,1120,0.518519,9.285714,3,0,0,129,0.000000,0.000000,0.000000,0.006487,,True
heavy_port_disruption_comparison,primary_port_extended_closure_with_congestion,11,1053,llm_agent,UNDISRUPTED,136394.000000,26080.000000,0.000000,0.000000,1312.000000,75252.000000,0.000000,33750.000000,0.000000,0.768089,375,25084,0,0.000000,0.000000,0,0,0,0,0.000000,0.000000,0.000000,0.000000,,True
heavy_port_disruption_comparison,primary_port_extended_closure_with_congestion,11,1053,llm_agent,DISRUPTED,145761.500000,47080.000000,320.000000,8400.000000,1404.500000,52467.000000,2340.000000,33750.000000,0.383426,0.768089,375,17489,80,0.037037,19.500000,4,21,840,25,0.000000,0.000000,0.000000,2251.990275,0,True
heavy_port_disruption_comparison,primary_port_extended_closure_with_congestion,12,1054,heuristic,UNDISRUPTED,134031.000000,26080.000000,0.000000,0.000000,1316.000000,73965.000000,0.000000,32670.000000,0.000000,0.774394,363,24655,0,0.000000,0.000000,0,0,0,0,0.000000,0.000000,0.000000,0.000000,,True
heavy_port_disruption_comparison,primary_port_extended_closure_with_congestion,12,1054,heuristic,DISRUPTED,213883.000000,26800.000000,240.000000,0.000000,1788.000000,122445.000000,15540.000000,47070.000000,0.000000,0.674953,523,40815,1120,0.518519,9.250000,3,0,0,129,0.000000,0.000000,0.000000,0.006579,,True
heavy_port_disruption_comparison,primary_port_extended_closure_with_congestion,12,1054,llm_agent,UNDISRUPTED,134031.000000,26080.000000,0.000000,0.000000,1316.000000,73965.000000,0.000000,32670.000000,0.000000,0.774394,363,24655,0,0.000000,0.000000,0,0,0,0,0.000000,0.000000,0.000000,0.000000,,True
heavy_port_disruption_comparison,primary_port_extended_closure_with_congestion,12,1054,llm_agent,DISRUPTED,143097.800000,47080.000000,320.000000,8400.000000,1398.800000,50889.000000,2340.000000,32670.000000,0.362337,0.774394,363,16963,80,0.037037,19.500000,4,21,840,25,0.000000,0.000000,0.000000,2179.175872,0,True
heavy_port_disruption_comparison,primary_port_extended_closure_with_congestion,13,1055,heuristic,UNDISRUPTED,145541.000000,26080.000000,0.000000,0.000000,1312.000000,82059.000000,0.000000,36090.000000,0.000000,0.756970,401,27353,0,0.000000,0.000000,0,0,0,0,0.000000,0.000000,0.000000,0.000000,,True
heavy_port_disruption_comparison,primary_port_extended_closure_with_congestion,13,1055,heuristic,DISRUPTED,225693.000000,26800.000000,240.000000,0.000000,1784.000000,130779.000000,15600.000000,50490.000000,0.000000,0.660000,561,43593,1120,0.518519,9.285714,3,0,0,129,0.000000,0.000000,0.000000,0.006296,,True
heavy_port_disruption_comparison,primary_port_extended_closure_with_congestion,13,1055,llm_agent,UNDISRUPTED,145541.000000,26080.000000,0.000000,0.000000,1312.000000,82059.000000,0.000000,36090.000000,0.000000,0.756970,401,27353,0,0.000000,0.000000,0,0,0,0,0.000000,0.000000,0.000000,0.000000,,True
heavy_port_disruption_comparison,primary_port_extended_closure_with_congestion,13,1055,llm_agent,DISRUPTED,153072.400000,47080.000000,320.000000,8400.000000,1341.400000,57501.000000,2340.000000,36090.000000,0.326061,0.756970,401,19167,80,0.037037,19.500000,4,21,840,25,0.000000,0.000000,0.000000,2322.680818,0,True
heavy_port_disruption_comparison,primary_port_extended_closure_with_congestion,14,1056,heuristic,UNDISRUPTED,140677.000000,26080.000000,0.000000,0.000000,1308.000000,80079.000000,0.000000,33210.000000,0.000000,0.768507,369,26693,0,0.000000,0.000000,0,0,0,0,0.000000,0.000000,0.000000,0.000000,,True
heavy_port_disruption_comparison,primary_port_extended_closure_with_congestion,14,1056,heuristic,DISRUPTED,246481.000000,26800.000000,240.000000,0.000000,2112.000000,141759.000000,17160.000000,58410.000000,0.000000,0.592848,649,47253,1160,0.537037,9.862069,3,0,0,150,0.000000,0.000000,0.000000,0.006255,,True
heavy_port_disruption_comparison,primary_port_extended_closure_with_congestion,14,1056,llm_agent,UNDISRUPTED,140677.000000,26080.000000,0.000000,0.000000,1308.000000,80079.000000,0.000000,33210.000000,0.000000,0.768507,369,26693,0,0.000000,0.000000,0,0,0,0,0.000000,0.000000,0.000000,0.000000,,True
heavy_port_disruption_comparison,primary_port_extended_closure_with_congestion,14,1056,llm_agent,DISRUPTED,147653.500000,47080.000000,320.000000,8400.000000,1319.500000,54864.000000,2460.000000,33210.000000,0.297992,0.768507,369,18288,80,0.037037,20.500000,4,21,840,25,0.000000,0.000000,0.000000,3568.273578,0,True
heavy_port_disruption_comparison,primary_port_extended_closure_with_congestion,15,1057,heuristic,UNDISRUPTED,130770.000000,26080.000000,0.000000,0.000000,1316.000000,72594.000000,0.000000,30780.000000,0.000000,0.784499,342,24198,0,0.000000,0.000000,0,0,0,0,0.000000,0.000000,0.000000,0.000000,,True
heavy_port_disruption_comparison,primary_port_extended_closure_with_congestion,15,1057,heuristic,DISRUPTED,211282.000000,26800.000000,240.000000,0.000000,1788.000000,121434.000000,15840.000000,45180.000000,0.000000,0.683680,502,40478,1120,0.518519,9.428571,3,0,0,130,0.000000,0.000000,0.000000,0.006419,,True
heavy_port_disruption_comparison,primary_port_extended_closure_with_congestion,15,1057,llm_agent,UNDISRUPTED,130770.000000,26080.000000,0.000000,0.000000,1316.000000,72594.000000,0.000000,30780.000000,0.000000,0.784499,342,24198,0,0.000000,0.000000,0,0,0,0,0.000000,0.000000,0.000000,0.000000,,True
heavy_port_disruption_comparison,primary_port_extended_closure_with_congestion,15,1057,llm_agent,DISRUPTED,139661.000000,47080.000000,320.000000,8400.000000,1397.000000,49344.000000,2340.000000,30780.000000,0.368620,0.784499,342,16448,80,0.037037,19.500000,4,21,840,25,0.000000,0.000000,0.000000,2325.904885,0,True
heavy_port_disruption_comparison,primary_port_extended_closure_with_congestion,16,1058,heuristic,UNDISRUPTED,137639.000000,26080.000000,0.000000,0.000000,1312.000000,76407.000000,0.000000,33840.000000,0.000000,0.771150,376,25469,0,0.000000,0.000000,0,0,0,0,0.000000,0.000000,0.000000,0.000000,,True
heavy_port_disruption_comparison,primary_port_extended_closure_with_congestion,16,1058,heuristic,DISRUPTED,217611.000000,26800.000000,240.000000,0.000000,1784.000000,124767.000000,15780.000000,48240.000000,0.000000,0.673767,536,41589,1120,0.518519,9.392857,3,0,0,129,0.000000,0.000000,0.000000,0.006237,,True
heavy_port_disruption_comparison,primary_port_extended_closure_with_congestion,16,1058,llm_agent,UNDISRUPTED,137639.000000,26080.000000,0.000000,0.000000,1312.000000,76407.000000,0.000000,33840.000000,0.000000,0.771150,376,25469,0,0.000000,0.000000,0,0,0,0,0.000000,0.000000,0.000000,0.000000,,True
heavy_port_disruption_comparison,primary_port_extended_closure_with_congestion,16,1058,llm_agent,DISRUPTED,145936.600000,47080.000000,320.000000,8400.000000,1381.600000,52575.000000,2340.000000,33840.000000,0.374315,0.771150,376,17525,80,0.037037,19.500000,4,21,840,25,0.000000,0.000000,0.000000,2456.294333,0,True
heavy_port_disruption_comparison,primary_port_extended_closure_with_congestion,17,1059,heuristic,UNDISRUPTED,141516.000000,26080.000000,0.000000,0.000000,1316.000000,79830.000000,0.000000,34290.000000,0.000000,0.763941,381,26610,0,0.000000,0.000000,0,0,0,0,0.000000,0.000000,0.000000,0.000000,,True
heavy_port_disruption_comparison,primary_port_extended_closure_with_congestion,17,1059,heuristic,DISRUPTED,222028.000000,26800.000000,240.000000,0.000000,1788.000000,128790.000000,15720.000000,48690.000000,0.000000,0.664808,541,42930,1120,0.518519,9.357143,3,0,0,129,0.000000,0.000000,0.000000,0.006206,,True
heavy_port_disruption_comparison,primary_port_extended_closure_with_congestion,17,1059,llm_agent,UNDISRUPTED,141516.000000,26080.000000,0.000000,0.000000,1316.000000,79830.000000,0.000000,34290.000000,0.000000,0.763941,381,26610,0,0.000000,0.000000,0,0,0,0,0.000000,0.000000,0.000000,0.000000,,True
heavy_port_disruption_comparison,primary_port_extended_closure_with_congestion,17,1059,llm_agent,DISRUPTED,149223.200000,47080.000000,320.000000,8400.000000,1347.200000,55446.000000,2340.000000,34290.000000,0.313507,0.763941,381,18482,80,0.037037,19.500000,4,21,840,25,0.000000,0.000000,0.000000,2221.625623,0,True
heavy_port_disruption_comparison,primary_port_extended_closure_with_congestion,18,1060,heuristic,UNDISRUPTED,133159.000000,26320.000000,0.000000,0.000000,1308.000000,75231.000000,60.000000,30240.000000,0.000000,0.785851,336,25077,40,0.018519,1.000000,0,0,0,1,0.000000,0.000000,0.000000,0.017333,,True
heavy_port_disruption_comparison,primary_port_extended_closure_with_congestion,18,1060,heuristic,DISRUPTED,213011.000000,27040.000000,240.000000,0.000000,1780.000000,123591.000000,15720.000000,44640.000000,0.000000,0.683875,496,41197,1160,0.537037,9.034483,3,0,0,130,0.000000,0.000000,0.000000,0.006249,,True
heavy_port_disruption_comparison,primary_port_extended_closure_with_congestion,18,1060,llm_agent,UNDISRUPTED,133239.000000,26320.000000,80.000000,0.000000,1308.000000,75231.000000,60.000000,30240.000000,0.000000,0.785851,336,25077,40,0.018519,1.000000,1,0,0,1,0.000000,0.000000,0.000000,2291.404250,,True
heavy_port_disruption_comparison,primary_port_extended_closure_with_congestion,18,1060,llm_agent,DISRUPTED,140160.200000,47320.000000,400.000000,8400.000000,1333.200000,50067.000000,2400.000000,30240.000000,0.326960,0.785851,336,16689,120,0.055556,13.333333,5,21,840,26,0.000000,0.000000,0.000000,2487.220002,0,True
heavy_port_disruption_comparison,primary_port_extended_closure_with_congestion,19,1061,heuristic,UNDISRUPTED,143737.000000,26080.000000,0.000000,0.000000,1308.000000,81429.000000,0.000000,34920.000000,0.000000,0.762836,388,27143,0,0.000000,0.000000,0,0,0,0,0.000000,0.000000,0.000000,0.000000,,True
heavy_port_disruption_comparison,primary_port_extended_closure_with_congestion,19,1061,heuristic,DISRUPTED,223469.000000,26800.000000,240.000000,0.000000,1780.000000,129789.000000,15540.000000,49320.000000,0.000000,0.665037,548,43263,1120,0.518519,9.250000,3,0,0,124,0.000000,0.000000,0.000000,0.006574,,True
heavy_port_disruption_comparison,primary_port_extended_closure_with_congestion,19,1061,llm_agent,UNDISRUPTED,143737.000000,26080.000000,0.000000,0.000000,1308.000000,81429.000000,0.000000,34920.000000,0.000000,0.762836,388,27143,0,0.000000,0.000000,0,0,0,0,0.000000,0.000000,0.000000,0.000000,,True
heavy_port_disruption_comparison,primary_port_extended_closure_with_congestion,19,1061,llm_agent,DISRUPTED,150593.500000,47080.000000,320.000000,8400.000000,1319.500000,56214.000000,2340.000000,34920.000000,0.308680,0.762836,388,18738,80,0.037037,19.500000,4,21,840,25,0.000000,0.000000,0.000000,2190.388440,0,True
heavy_port_disruption_comparison,primary_port_extended_closure_with_congestion,20,1062,heuristic,UNDISRUPTED,148912.000000,26080.000000,0.000000,0.000000,1308.000000,85194.000000,60.000000,36270.000000,0.000000,0.748910,403,28398,40,0.018519,1.000000,0,0,0,1,0.000000,0.000000,0.000000,0.037875,,True
heavy_port_disruption_comparison,primary_port_extended_closure_with_congestion,20,1062,heuristic,DISRUPTED,228644.000000,26800.000000,240.000000,0.000000,1780.000000,133554.000000,15600.000000,50670.000000,0.000000,0.649221,563,44518,1120,0.518519,9.285714,3,0,0,129,0.000000,0.000000,0.000000,0.006497,,True
heavy_port_disruption_comparison,primary_port_extended_closure_with_congestion,20,1062,llm_agent,UNDISRUPTED,148992.000000,26080.000000,80.000000,0.000000,1308.000000,85194.000000,60.000000,36270.000000,0.000000,0.748910,403,28398,40,0.018519,1.000000,1,0,0,1,0.000000,0.000000,0.000000,2007.755209,,True
heavy_port_disruption_comparison,primary_port_extended_closure_with_congestion,20,1062,llm_agent,DISRUPTED,155349.800000,47080.000000,320.000000,8400.000000,1311.800000,59628.000000,2340.000000,36270.000000,0.230530,0.748910,403,19876,80,0.037037,19.500000,4,21,840,25,0.000000,0.000000,0.000000,2386.208663,,True
heavy_port_disruption_comparison,primary_port_extended_closure_with_congestion,21,1063,heuristic,UNDISRUPTED,133457.000000,26080.000000,0.000000,0.000000,1312.000000,74745.000000,0.000000,31320.000000,0.000000,0.777778,348,24915,0,0.000000,0.000000,0,0,0,0,0.000000,0.000000,0.000000,0.000000,,True
heavy_port_disruption_comparison,primary_port_extended_closure_with_congestion,21,1063,heuristic,DISRUPTED,213429.000000,26800.000000,240.000000,0.000000,1784.000000,123345.000000,15540.000000,45720.000000,0.000000,0.675607,508,41115,1120,0.518519,9.250000,3,0,0,129,0.000000,0.000000,0.000000,0.006439,,True
heavy_port_disruption_comparison,primary_port_extended_closure_with_congestion,21,1063,llm_agent,UNDISRUPTED,133457.000000,26080.000000,0.000000,0.000000,1312.000000,74745.000000,0.000000,31320.000000,0.000000,0.777778,348,24915,0,0.000000,0.000000,0,0,0,0,0.000000,0.000000,0.000000,0.000000,,True
heavy_port_disruption_comparison,primary_port_extended_closure_with_congestion,21,1063,llm_agent,DISRUPTED,141964.900000,47080.000000,320.000000,8400.000000,1372.900000,51132.000000,2340.000000,31320.000000,0.327586,0.777778,348,17044,80,0.037037,19.500000,4,21,840,25,0.000000,0.000000,0.000000,2412.756898,0,True
heavy_port_disruption_comparison,primary_port_extended_closure_with_congestion,22,1064,heuristic,UNDISRUPTED,137191.000000,26080.000000,0.000000,0.000000,1428.000000,76473.000000,0.000000,33210.000000,0.000000,0.767045,369,25491,0,0.000000,0.000000,0,0,0,0,0.000000,0.000000,0.000000,0.000000,,True
heavy_port_disruption_comparison,primary_port_extended_closure_with_congestion,22,1064,heuristic,DISRUPTED,209903.000000,26800.000000,240.000000,0.000000,1780.000000,121353.000000,15720.000000,44010.000000,0.000000,0.691288,489,40451,1120,0.509091,9.357143,3,0,0,128,0.000000,0.000000,0.000000,0.006659,,True
heavy_port_disruption_comparison,primary_port_extended_closure_with_congestion,22,1064,llm_agent,UNDISRUPTED,137191.000000,26080.000000,0.000000,0.000000,1428.000000,76473.000000,0.000000,33210.000000,0.000000,0.767045,369,25491,0,0.000000,0.000000,0,0,0,0,0.000000,0.000000,0.000000,0.000000,,True
heavy_port_disruption_comparison,primary_port_extended_closure_with_congestion,22,1064,llm_agent,DISRUPTED,144996.100000,47080.000000,320.000000,8400.000000,1470.100000,52176.000000,2340.000000,33210.000000,0.352904,0.767045,369,17392,80,0.036364,19.500000,4,21,840,25,0.000000,0.000000,0.000000,2504.128660,0,True
heavy_port_disruption_comparison,primary_port_extended_closure_with_congestion,23,1065,heuristic,UNDISRUPTED,140241.000000,26080.000000,0.000000,0.000000,1316.000000,79185.000000,0.000000,33660.000000,0.000000,0.765957,374,26395,0,0.000000,0.000000,0,0,0,0,0.000000,0.000000,0.000000,0.000000,,True
heavy_port_disruption_comparison,primary_port_extended_closure_with_congestion,23,1065,heuristic,DISRUPTED,220213.000000,26800.000000,240.000000,0.000000,1788.000000,127785.000000,15540.000000,48060.000000,0.000000,0.665832,534,42595,1120,0.518519,9.250000,3,0,0,129,0.000000,0.000000,0.000000,0.005946,,True
heavy_port_disruption_comparison,primary_port_extended_closure_with_congestion,23,1065,llm_agent,UNDISRUPTED,140241.000000,26080.000000,0.000000,0.000000,1316.000000,79185.000000,0.000000,33660.000000,0.000000,0.765957,374,26395,0,0.000000,0.000000,0,0,0,0,0.000000,0.000000,0.000000,0.000000,,True
heavy_port_disruption_comparison,primary_port_extended_closure_with_congestion,23,1065,llm_agent,DISRUPTED,148234.300000,47080.000000,320.000000,8400.000000,1360.300000,55074.000000,2340.000000,33660.000000,0.309762,0.765957,374,18358,80,0.037037,19.500000,4,21,840,25,0.000000,0.000000,0.000000,2397.384513,0,True
heavy_port_disruption_comparison,primary_port_extended_closure_with_congestion,24,1066,heuristic,UNDISRUPTED,147925.000000,26080.000000,0.000000,0.000000,1308.000000,84447.000000,0.000000,36090.000000,0.000000,0.748274,401,28149,0,0.000000,0.000000,0,0,0,0,0.000000,0.000000,0.000000,0.000000,,True
heavy_port_disruption_comparison,primary_port_extended_closure_with_congestion,24,1066,heuristic,DISRUPTED,253721.000000,26800.000000,240.000000,0.000000,2104.000000,146007.000000,17280.000000,61290.000000,0.000000,0.572505,681,48669,1200,0.545455,9.600000,3,0,0,150,0.000000,0.000000,0.000000,0.006279,,True
heavy_port_disruption_comparison,primary_port_extended_closure_with_congestion,24,1066,llm_agent,UNDISRUPTED,147925.000000,26080.000000,0.000000,0.000000,1308.000000,84447.000000,0.000000,36090.000000,0.000000,0.748274,401,28149,0,0.000000,0.000000,0,0,0,0,0.000000,0.000000,0.000000,0.000000,,True
heavy_port_disruption_comparison,primary_port_extended_closure_with_congestion,24,1066,llm_agent,DISRUPTED,154991.400000,47080.000000,320.000000,8400.000000,1322.400000,59319.000000,2460.000000,36090.000000,0.300691,0.748274,401,19773,80,0.036364,20.500000,4,21,840,25,0.000000,0.000000,0.000000,2627.831532,0,True
heavy_port_disruption_comparison,primary_port_extended_closure_with_congestion,25,1067,heuristic,UNDISRUPTED,145710.000000,26080.000000,0.000000,0.000000,1304.000000,83226.000000,0.000000,35100.000000,0.000000,0.755025,390,27742,0,0.000000,0.000000,0,0,0,0,0.000000,0.000000,0.000000,0.000000,,True
heavy_port_disruption_comparison,primary_port_extended_closure_with_congestion,25,1067,heuristic,DISRUPTED,225446.000000,26800.000000,240.000000,0.000000,1780.000000,131586.000000,15540.000000,49500.000000,0.000000,0.654523,550,43862,1120,0.518519,9.250000,3,0,0,129,0.000000,0.000000,0.000000,0.006577,,True
heavy_port_disruption_comparison,primary_port_extended_closure_with_congestion,25,1067,llm_agent,UNDISRUPTED,145710.000000,26080.000000,0.000000,0.000000,1304.000000,83226.000000,0.000000,35100.000000,0.000000,0.755025,390,27742,0,0.000000,0.000000,0,0,0,0,0.000000,0.000000,0.000000,0.000000,,True
heavy_port_disruption_comparison,primary_port_extended_closure_with_congestion,25,1067,llm_agent,DISRUPTED,152210.000000,47080.000000,320.000000,8400.000000,1304.000000,57666.000000,2340.000000,35100.000000,0.266960,0.755025,390,19222,80,0.037037,19.500000,4,21,840,25,0.000000,0.000000,0.000000,2736.113338,,True
heavy_port_disruption_comparison,primary_port_extended_closure_with_congestion,26,1068,heuristic,UNDISRUPTED,134043.000000,26080.000000,0.000000,0.000000,1304.000000,75339.000000,0.000000,31320.000000,0.000000,0.775194,348,25113,0,0.000000,0.000000,0,0,0,0,0.000000,0.000000,0.000000,0.000000,,True
heavy_port_disruption_comparison,primary_port_extended_closure_with_congestion,26,1068,heuristic,DISRUPTED,214067.000000,26800.000000,240.000000,0.000000,1768.000000,123819.000000,15720.000000,45720.000000,0.000000,0.671835,508,41273,1120,0.518519,9.357143,3,0,0,129,0.000000,0.000000,0.000000,0.006391,,True
heavy_port_disruption_comparison,primary_port_extended_closure_with_congestion,26,1068,llm_agent,UNDISRUPTED,134043.000000,26080.000000,0.000000,0.000000,1304.000000,75339.000000,0.000000,31320.000000,0.000000,0.775194,348,25113,0,0.000000,0.000000,0,0,0,0,0.000000,0.000000,0.000000,0.000000,,True
heavy_port_disruption_comparison,primary_port_extended_closure_with_congestion,26,1068,llm_agent,DISRUPTED,142001.300000,47080.000000,320.000000,8400.000000,1343.300000,51198.000000,2340.000000,31320.000000,0.341085,0.775194,348,17066,80,0.037037,19.500000,4,21,840,25,0.000000,0.000000,0.000000,2559.005780,0,True
heavy_port_disruption_comparison,primary_port_extended_closure_with_congestion,27,1069,heuristic,UNDISRUPTED,143386.000000,26400.000000,0.000000,0.000000,1312.000000,81024.000000,0.000000,34650.000000,0.000000,0.758014,385,27008,0,0.000000,0.000000,0,0,0,0,0.000000,0.000000,0.000000,0.000000,,True
heavy_port_disruption_comparison,primary_port_extended_closure_with_congestion,27,1069,heuristic,DISRUPTED,236070.000000,27120.000000,240.000000,0.000000,1896.000000,136704.000000,17460.000000,52650.000000,0.000000,0.632307,585,45568,1160,0.537037,10.034483,3,0,0,134,0.000000,0.000000,0.000000,0.006493,,True
heavy_port_disruption_comparison,primary_port_extended_closure_with_congestion,27,1069,llm_agent,UNDISRUPTED,143386.000000,26400.000000,0.000000,0.000000,1312.000000,81024.000000,0.000000,34650.000000,0.000000,0.758014,385,27008,0,0.000000,0.000000,0,0,0,0,0.000000,0.000000,0.000000,0.000000,,True
heavy_port_disruption_comparison,primary_port_extended_closure_with_congestion,27,1069,llm_agent,DISRUPTED,154366.000000,47400.000000,480.000000,8400.000000,1312.000000,58344.000000,3780.000000,34650.000000,0.169076,0.758014,385,19448,120,0.055556,21.000000,6,21,840,27,0.000000,0.000000,0.000000,2492.901469,,True
heavy_port_disruption_comparison,primary_port_extended_closure_with_congestion,28,1070,heuristic,UNDISRUPTED,133153.000000,26080.000000,0.000000,0.000000,1308.000000,75165.000000,0.000000,30600.000000,0.000000,0.785759,340,25055,0,0.000000,0.000000,0,0,0,0,0.000000,0.000000,0.000000,0.000000,,True
heavy_port_disruption_comparison,primary_port_extended_closure_with_congestion,28,1070,heuristic,DISRUPTED,213669.000000,26800.000000,240.000000,0.000000,1784.000000,124005.000000,15840.000000,45000.000000,0.000000,0.684940,500,41335,1120,0.518519,9.428571,3,0,0,129,0.000000,0.000000,0.000000,0.006696,,True
heavy_port_disruption_comparison,primary_port_extended_closure_with_congestion,28,1070,llm_agent,UNDISRUPTED,133153.000000,26080.000000,0.000000,0.000000,1308.000000,75165.000000,0.000000,30600.000000,0.000000,0.785759,340,25055,0,0.000000,0.000000,0,0,0,0,0.000000,0.000000,0.000000,0.000000,,True
heavy_port_disruption_comparison,primary_port_extended_closure_with_congestion,28,1070,llm_agent,DISRUPTED,140500.200000,47080.000000,320.000000,8400.000000,1339.200000,50421.000000,2340.000000,30600.000000,0.344675,0.785759,340,16807,80,0.037037,19.500000,4,21,840,25,0.000000,0.000000,0.000000,2478.183052,0,True
heavy_port_disruption_comparison,primary_port_extended_closure_with_congestion,29,1071,heuristic,UNDISRUPTED,135994.000000,26080.000000,0.000000,0.000000,1308.000000,75486.000000,0.000000,33120.000000,0.000000,0.772559,368,25162,0,0.000000,0.000000,0,0,0,0,0.000000,0.000000,0.000000,0.000000,,True
heavy_port_disruption_comparison,primary_port_extended_closure_with_congestion,29,1071,heuristic,DISRUPTED,216266.000000,26800.000000,240.000000,0.000000,1780.000000,124206.000000,15720.000000,47520.000000,0.000000,0.673671,528,41402,1120,0.509091,9.357143,3,0,0,129,0.000000,0.000000,0.000000,0.006379,,True
heavy_port_disruption_comparison,primary_port_extended_closure_with_congestion,29,1071,llm_agent,UNDISRUPTED,135994.000000,26080.000000,0.000000,0.000000,1308.000000,75486.000000,0.000000,33120.000000,0.000000,0.772559,368,25162,0,0.000000,0.000000,0,0,0,0,0.000000,0.000000,0.000000,0.000000,,True
heavy_port_disruption_comparison,primary_port_extended_closure_with_congestion,29,1071,llm_agent,DISRUPTED,144775.600000,47080.000000,320.000000,8400.000000,1381.600000,52134.000000,2340.000000,33120.000000,0.344870,0.772559,368,17378,80,0.036364,19.500000,4,21,840,25,0.000000,0.000000,0.000000,2424.256602,0,True
heavy_port_disruption_comparison,primary_port_extended_closure_with_congestion,30,1072,heuristic,UNDISRUPTED,148311.000000,26080.000000,0.000000,0.000000,1316.000000,84645.000000,0.000000,36270.000000,0.000000,0.749378,403,28215,0,0.000000,0.000000,0,0,0,0,0.000000,0.000000,0.000000,0.000000,,True
heavy_port_disruption_comparison,primary_port_extended_closure_with_congestion,30,1072,heuristic,DISRUPTED,227803.000000,26800.000000,240.000000,0.000000,1788.000000,132765.000000,15540.000000,50670.000000,0.000000,0.649876,563,44255,1120,0.509091,9.250000,3,0,0,129,0.000000,0.000000,0.000000,0.005774,,True
heavy_port_disruption_comparison,primary_port_extended_closure_with_congestion,30,1072,llm_agent,UNDISRUPTED,148311.000000,26080.000000,0.000000,0.000000,1316.000000,84645.000000,0.000000,36270.000000,0.000000,0.749378,403,28215,0,0.000000,0.000000,0,0,0,0,0.000000,0.000000,0.000000,0.000000,,True
heavy_port_disruption_comparison,primary_port_extended_closure_with_congestion,30,1072,llm_agent,DISRUPTED,154602.000000,47080.000000,320.000000,8400.000000,1317.000000,58875.000000,2340.000000,36270.000000,0.271766,0.749378,403,19625,80,0.036364,19.500000,4,21,840,25,0.000000,0.000000,0.000000,2972.234577,0,True
heavy_port_disruption_comparison,primary_port_extended_closure_with_congestion,31,1073,heuristic,UNDISRUPTED,137924.000000,26080.000000,0.000000,0.000000,1312.000000,77322.000000,0.000000,33210.000000,0.000000,0.766603,369,25774,0,0.000000,0.000000,0,0,0,0,0.000000,0.000000,0.000000,0.000000,,True
heavy_port_disruption_comparison,primary_port_extended_closure_with_congestion,31,1073,heuristic,DISRUPTED,218016.000000,26800.000000,240.000000,0.000000,1784.000000,126042.000000,15540.000000,47610.000000,0.000000,0.665402,529,42014,1120,0.518519,9.250000,3,0,0,129,0.000000,0.000000,0.000000,0.006495,,True
heavy_port_disruption_comparison,primary_port_extended_closure_with_congestion,31,1073,llm_agent,UNDISRUPTED,137924.000000,26080.000000,0.000000,0.000000,1312.000000,77322.000000,0.000000,33210.000000,0.000000,0.766603,369,25774,0,0.000000,0.000000,0,0,0,0,0.000000,0.000000,0.000000,0.000000,,True
heavy_port_disruption_comparison,primary_port_extended_closure_with_congestion,31,1073,llm_agent,DISRUPTED,146052.800000,47080.000000,320.000000,8400.000000,1356.800000,53346.000000,2340.000000,33210.000000,0.356104,0.766603,369,17782,80,0.037037,19.500000,4,21,840,25,0.000000,0.000000,0.000000,2513.787033,0,True
heavy_port_disruption_comparison,primary_port_extended_closure_with_congestion,32,1074,heuristic,UNDISRUPTED,138218.000000,26080.000000,0.000000,0.000000,1312.000000,77376.000000,60.000000,33390.000000,0.000000,0.769851,371,25792,40,0.018519,1.000000,0,0,0,0,0.000000,0.000000,0.000000,0.000000,,True
heavy_port_disruption_comparison,primary_port_extended_closure_with_congestion,32,1074,heuristic,DISRUPTED,218070.000000,26800.000000,240.000000,0.000000,1784.000000,125856.000000,15600.000000,47790.000000,0.000000,0.670596,531,41952,1160,0.537037,8.965517,3,0,0,129,0.000000,0.000000,0.000000,0.006471,,True
heavy_port_disruption_comparison,primary_port_extended_closure_with_congestion,32,1074,llm_agent,UNDISRUPTED,138218.000000,26080.000000,0.000000,0.000000,1312.000000,77376.000000,60.000000,33390.000000,0.000000,0.769851,371,25792,40,0.018519,1.000000,0,0,0,0,0.000000,0.000000,0.000000,0.000000,,True
heavy_port_disruption_comparison,primary_port_extended_closure_with_congestion,32,1074,llm_agent,DISRUPTED,146398.200000,47080.000000,320.000000,8400.000000,1366.200000,53442.000000,2400.000000,33390.000000,0.348635,0.769851,371,17814,120,0.055556,13.333333,4,21,840,25,0.000000,0.000000,0.000000,2624.250762,0,True
heavy_port_disruption_comparison,primary_port_extended_closure_with_congestion,33,1075,heuristic,UNDISRUPTED,119568.000000,26080.000000,0.000000,0.000000,1316.000000,64902.000000,0.000000,27270.000000,0.000000,0.805395,303,21634,0,0.000000,0.000000,0,0,0,0,0.000000,0.000000,0.000000,0.000000,,True
heavy_port_disruption_comparison,primary_port_extended_closure_with_congestion,33,1075,heuristic,DISRUPTED,199840.000000,26800.000000,240.000000,0.000000,1788.000000,113742.000000,15600.000000,41670.000000,0.000000,0.702633,463,37914,1120,0.518519,9.285714,3,0,0,129,0.000000,0.000000,0.000000,0.006463,,True
heavy_port_disruption_comparison,primary_port_extended_closure_with_congestion,33,1075,llm_agent,UNDISRUPTED,119568.000000,26080.000000,0.000000,0.000000,1316.000000,64902.000000,0.000000,27270.000000,0.000000,0.805395,303,21634,0,0.000000,0.000000,0,0,0,0,0.000000,0.000000,0.000000,0.000000,,True
heavy_port_disruption_comparison,primary_port_extended_closure_with_congestion,33,1075,llm_agent,DISRUPTED,130117.900000,47080.000000,320.000000,8400.000000,1438.900000,43269.000000,2340.000000,27270.000000,0.405909,0.805395,303,14423,80,0.037037,19.500000,4,21,840,25,0.000000,0.000000,0.000000,2585.897525,0,True
heavy_port_disruption_comparison,primary_port_extended_closure_with_congestion,34,1076,heuristic,UNDISRUPTED,158820.000000,26080.000000,0.000000,0.000000,1316.000000,90744.000000,0.000000,40680.000000,0.000000,0.727218,452,30248,0,0.000000,0.000000,0,0,0,0,0.000000,0.000000,0.000000,0.000000,,True
heavy_port_disruption_comparison,primary_port_extended_closure_with_congestion,34,1076,heuristic,DISRUPTED,238852.000000,26800.000000,240.000000,0.000000,1788.000000,139344.000000,15600.000000,55080.000000,0.000000,0.630658,612,46448,1120,0.518519,9.285714,3,0,0,128,0.000000,0.000000,0.000000,0.006591,,True
heavy_port_disruption_comparison,primary_port_extended_closure_with_congestion,34,1076,llm_agent,UNDISRUPTED,158820.000000,26080.000000,0.000000,0.000000,1316.000000,90744.000000,0.000000,40680.000000,0.000000,0.727218,452,30248,0,0.000000,0.000000,0,0,0,0,0.000000,0.000000,0.000000,0.000000,,True
heavy_port_disruption_comparison,primary_port_extended_closure_with_congestion,34,1076,llm_agent,DISRUPTED,165730.500000,47080.000000,320.000000,8400.000000,1321.500000,65589.000000,2340.000000,40680.000000,0.246832,0.727218,452,21863,80,0.037037,19.500000,4,21,840,25,0.000000,0.000000,0.000000,2646.084108,,True
heavy_port_disruption_comparison,primary_port_extended_closure_with_congestion,35,1077,heuristic,UNDISRUPTED,141440.000000,26080.000000,0.000000,0.000000,1312.000000,79308.000000,0.000000,34740.000000,0.000000,0.762169,386,26436,0,0.000000,0.000000,0,0,0,0,0.000000,0.000000,0.000000,0.000000,,True
heavy_port_disruption_comparison,primary_port_extended_closure_with_congestion,35,1077,heuristic,DISRUPTED,221412.000000,26800.000000,240.000000,0.000000,1784.000000,127908.000000,15540.000000,49140.000000,0.000000,0.663586,546,42636,1120,0.518519,9.250000,3,0,0,124,0.000000,0.000000,0.000000,0.006706,,True
heavy_port_disruption_comparison,primary_port_extended_closure_with_congestion,35,1077,llm_agent,UNDISRUPTED,141440.000000,26080.000000,0.000000,0.000000,1312.000000,79308.000000,0.000000,34740.000000,0.000000,0.762169,386,26436,0,0.000000,0.000000,0,0,0,0,0.000000,0.000000,0.000000,0.000000,,True
heavy_port_disruption_comparison,primary_port_extended_closure_with_congestion,35,1077,llm_agent,DISRUPTED,149810.600000,47080.000000,320.000000,8400.000000,1364.600000,55566.000000,2340.000000,34740.000000,0.362292,0.762169,386,18522,80,0.037037,19.500000,4,21,840,25,0.000000,0.000000,0.000000,2635.984408,0,True
heavy_port_disruption_comparison,primary_port_extended_closure_with_congestion,36,1078,heuristic,UNDISRUPTED,149859.000000,26080.000000,0.000000,0.000000,1436.000000,84003.000000,0.000000,38340.000000,0.000000,0.734248,426,28001,0,0.000000,0.000000,0,0,0,0,0.000000,0.000000,0.000000,0.000000,,True
heavy_port_disruption_comparison,primary_port_extended_closure_with_congestion,36,1078,heuristic,DISRUPTED,222511.000000,26800.000000,240.000000,0.000000,1788.000000,129003.000000,15540.000000,49140.000000,0.000000,0.659389,546,43001,1120,0.518519,9.250000,3,0,0,129,0.000000,0.000000,0.000000,0.006579,,True
heavy_port_disruption_comparison,primary_port_extended_closure_with_congestion,36,1078,llm_agent,UNDISRUPTED,149859.000000,26080.000000,0.000000,0.000000,1436.000000,84003.000000,0.000000,38340.000000,0.000000,0.734248,426,28001,0,0.000000,0.000000,0,0,0,0,0.000000,0.000000,0.000000,0.000000,,True
heavy_port_disruption_comparison,primary_port_extended_closure_with_congestion,36,1078,llm_agent,DISRUPTED,157256.200000,47080.000000,320.000000,8400.000000,1457.200000,59319.000000,2340.000000,38340.000000,0.338740,0.734248,426,19773,80,0.037037,19.500000,4,21,840,25,0.000000,0.000000,0.000000,2548.099113,0,True
heavy_port_disruption_comparison,primary_port_extended_closure_with_congestion,37,1079,heuristic,UNDISRUPTED,131639.000000,26400.000000,0.000000,0.000000,1316.000000,73683.000000,0.000000,30240.000000,0.000000,0.781107,336,24561,0,0.000000,0.000000,0,0,0,0,0.000000,0.000000,0.000000,0.000000,,True
heavy_port_disruption_comparison,primary_port_extended_closure_with_congestion,37,1079,heuristic,DISRUPTED,223663.000000,27120.000000,240.000000,0.000000,1900.000000,128883.000000,17280.000000,48240.000000,0.000000,0.650814,536,42961,1160,0.537037,9.931034,3,0,0,139,0.000000,0.000000,0.000000,0.006848,,True
heavy_port_disruption_comparison,primary_port_extended_closure_with_congestion,37,1079,llm_agent,UNDISRUPTED,131639.000000,26400.000000,0.000000,0.000000,1316.000000,73683.000000,0.000000,30240.000000,0.000000,0.781107,336,24561,0,0.000000,0.000000,0,0,0,0,0.000000,0.000000,0.000000,0.000000,,True
heavy_port_disruption_comparison,primary_port_extended_closure_with_congestion,37,1079,llm_agent,DISRUPTED,142096.300000,47400.000000,480.000000,8400.000000,1324.300000,50652.000000,3600.000000,30240.000000,0.268404,0.781107,336,16884,120,0.055556,20.000000,6,21,840,27,0.000000,0.000000,0.000000,2565.733962,0,True
heavy_port_disruption_comparison,primary_port_extended_closure_with_congestion,38,1080,heuristic,UNDISRUPTED,133146.000000,26080.000000,0.000000,0.000000,1316.000000,74700.000000,0.000000,31050.000000,0.000000,0.779271,345,24900,0,0.000000,0.000000,0,0,0,0,0.000000,0.000000,0.000000,0.000000,,True
heavy_port_disruption_comparison,primary_port_extended_closure_with_congestion,38,1080,heuristic,DISRUPTED,238890.000000,26800.000000,240.000000,0.000000,2120.000000,136380.000000,17100.000000,56250.000000,0.000000,0.600128,625,45460,1160,0.537037,9.827586,3,0,0,149,0.000000,0.000000,0.000000,0.005813,,True
heavy_port_disruption_comparison,primary_port_extended_closure_with_congestion,38,1080,llm_agent,UNDISRUPTED,133146.000000,26080.000000,0.000000,0.000000,1316.000000,74700.000000,0.000000,31050.000000,0.000000,0.779271,345,24900,0,0.000000,0.000000,0,0,0,0,0.000000,0.000000,0.000000,0.000000,,True
heavy_port_disruption_comparison,primary_port_extended_closure_with_congestion,38,1080,llm_agent,DISRUPTED,141410.300000,47080.000000,320.000000,8400.000000,1361.300000,50739.000000,2460.000000,31050.000000,0.332694,0.779271,345,16913,80,0.037037,20.500000,4,21,840,25,0.000000,0.000000,0.000000,2404.854467,0,True
heavy_port_disruption_comparison,primary_port_extended_closure_with_congestion,39,1081,heuristic,UNDISRUPTED,141155.000000,26080.000000,0.000000,0.000000,1312.000000,79593.000000,60.000000,34110.000000,0.000000,0.763421,379,26531,40,0.018519,1.000000,0,0,0,1,0.000000,0.000000,0.000000,0.017833,,True
heavy_port_disruption_comparison,primary_port_extended_closure_with_congestion,39,1081,heuristic,DISRUPTED,220587.000000,26800.000000,240.000000,0.000000,1784.000000,127713.000000,15540.000000,48510.000000,0.000000,0.663546,539,42571,1120,0.518519,9.250000,3,0,0,129,0.000000,0.000000,0.000000,0.006428,,True
heavy_port_disruption_comparison,primary_port_extended_closure_with_congestion,39,1081,llm_agent,UNDISRUPTED,141235.000000,26080.000000,80.000000,0.000000,1312.000000,79593.000000,60.000000,34110.000000,0.000000,0.763421,379,26531,40,0.018519,1.000000,1,0,0,1,0.000000,0.000000,0.000000,1992.215334,,True
heavy_port_disruption_comparison,primary_port_extended_closure_with_congestion,39,1081,llm_agent,DISRUPTED,148199.100000,47080.000000,320.000000,8400.000000,1343.100000,54606.000000,2340.000000,34110.000000,0.350811,0.763421,379,18202,80,0.037037,19.500000,4,21,840,25,0.000000,0.000000,0.000000,2221.043265,0,True
heavy_port_disruption_comparison,primary_port_extended_closure_with_congestion,40,1082,heuristic,UNDISRUPTED,150383.000000,26080.000000,0.000000,0.000000,1312.000000,86451.000000,0.000000,36540.000000,0.000000,0.750154,406,28817,0,0.000000,0.000000,0,0,0,0,0.000000,0.000000,0.000000,0.000000,,True
heavy_port_disruption_comparison,primary_port_extended_closure_with_congestion,40,1082,heuristic,DISRUPTED,230527.000000,26800.000000,240.000000,0.000000,1776.000000,135051.000000,15720.000000,50940.000000,0.000000,0.651692,566,45017,1120,0.518519,9.357143,3,0,0,124,0.000000,0.000000,0.000000,0.006565,,True
heavy_port_disruption_comparison,primary_port_extended_closure_with_congestion,40,1082,llm_agent,UNDISRUPTED,150383.000000,26080.000000,0.000000,0.000000,1312.000000,86451.000000,0.000000,36540.000000,0.000000,0.750154,406,28817,0,0.000000,0.000000,0,0,0,0,0.000000,0.000000,0.000000,0.000000,,True
heavy_port_disruption_comparison,primary_port_extended_closure_with_congestion,40,1082,llm_agent,DISRUPTED,157123.000000,47080.000000,320.000000,8400.000000,1312.000000,61131.000000,2340.000000,36540.000000,0.039385,0.750154,406,20377,80,0.037037,19.500000,4,21,840,25,0.000000,0.000000,0.000000,2250.066812,,True
heavy_port_disruption_comparison,primary_port_extended_closure_with_congestion,41,1083,heuristic,UNDISRUPTED,131117.000000,26080.000000,0.000000,0.000000,1312.000000,73215.000000,0.000000,30510.000000,0.000000,0.789572,339,24405,0,0.000000,0.000000,0,0,0,0,0.000000,0.000000,0.000000,0.000000,,True
heavy_port_disruption_comparison,primary_port_extended_closure_with_congestion,41,1083,heuristic,DISRUPTED,237165.000000,26800.000000,240.000000,0.000000,2120.000000,135015.000000,17280.000000,55710.000000,0.000000,0.615767,619,45005,1160,0.537037,9.931034,3,0,0,150,0.000000,0.000000,0.000000,0.006331,,True
heavy_port_disruption_comparison,primary_port_extended_closure_with_congestion,41,1083,llm_agent,UNDISRUPTED,131117.000000,26080.000000,0.000000,0.000000,1312.000000,73215.000000,0.000000,30510.000000,0.000000,0.789572,339,24405,0,0.000000,0.000000,0,0,0,0,0.000000,0.000000,0.000000,0.000000,,True
heavy_port_disruption_comparison,primary_port_extended_closure_with_congestion,41,1083,llm_agent,DISRUPTED,139488.500000,47080.000000,320.000000,8400.000000,1368.500000,49350.000000,2460.000000,30510.000000,0.345748,0.789572,339,16450,80,0.037037,20.500000,4,21,840,25,0.000000,0.000000,0.000000,2318.508575,0,True
heavy_port_disruption_comparison,primary_port_extended_closure_with_congestion,42,1084,heuristic,UNDISRUPTED,129184.000000,26080.000000,0.000000,0.000000,1308.000000,71556.000000,0.000000,30240.000000,0.000000,0.790000,336,23852,0,0.000000,0.000000,0,0,0,0,0.000000,0.000000,0.000000,0.000000,,True
heavy_port_disruption_comparison,primary_port_extended_closure_with_congestion,42,1084,heuristic,DISRUPTED,209160.000000,26800.000000,240.000000,0.000000,1784.000000,120036.000000,15660.000000,44640.000000,0.000000,0.690000,496,40012,1120,0.518519,9.321429,3,0,0,124,0.000000,0.000000,0.000000,0.006571,,True
heavy_port_disruption_comparison,primary_port_extended_closure_with_congestion,42,1084,llm_agent,UNDISRUPTED,129184.000000,26080.000000,0.000000,0.000000,1308.000000,71556.000000,0.000000,30240.000000,0.000000,0.790000,336,23852,0,0.000000,0.000000,0,0,0,0,0.000000,0.000000,0.000000,0.000000,,True
heavy_port_disruption_comparison,primary_port_extended_closure_with_congestion,42,1084,llm_agent,DISRUPTED,137974.900000,47080.000000,320.000000,8400.000000,1381.900000,48213.000000,2340.000000,30240.000000,0.345000,0.790000,336,16071,80,0.037037,19.500000,4,21,840,25,0.000000,0.000000,0.000000,2191.229005,0,True
heavy_port_disruption_comparison,primary_port_extended_closure_with_congestion,43,1085,heuristic,UNDISRUPTED,147773.000000,26080.000000,0.000000,0.000000,1312.000000,84471.000000,0.000000,35910.000000,0.000000,0.753247,399,28157,0,0.000000,0.000000,0,0,0,0,0.000000,0.000000,0.000000,0.000000,,True
heavy_port_disruption_comparison,primary_port_extended_closure_with_congestion,43,1085,heuristic,DISRUPTED,228105.000000,26800.000000,240.000000,0.000000,1784.000000,133191.000000,15780.000000,50310.000000,0.000000,0.654298,559,44397,1120,0.518519,9.392857,3,0,0,129,0.000000,0.000000,0.000000,0.006556,,True
heavy_port_disruption_comparison,primary_port_extended_closure_with_congestion,43,1085,llm_agent,UNDISRUPTED,147773.000000,26080.000000,0.000000,0.000000,1312.000000,84471.000000,0.000000,35910.000000,0.000000,0.753247,399,28157,0,0.000000,0.000000,0,0,0,0,0.000000,0.000000,0.000000,0.000000,,True
heavy_port_disruption_comparison,primary_port_extended_closure_with_congestion,43,1085,llm_agent,DISRUPTED,154335.000000,47080.000000,320.000000,8400.000000,1314.000000,58971.000000,2340.000000,35910.000000,0.259740,0.753247,399,19657,80,0.037037,19.500000,4,21,840,25,0.000000,0.000000,0.000000,2118.052602,0,True
heavy_port_disruption_comparison,primary_port_extended_closure_with_congestion,44,1086,heuristic,UNDISRUPTED,125976.000000,26080.000000,0.000000,0.000000,1316.000000,70140.000000,0.000000,28440.000000,0.000000,0.796260,316,23380,0,0.000000,0.000000,0,0,0,0,0.000000,0.000000,0.000000,0.000000,,True
heavy_port_disruption_comparison,primary_port_extended_closure_with_congestion,44,1086,heuristic,DISRUPTED,205468.000000,26800.000000,240.000000,0.000000,1788.000000,118260.000000,15540.000000,42840.000000,0.000000,0.693101,476,39420,1120,0.518519,9.250000,3,0,0,124,0.000000,0.000000,0.000000,0.006497,,True
heavy_port_disruption_comparison,primary_port_extended_closure_with_congestion,44,1086,llm_agent,UNDISRUPTED,125976.000000,26080.000000,0.000000,0.000000,1316.000000,70140.000000,0.000000,28440.000000,0.000000,0.796260,316,23380,0,0.000000,0.000000,0,0,0,0,0.000000,0.000000,0.000000,0.000000,,True
heavy_port_disruption_comparison,primary_port_extended_closure_with_congestion,44,1086,llm_agent,DISRUPTED,134322.300000,47080.000000,320.000000,8400.000000,1383.300000,46359.000000,2340.000000,28440.000000,0.364926,0.796260,316,15453,80,0.037037,19.500000,4,21,840,25,0.000000,0.000000,0.000000,2179.271368,0,True
heavy_port_disruption_comparison,primary_port_extended_closure_with_congestion,45,1087,heuristic,UNDISRUPTED,149845.000000,26080.000000,0.000000,0.000000,1308.000000,85467.000000,0.000000,36990.000000,0.000000,0.741672,411,28489,0,0.000000,0.000000,0,0,0,0,0.000000,0.000000,0.000000,0.000000,,True
heavy_port_disruption_comparison,primary_port_extended_closure_with_congestion,45,1087,heuristic,DISRUPTED,229577.000000,26800.000000,240.000000,0.000000,1780.000000,133827.000000,15540.000000,51390.000000,0.000000,0.641106,571,44609,1120,0.518519,9.250000,3,0,0,129,0.000000,0.000000,0.000000,0.006360,,True
heavy_port_disruption_comparison,primary_port_extended_closure_with_congestion,45,1087,llm_agent,UNDISRUPTED,149845.000000,26080.000000,0.000000,0.000000,1308.000000,85467.000000,0.000000,36990.000000,0.000000,0.741672,411,28489,0,0.000000,0.000000,0,0,0,0,0.000000,0.000000,0.000000,0.000000,,True
heavy_port_disruption_comparison,primary_port_extended_closure_with_congestion,45,1087,llm_agent,DISRUPTED,156431.800000,47080.000000,320.000000,8400.000000,1310.800000,59991.000000,2340.000000,36990.000000,0.219359,0.741672,411,19997,80,0.037037,19.500000,4,21,840,25,0.000000,0.000000,0.000000,2466.525812,1,True
heavy_port_disruption_comparison,primary_port_extended_closure_with_congestion,46,1088,heuristic,UNDISRUPTED,142976.000000,26080.000000,0.000000,0.000000,1312.000000,81834.000000,0.000000,33750.000000,0.000000,0.765038,375,27278,0,0.000000,0.000000,0,0,0,0,0.000000,0.000000,0.000000,0.000000,,True
heavy_port_disruption_comparison,primary_port_extended_closure_with_congestion,46,1088,heuristic,DISRUPTED,222828.000000,26800.000000,240.000000,0.000000,1784.000000,130194.000000,15660.000000,48150.000000,0.000000,0.664787,535,43398,1120,0.518519,9.321429,3,0,0,129,0.000000,0.000000,0.000000,0.006571,,True
heavy_port_disruption_comparison,primary_port_extended_closure_with_congestion,46,1088,llm_agent,UNDISRUPTED,142976.000000,26080.000000,0.000000,0.000000,1312.000000,81834.000000,0.000000,33750.000000,0.000000,0.765038,375,27278,0,0.000000,0.000000,0,0,0,0,0.000000,0.000000,0.000000,0.000000,,True
heavy_port_disruption_comparison,primary_port_extended_closure_with_congestion,46,1088,llm_agent,DISRUPTED,149387.900000,47080.000000,320.000000,8400.000000,1316.900000,56181.000000,2340.000000,33750.000000,0.256892,0.765038,375,18727,80,0.037037,19.500000,4,21,840,25,0.000000,0.000000,0.000000,2576.012158,0,True
heavy_port_disruption_comparison,primary_port_extended_closure_with_congestion,47,1089,heuristic,UNDISRUPTED,143751.000000,26200.000000,0.000000,0.000000,1316.000000,82035.000000,0.000000,34200.000000,0.000000,0.762500,380,27345,0,0.000000,0.000000,0,0,0,0,0.000000,0.000000,0.000000,0.000000,,True
heavy_port_disruption_comparison,primary_port_extended_closure_with_congestion,47,1089,heuristic,DISRUPTED,223483.000000,26920.000000,240.000000,0.000000,1788.000000,130395.000000,15540.000000,48600.000000,0.000000,0.662500,540,43465,1120,0.509091,9.250000,3,0,0,129,0.000000,0.000000,0.000000,0.006353,,True
heavy_port_disruption_comparison,primary_port_extended_closure_with_congestion,47,1089,llm_agent,UNDISRUPTED,143751.000000,26200.000000,0.000000,0.000000,1316.000000,82035.000000,0.000000,34200.000000,0.000000,0.762500,380,27345,0,0.000000,0.000000,0,0,0,0,0.000000,0.000000,0.000000,0.000000,,True
heavy_port_disruption_comparison,primary_port_extended_closure_with_congestion,47,1089,llm_agent,DISRUPTED,150276.700000,47200.000000,320.000000,8400.000000,1320.700000,56496.000000,2340.000000,34200.000000,0.299375,0.762500,380,18832,80,0.036364,19.500000,4,21,840,25,0.000000,0.000000,0.000000,2408.554232,0,True
heavy_port_disruption_comparison,primary_port_extended_closure_with_congestion,48,1090,heuristic,UNDISRUPTED,146346.000000,26200.000000,0.000000,0.000000,1304.000000,82752.000000,0.000000,36090.000000,0.000000,0.753079,401,27584,0,0.000000,0.000000,0,0,0,0,0.000000,0.000000,0.000000,0.000000,,True
heavy_port_disruption_comparison,primary_port_extended_closure_with_congestion,48,1090,heuristic,DISRUPTED,226378.000000,26920.000000,240.000000,0.000000,1776.000000,131352.000000,15600.000000,50490.000000,0.000000,0.654557,561,43784,1120,0.518519,9.285714,3,0,0,129,0.000000,0.000000,0.000000,0.006462,,True
heavy_port_disruption_comparison,primary_port_extended_closure_with_congestion,48,1090,llm_agent,UNDISRUPTED,146346.000000,26200.000000,0.000000,0.000000,1304.000000,82752.000000,0.000000,36090.000000,0.000000,0.753079,401,27584,0,0.000000,0.000000,0,0,0,0,0.000000,0.000000,0.000000,0.000000,,True
heavy_port_disruption_comparison,primary_port_extended_closure_with_congestion,48,1090,llm_agent,DISRUPTED,153447.400000,47200.000000,320.000000,8400.000000,1323.400000,57774.000000,2340.000000,36090.000000,0.320813,0.753079,401,19258,80,0.037037,19.500000,4,21,840,25,0.000000,0.000000,0.000000,2588.476627,0,True
heavy_port_disruption_comparison,primary_port_extended_closure_with_congestion,49,1091,heuristic,UNDISRUPTED,116785.000000,26080.000000,0.000000,0.000000,1308.000000,63297.000000,0.000000,26100.000000,0.000000,0.813744,290,21099,0,0.000000,0.000000,0,0,0,0,0.000000,0.000000,0.000000,0.000000,,True
heavy_port_disruption_comparison,primary_port_extended_closure_with_congestion,49,1091,heuristic,DISRUPTED,204609.000000,26800.000000,240.000000,0.000000,1892.000000,115617.000000,15960.000000,44100.000000,0.000000,0.685292,490,38539,1120,0.518519,9.500000,3,0,0,126,0.000000,0.000000,0.000000,0.006749,,True
heavy_port_disruption_comparison,primary_port_extended_closure_with_congestion,49,1091,llm_agent,UNDISRUPTED,116785.000000,26080.000000,0.000000,0.000000,1308.000000,63297.000000,0.000000,26100.000000,0.000000,0.813744,290,21099,0,0.000000,0.000000,0,0,0,0,0.000000,0.000000,0.000000,0.000000,,True
heavy_port_disruption_comparison,primary_port_extended_closure_with_congestion,49,1091,llm_agent,DISRUPTED,127296.000000,47080.000000,320.000000,8400.000000,1449.000000,41607.000000,2340.000000,26100.000000,0.413616,0.813744,290,13869,80,0.037037,19.500000,4,21,840,25,0.000000,0.000000,0.000000,2264.873843,0,True
heavy_port_disruption_comparison,primary_port_extended_closure_with_congestion,50,1092,heuristic,UNDISRUPTED,130891.000000,26080.000000,0.000000,0.000000,1308.000000,73623.000000,0.000000,29880.000000,0.000000,0.788938,332,24541,0,0.000000,0.000000,0,0,0,0,0.000000,0.000000,0.000000,0.000000,,True
heavy_port_disruption_comparison,primary_port_extended_closure_with_congestion,50,1092,heuristic,DISRUPTED,210743.000000,26800.000000,240.000000,0.000000,1780.000000,122103.000000,15540.000000,44280.000000,0.000000,0.687222,492,40701,1120,0.518519,9.250000,3,0,0,129,0.000000,0.000000,0.000000,0.006763,,True
heavy_port_disruption_comparison,primary_port_extended_closure_with_congestion,50,1092,llm_agent,UNDISRUPTED,130891.000000,26080.000000,0.000000,0.000000,1308.000000,73623.000000,0.000000,29880.000000,0.000000,0.788938,332,24541,0,0.000000,0.000000,0,0,0,0,0.000000,0.000000,0.000000,0.000000,,True
heavy_port_disruption_comparison,primary_port_extended_closure_with_congestion,50,1092,llm_agent,DISRUPTED,138562.800000,47080.000000,320.000000,8400.000000,1345.800000,49197.000000,2340.000000,29880.000000,0.356008,0.788938,332,16399,80,0.037037,19.500000,4,21,840,25,0.000000,0.000000,0.000000,2259.287820,0,True
heavy_port_disruption_comparison,primary_port_extended_closure_with_congestion,51,1093,heuristic,UNDISRUPTED,127751.000000,26080.000000,0.000000,0.000000,1312.000000,70689.000000,60.000000,29610.000000,0.000000,0.792298,329,23563,40,0.018519,1.000000,0,0,0,0,0.000000,0.000000,0.000000,0.000000,,True
heavy_port_disruption_comparison,primary_port_extended_closure_with_congestion,51,1093,heuristic,DISRUPTED,207843.000000,26800.000000,240.000000,0.000000,1784.000000,119289.000000,15720.000000,44010.000000,0.000000,0.691288,489,39763,1160,0.537037,9.034483,3,0,0,130,0.000000,0.000000,0.000000,0.005998,,True
heavy_port_disruption_comparison,primary_port_extended_closure_with_congestion,51,1093,llm_agent,UNDISRUPTED,127751.000000,26080.000000,0.000000,0.000000,1312.000000,70689.000000,60.000000,29610.000000,0.000000,0.792298,329,23563,40,0.018519,1.000000,0,0,0,0,0.000000,0.000000,0.000000,0.000000,,True
heavy_port_disruption_comparison,primary_port_extended_closure_with_congestion,51,1093,llm_agent,DISRUPTED,136600.800000,47080.000000,320.000000,8400.000000,1387.800000,47403.000000,2400.000000,29610.000000,0.344066,0.792298,329,15801,120,0.055556,13.333333,4,21,840,25,0.000000,0.000000,0.000000,2235.085158,0,True
heavy_port_disruption_comparison,primary_port_extended_closure_with_congestion,52,1094,heuristic,UNDISRUPTED,124207.000000,26080.000000,0.000000,0.000000,1308.000000,68769.000000,60.000000,27990.000000,0.000000,0.800896,311,22923,40,0.018519,1.000000,0,0,0,0,0.000000,0.000000,0.000000,0.000000,,True
heavy_port_disruption_comparison,primary_port_extended_closure_with_congestion,52,1094,heuristic,DISRUPTED,203699.000000,26800.000000,240.000000,0.000000,1780.000000,116889.000000,15600.000000,42390.000000,0.000000,0.698464,471,38963,1160,0.537037,8.965517,3,0,0,128,0.000000,0.000000,0.000000,0.006405,,True
heavy_port_disruption_comparison,primary_port_extended_closure_with_congestion,52,1094,llm_agent,UNDISRUPTED,124207.000000,26080.000000,0.000000,0.000000,1308.000000,68769.000000,60.000000,27990.000000,0.000000,0.800896,311,22923,40,0.018519,1.000000,0,0,0,0,0.000000,0.000000,0.000000,0.000000,,True
heavy_port_disruption_comparison,primary_port_extended_closure_with_congestion,52,1094,llm_agent,DISRUPTED,133170.200000,47080.000000,320.000000,8400.000000,1395.200000,45585.000000,2400.000000,27990.000000,0.379001,0.800896,311,15195,120,0.055556,13.333333,4,21,840,25,0.000000,0.000000,0.000000,2478.161760,0,True
heavy_port_disruption_comparison,primary_port_extended_closure_with_congestion,53,1095,heuristic,UNDISRUPTED,135359.000000,26080.000000,0.000000,0.000000,1312.000000,75657.000000,0.000000,32310.000000,0.000000,0.775765,359,25219,0,0.000000,0.000000,0,0,0,0,0.000000,0.000000,0.000000,0.000000,,True
heavy_port_disruption_comparison,primary_port_extended_closure_with_congestion,53,1095,heuristic,DISRUPTED,214971.000000,26800.000000,240.000000,0.000000,1784.000000,123897.000000,15540.000000,46710.000000,0.000000,0.675828,519,41299,1120,0.518519,9.250000,3,0,0,124,0.000000,0.000000,0.000000,0.006631,,True
heavy_port_disruption_comparison,primary_port_extended_closure_with_congestion,53,1095,llm_agent,UNDISRUPTED,135359.000000,26080.000000,0.000000,0.000000,1312.000000,75657.000000,0.000000,32310.000000,0.000000,0.775765,359,25219,0,0.000000,0.000000,0,0,0,0,0.000000,0.000000,0.000000,0.000000,,True
heavy_port_disruption_comparison,primary_port_extended_closure_with_congestion,53,1095,llm_agent,DISRUPTED,143275.700000,47080.000000,320.000000,8400.000000,1357.700000,51468.000000,2340.000000,32310.000000,0.362898,0.775765,359,17156,80,0.037037,19.500000,4,21,840,25,0.000000,0.000000,0.000000,2402.208815,0,True
heavy_port_disruption_comparison,primary_port_extended_closure_with_congestion,54,1096,heuristic,UNDISRUPTED,146399.000000,26080.000000,0.000000,0.000000,1432.000000,81897.000000,0.000000,36990.000000,0.000000,0.738550,411,27299,0,0.000000,0.000000,0,0,0,0,0.000000,0.000000,0.000000,0.000000,,True
heavy_port_disruption_comparison,primary_port_extended_closure_with_congestion,54,1096,heuristic,DISRUPTED,241731.000000,26800.000000,240.000000,0.000000,2144.000000,138177.000000,15780.000000,58590.000000,0.000000,0.585878,651,46059,1120,0.518519,9.392857,3,0,0,129,0.000000,0.000000,0.000000,0.006397,,True
heavy_port_disruption_comparison,primary_port_extended_closure_with_congestion,54,1096,llm_agent,UNDISRUPTED,146399.000000,26080.000000,0.000000,0.000000,1432.000000,81897.000000,0.000000,36990.000000,0.000000,0.738550,411,27299,0,0.000000,0.000000,0,0,0,0,0.000000,0.000000,0.000000,0.000000,,True
heavy_port_disruption_comparison,primary_port_extended_closure_with_congestion,54,1096,llm_agent,DISRUPTED,154431.700000,47080.000000,320.000000,8400.000000,1473.700000,57828.000000,2340.000000,36990.000000,0.325700,0.738550,411,19276,80,0.037037,19.500000,4,21,840,25,0.000000,0.000000,0.000000,2225.196535,0,True
heavy_port_disruption_comparison,primary_port_extended_closure_with_congestion,55,1097,heuristic,UNDISRUPTED,134450.000000,26080.000000,0.000000,0.000000,1312.000000,75108.000000,0.000000,31950.000000,0.000000,0.779640,355,25036,0,0.000000,0.000000,0,0,0,0,0.000000,0.000000,0.000000,0.000000,,True
heavy_port_disruption_comparison,primary_port_extended_closure_with_congestion,55,1097,heuristic,DISRUPTED,214422.000000,26800.000000,240.000000,0.000000,1784.000000,123708.000000,15540.000000,46350.000000,0.000000,0.680323,515,41236,1120,0.518519,9.250000,3,0,0,129,0.000000,0.000000,0.000000,0.006492,,True
heavy_port_disruption_comparison,primary_port_extended_closure_with_congestion,55,1097,llm_agent,UNDISRUPTED,134450.000000,26080.000000,0.000000,0.000000,1312.000000,75108.000000,0.000000,31950.000000,0.000000,0.779640,355,25036,0,0.000000,0.000000,0,0,0,0,0.000000,0.000000,0.000000,0.000000,,True
heavy_port_disruption_comparison,primary_port_extended_closure_with_congestion,55,1097,llm_agent,DISRUPTED,142700.600000,47080.000000,320.000000,8400.000000,1364.600000,51246.000000,2340.000000,31950.000000,0.353818,0.779640,355,17082,80,0.037037,19.500000,4,21,840,25,0.000000,0.000000,0.000000,2237.487060,0,True
heavy_port_disruption_comparison,primary_port_extended_closure_with_congestion,56,1098,heuristic,UNDISRUPTED,136949.000000,26200.000000,0.000000,0.000000,1312.000000,75897.000000,60.000000,33480.000000,0.000000,0.773171,372,25299,40,0.018519,1.000000,0,0,0,0,0.000000,0.000000,0.000000,0.000000,,True
heavy_port_disruption_comparison,primary_port_extended_closure_with_congestion,56,1098,heuristic,DISRUPTED,216861.000000,26920.000000,240.000000,0.000000,1784.000000,124377.000000,15660.000000,47880.000000,0.000000,0.675610,532,41459,1120,0.518519,9.321429,3,0,0,130,0.000000,0.000000,0.000000,0.006808,,True
heavy_port_disruption_comparison,primary_port_extended_closure_with_congestion,56,1098,llm_agent,UNDISRUPTED,136949.000000,26200.000000,0.000000,0.000000,1312.000000,75897.000000,60.000000,33480.000000,0.000000,0.773171,372,25299,40,0.018519,1.000000,0,0,0,0,0.000000,0.000000,0.000000,0.000000,,True
heavy_port_disruption_comparison,primary_port_extended_closure_with_congestion,56,1098,llm_agent,DISRUPTED,145058.600000,47200.000000,320.000000,8400.000000,1373.600000,51945.000000,2340.000000,33480.000000,0.365244,0.773171,372,17315,80,0.037037,19.500000,4,21,840,25,0.000000,0.000000,0.000000,2453.682142,0,True
heavy_port_disruption_comparison,primary_port_extended_closure_with_congestion,57,1099,heuristic,UNDISRUPTED,129482.000000,26080.000000,0.000000,0.000000,1312.000000,71400.000000,0.000000,30690.000000,0.000000,0.786475,341,23800,0,0.000000,0.000000,0,0,0,0,0.000000,0.000000,0.000000,0.000000,,True
heavy_port_disruption_comparison,primary_port_extended_closure_with_congestion,57,1099,heuristic,DISRUPTED,210114.000000,26800.000000,240.000000,0.000000,1784.000000,120480.000000,15720.000000,45090.000000,0.000000,0.686287,501,40160,1120,0.518519,9.357143,3,0,0,131,0.000000,0.000000,0.000000,0.006462,,True
heavy_port_disruption_comparison,primary_port_extended_closure_with_congestion,57,1099,llm_agent,UNDISRUPTED,129482.000000,26080.000000,0.000000,0.000000,1312.000000,71400.000000,0.000000,30690.000000,0.000000,0.786475,341,23800,0,0.000000,0.000000,0,0,0,0,0.000000,0.000000,0.000000,0.000000,,True
heavy_port_disruption_comparison,primary_port_extended_closure_with_congestion,57,1099,llm_agent,DISRUPTED,138481.900000,47080.000000,320.000000,8400.000000,1384.900000,48267.000000,2340.000000,30690.000000,0.383845,0.786475,341,16089,80,0.037037,19.500000,4,21,840,25,0.000000,0.000000,0.000000,3010.639300,0,True
heavy_port_disruption_comparison,primary_port_extended_closure_with_congestion,58,1100,heuristic,UNDISRUPTED,150362.000000,26080.000000,0.000000,0.000000,1420.000000,85872.000000,0.000000,36990.000000,0.000000,0.739048,411,28624,0,0.000000,0.000000,0,0,0,0,0.000000,0.000000,0.000000,0.000000,,True
heavy_port_disruption_comparison,primary_port_extended_closure_with_congestion,58,1100,heuristic,DISRUPTED,231338.000000,26800.000000,240.000000,0.000000,1876.000000,134832.000000,16200.000000,51390.000000,0.000000,0.637460,571,44944,1160,0.537037,9.310345,3,0,0,131,0.000000,0.000000,0.000000,0.006532,,True
heavy_port_disruption_comparison,primary_port_extended_closure_with_congestion,58,1100,llm_agent,UNDISRUPTED,150362.000000,26080.000000,0.000000,0.000000,1420.000000,85872.000000,0.000000,36990.000000,0.000000,0.739048,411,28624,0,0.000000,0.000000,0,0,0,0,0.000000,0.000000,0.000000,0.000000,,True
heavy_port_disruption_comparison,primary_port_extended_closure_with_congestion,58,1100,llm_agent,DISRUPTED,156687.100000,47080.000000,320.000000,8400.000000,1422.100000,60135.000000,2340.000000,36990.000000,0.270476,0.739048,411,20045,80,0.037037,19.500000,4,21,840,25,0.000000,0.000000,0.000000,2227.855540,,True
heavy_port_disruption_comparison,primary_port_extended_closure_with_congestion,59,1101,heuristic,UNDISRUPTED,131117.000000,26080.000000,0.000000,0.000000,1312.000000,71595.000000,0.000000,32130.000000,0.000000,0.781384,357,23865,0,0.000000,0.000000,0,0,0,0,0.000000,0.000000,0.000000,0.000000,,True
heavy_port_disruption_comparison,primary_port_extended_closure_with_congestion,59,1101,heuristic,DISRUPTED,211029.000000,26800.000000,240.000000,0.000000,1784.000000,120075.000000,15600.000000,46530.000000,0.000000,0.683405,517,40025,1120,0.518519,9.285714,3,0,0,129,0.000000,0.000000,0.000000,0.006563,,True
heavy_port_disruption_comparison,primary_port_extended_closure_with_congestion,59,1101,llm_agent,UNDISRUPTED,131117.000000,26080.000000,0.000000,0.000000,1312.000000,71595.000000,0.000000,32130.000000,0.000000,0.781384,357,23865,0,0.000000,0.000000,0,0,0,0,0.000000,0.000000,0.000000,0.000000,,True
heavy_port_disruption_comparison,primary_port_extended_closure_with_congestion,59,1101,llm_agent,DISRUPTED,141086.800000,47080.000000,320.000000,8400.000000,1427.800000,49389.000000,2340.000000,32130.000000,0.394979,0.781384,357,16463,80,0.037037,19.500000,4,21,840,25,0.000000,0.000000,0.000000,2179.865188,0,True
heavy_port_disruption_comparison,primary_port_extended_closure_with_congestion,60,1102,heuristic,UNDISRUPTED,130245.000000,26080.000000,0.000000,0.000000,1316.000000,72159.000000,0.000000,30690.000000,0.000000,0.789506,341,24053,0,0.000000,0.000000,0,0,0,0,0.000000,0.000000,0.000000,0.000000,,True
heavy_port_disruption_comparison,primary_port_extended_closure_with_congestion,60,1102,heuristic,DISRUPTED,236529.000000,26800.000000,240.000000,0.000000,2120.000000,134199.000000,17280.000000,55890.000000,0.000000,0.616667,621,44733,1160,0.537037,9.931034,3,0,0,150,0.000000,0.000000,0.000000,0.006291,,True
heavy_port_disruption_comparison,primary_port_extended_closure_with_congestion,60,1102,llm_agent,UNDISRUPTED,130245.000000,26080.000000,0.000000,0.000000,1316.000000,72159.000000,0.000000,30690.000000,0.000000,0.789506,341,24053,0,0.000000,0.000000,0,0,0,0,0.000000,0.000000,0.000000,0.000000,,True
heavy_port_disruption_comparison,primary_port_extended_closure_with_congestion,60,1102,llm_agent,DISRUPTED,139897.200000,47080.000000,320.000000,8400.000000,1402.200000,49545.000000,2460.000000,30690.000000,0.350000,0.789506,341,16515,80,0.037037,20.500000,4,21,840,25,0.000000,0.000000,0.000000,2420.833218,0,True
heavy_port_disruption_comparison,primary_port_extended_closure_with_congestion,61,1103,heuristic,UNDISRUPTED,133069.000000,26080.000000,0.000000,0.000000,1428.000000,72891.000000,0.000000,32670.000000,0.000000,0.769670,363,24297,0,0.000000,0.000000,0,0,0,0,0.000000,0.000000,0.000000,0.000000,,True
heavy_port_disruption_comparison,primary_port_extended_closure_with_congestion,61,1103,heuristic,DISRUPTED,205661.000000,26800.000000,240.000000,0.000000,1780.000000,117771.000000,15600.000000,43470.000000,0.000000,0.693528,483,39257,1120,0.518519,9.285714,3,0,0,129,0.000000,0.000000,0.000000,0.007347,,True
heavy_port_disruption_comparison,primary_port_extended_closure_with_congestion,61,1103,llm_agent,UNDISRUPTED,133069.000000,26080.000000,0.000000,0.000000,1428.000000,72891.000000,0.000000,32670.000000,0.000000,0.769670,363,24297,0,0.000000,0.000000,0,0,0,0,0.000000,0.000000,0.000000,0.000000,,True
heavy_port_disruption_comparison,primary_port_extended_closure_with_congestion,61,1103,llm_agent,DISRUPTED,142315.600000,47080.000000,320.000000,8400.000000,1516.600000,49989.000000,2340.000000,32670.000000,0.388325,0.769670,363,16663,80,0.037037,19.500000,4,21,840,25,0.000000,0.000000,0.000000,2084.915527,0,True
heavy_port_disruption_comparison,primary_port_extended_closure_with_congestion,62,1104,heuristic,UNDISRUPTED,139766.000000,26080.000000,0.000000,0.000000,1312.000000,78984.000000,0.000000,33390.000000,0.000000,0.767106,371,26328,0,0.000000,0.000000,0,0,0,0,0.000000,0.000000,0.000000,0.000000,,True
heavy_port_disruption_comparison,primary_port_extended_closure_with_congestion,62,1104,heuristic,DISRUPTED,219618.000000,26800.000000,240.000000,0.000000,1784.000000,127464.000000,15540.000000,47790.000000,0.000000,0.666667,531,42488,1120,0.518519,9.250000,3,0,0,129,0.000000,0.000000,0.000000,0.006042,,True
heavy_port_disruption_comparison,primary_port_extended_closure_with_congestion,62,1104,llm_agent,UNDISRUPTED,139766.000000,26080.000000,0.000000,0.000000,1312.000000,78984.000000,0.000000,33390.000000,0.000000,0.767106,371,26328,0,0.000000,0.000000,0,0,0,0,0.000000,0.000000,0.000000,0.000000,,True
heavy_port_disruption_comparison,primary_port_extended_closure_with_congestion,62,1104,llm_agent,DISRUPTED,147530.800000,47080.000000,320.000000,8400.000000,1352.800000,54648.000000,2340.000000,33390.000000,0.357188,0.767106,371,18216,80,0.037037,19.500000,4,21,840,25,0.000000,0.000000,0.000000,2236.854468,0,True
heavy_port_disruption_comparison,primary_port_extended_closure_with_congestion,63,1105,heuristic,UNDISRUPTED,147767.000000,26080.000000,0.000000,0.000000,1312.000000,83835.000000,0.000000,36540.000000,0.000000,0.750308,406,27945,0,0.000000,0.000000,0,0,0,0,0.000000,0.000000,0.000000,0.000000,,True
heavy_port_disruption_comparison,primary_port_extended_closure_with_congestion,63,1105,heuristic,DISRUPTED,227683.000000,26800.000000,240.000000,0.000000,1788.000000,132315.000000,15600.000000,50940.000000,0.000000,0.651907,566,44105,1120,0.518519,9.285714,3,0,0,128,0.000000,0.000000,0.000000,0.006403,,True
heavy_port_disruption_comparison,primary_port_extended_closure_with_congestion,63,1105,llm_agent,UNDISRUPTED,147767.000000,26080.000000,0.000000,0.000000,1312.000000,83835.000000,0.000000,36540.000000,0.000000,0.750308,406,27945,0,0.000000,0.000000,0,0,0,0,0.000000,0.000000,0.000000,0.000000,,True
heavy_port_disruption_comparison,primary_port_extended_closure_with_congestion,63,1105,llm_agent,DISRUPTED,154970.700000,47080.000000,320.000000,8400.000000,1334.700000,58956.000000,2340.000000,36540.000000,0.325953,0.750308,406,19652,80,0.037037,19.500000,4,21,840,25,0.000000,0.000000,0.000000,2099.625203,0,True
heavy_port_disruption_comparison,primary_port_extended_closure_with_congestion,64,1106,heuristic,UNDISRUPTED,141210.000000,26080.000000,0.000000,0.000000,1316.000000,78354.000000,0.000000,35460.000000,0.000000,0.760777,394,26118,0,0.000000,0.000000,0,0,0,0,0.000000,0.000000,0.000000,0.000000,,True
heavy_port_disruption_comparison,primary_port_extended_closure_with_congestion,64,1106,heuristic,DISRUPTED,221242.000000,26800.000000,240.000000,0.000000,1788.000000,126954.000000,15600.000000,49860.000000,0.000000,0.663631,554,42318,1120,0.518519,9.285714,3,0,0,129,0.000000,0.000000,0.000000,0.006274,,True
heavy_port_disruption_comparison,primary_port_extended_closure_with_congestion,64,1106,llm_agent,UNDISRUPTED,141210.000000,26080.000000,0.000000,0.000000,1316.000000,78354.000000,0.000000,35460.000000,0.000000,0.760777,394,26118,0,0.000000,0.000000,0,0,0,0,0.000000,0.000000,0.000000,0.000000,,True
heavy_port_disruption_comparison,primary_port_extended_closure_with_congestion,64,1106,llm_agent,DISRUPTED,149876.900000,47080.000000,320.000000,8400.000000,1385.900000,54891.000000,2340.000000,35460.000000,0.361870,0.760777,394,18297,80,0.037037,19.500000,4,21,840,25,0.000000,0.000000,0.000000,2148.234457,0,True
heavy_port_disruption_comparison,primary_port_extended_closure_with_congestion,65,1107,heuristic,UNDISRUPTED,149586.000000,26080.000000,0.000000,0.000000,1424.000000,83652.000000,0.000000,38430.000000,0.000000,0.736745,427,27884,0,0.000000,0.000000,0,0,0,0,0.000000,0.000000,0.000000,0.000000,,True
heavy_port_disruption_comparison,primary_port_extended_closure_with_congestion,65,1107,heuristic,DISRUPTED,222118.000000,26800.000000,240.000000,0.000000,1776.000000,128532.000000,15540.000000,49230.000000,0.000000,0.662762,547,42844,1120,0.518519,9.250000,3,0,0,129,0.000000,0.000000,0.000000,0.006250,,True
heavy_port_disruption_comparison,primary_port_extended_closure_with_congestion,65,1107,llm_agent,UNDISRUPTED,149586.000000,26080.000000,0.000000,0.000000,1424.000000,83652.000000,0.000000,38430.000000,0.000000,0.736745,427,27884,0,0.000000,0.000000,0,0,0,0,0.000000,0.000000,0.000000,0.000000,,True
heavy_port_disruption_comparison,primary_port_extended_closure_with_congestion,65,1107,llm_agent,DISRUPTED,157142.200000,47080.000000,320.000000,8400.000000,1454.200000,59118.000000,2340.000000,38430.000000,0.321208,0.736745,427,19706,80,0.037037,19.500000,4,21,840,25,0.000000,0.000000,0.000000,2289.739533,0,True
heavy_port_disruption_comparison,primary_port_extended_closure_with_congestion,66,1108,heuristic,UNDISRUPTED,120771.000000,26400.000000,0.000000,0.000000,1308.000000,65883.000000,0.000000,27180.000000,0.000000,0.808010,302,21961,0,0.000000,0.000000,0,0,0,0,0.000000,0.000000,0.000000,0.000000,,True
heavy_port_disruption_comparison,primary_port_extended_closure_with_congestion,66,1108,heuristic,DISRUPTED,212675.000000,27120.000000,240.000000,0.000000,1892.000000,120963.000000,17280.000000,45180.000000,0.000000,0.680865,502,40321,1160,0.537037,9.931034,3,0,0,139,0.000000,0.000000,0.000000,0.006251,,True
heavy_port_disruption_comparison,primary_port_extended_closure_with_congestion,66,1108,llm_agent,UNDISRUPTED,120771.000000,26400.000000,0.000000,0.000000,1308.000000,65883.000000,0.000000,27180.000000,0.000000,0.808010,302,21961,0,0.000000,0.000000,0,0,0,0,0.000000,0.000000,0.000000,0.000000,,True
heavy_port_disruption_comparison,primary_port_extended_closure_with_congestion,66,1108,llm_agent,DISRUPTED,132787.600000,47400.000000,480.000000,8400.000000,1366.600000,44361.000000,3600.000000,27180.000000,0.351558,0.808010,302,14787,120,0.055556,20.000000,6,21,840,27,0.000000,0.000000,0.000000,2336.010821,0,True
heavy_port_disruption_comparison,primary_port_extended_closure_with_congestion,67,1109,heuristic,UNDISRUPTED,158014.000000,26080.000000,0.000000,0.000000,1428.000000,89406.000000,60.000000,41040.000000,0.000000,0.719730,456,29802,40,0.018519,1.000000,0,0,0,1,0.000000,0.000000,0.000000,0.014292,,True
heavy_port_disruption_comparison,primary_port_extended_closure_with_congestion,67,1109,heuristic,DISRUPTED,230374.000000,26800.000000,240.000000,0.000000,1788.000000,134166.000000,15540.000000,51840.000000,0.000000,0.645974,576,44722,1120,0.518519,9.250000,3,0,0,129,0.000000,0.000000,0.000000,0.006043,,True
heavy_port_disruption_comparison,primary_port_extended_closure_with_congestion,67,1109,llm_agent,UNDISRUPTED,158094.000000,26080.000000,80.000000,0.000000,1428.000000,89406.000000,60.000000,41040.000000,0.000000,0.719730,456,29802,40,0.018519,1.000000,1,0,0,1,0.000000,0.000000,0.000000,2090.275333,,True
heavy_port_disruption_comparison,primary_port_extended_closure_with_congestion,67,1109,llm_agent,DISRUPTED,164863.700000,47080.000000,400.000000,8400.000000,1436.700000,64107.000000,2400.000000,41040.000000,0.293792,0.719730,456,21369,120,0.055556,13.333333,5,21,840,26,0.000000,0.000000,0.000000,2317.952159,,True
heavy_port_disruption_comparison,primary_port_extended_closure_with_congestion,68,1110,heuristic,UNDISRUPTED,145769.000000,26080.000000,0.000000,0.000000,1312.000000,82287.000000,0.000000,36090.000000,0.000000,0.750156,401,27429,0,0.000000,0.000000,0,0,0,0,0.000000,0.000000,0.000000,0.000000,,True
heavy_port_disruption_comparison,primary_port_extended_closure_with_congestion,68,1110,heuristic,DISRUPTED,225861.000000,26800.000000,240.000000,0.000000,1784.000000,130887.000000,15660.000000,50490.000000,0.000000,0.650467,561,43629,1120,0.518519,9.321429,3,0,0,130,0.000000,0.000000,0.000000,0.005669,,True
heavy_port_disruption_comparison,primary_port_extended_closure_with_congestion,68,1110,llm_agent,UNDISRUPTED,145769.000000,26080.000000,0.000000,0.000000,1312.000000,82287.000000,0.000000,36090.000000,0.000000,0.750156,401,27429,0,0.000000,0.000000,0,0,0,0,0.000000,0.000000,0.000000,0.000000,,True
heavy_port_disruption_comparison,primary_port_extended_closure_with_congestion,68,1110,llm_agent,DISRUPTED,153115.300000,47080.000000,320.000000,8400.000000,1339.300000,57546.000000,2340.000000,36090.000000,0.299065,0.750156,401,19182,80,0.037037,19.500000,4,21,840,25,0.000000,0.000000,0.000000,2208.157948,0,True
heavy_port_disruption_comparison,primary_port_extended_closure_with_congestion,69,1111,heuristic,UNDISRUPTED,129007.000000,26080.000000,0.000000,0.000000,1308.000000,71649.000000,0.000000,29970.000000,0.000000,0.789773,333,23883,0,0.000000,0.000000,0,0,0,0,0.000000,0.000000,0.000000,0.000000,,True
heavy_port_disruption_comparison,primary_port_extended_closure_with_congestion,69,1111,heuristic,DISRUPTED,209399.000000,26800.000000,240.000000,0.000000,1780.000000,120489.000000,15720.000000,44370.000000,0.000000,0.688763,493,40163,1120,0.518519,9.357143,3,0,0,129,0.000000,0.000000,0.000000,0.006372,,True
heavy_port_disruption_comparison,primary_port_extended_closure_with_congestion,69,1111,llm_agent,UNDISRUPTED,129007.000000,26080.000000,0.000000,0.000000,1308.000000,71649.000000,0.000000,29970.000000,0.000000,0.789773,333,23883,0,0.000000,0.000000,0,0,0,0,0.000000,0.000000,0.000000,0.000000,,True
heavy_port_disruption_comparison,primary_port_extended_closure_with_congestion,69,1111,llm_agent,DISRUPTED,138066.700000,47080.000000,320.000000,8400.000000,1386.700000,48570.000000,2340.000000,29970.000000,0.368687,0.789773,333,16190,80,0.037037,19.500000,4,21,840,25,0.000000,0.000000,0.000000,2453.461688,0,True
heavy_port_disruption_comparison,primary_port_extended_closure_with_congestion,70,1112,heuristic,UNDISRUPTED,115714.000000,26080.000000,0.000000,0.000000,1308.000000,62226.000000,0.000000,26100.000000,0.000000,0.815051,290,20742,0,0.000000,0.000000,0,0,0,0,0.000000,0.000000,0.000000,0.000000,,True
heavy_port_disruption_comparison,primary_port_extended_closure_with_congestion,70,1112,heuristic,DISRUPTED,195506.000000,26800.000000,240.000000,0.000000,1780.000000,110586.000000,15600.000000,40500.000000,0.000000,0.713010,450,36862,1120,0.518519,9.285714,3,0,0,128,0.000000,0.000000,0.000000,0.006532,,True
heavy_port_disruption_comparison,primary_port_extended_closure_with_congestion,70,1112,llm_agent,UNDISRUPTED,115714.000000,26080.000000,0.000000,0.000000,1308.000000,62226.000000,0.000000,26100.000000,0.000000,0.815051,290,20742,0,0.000000,0.000000,0,0,0,0,0.000000,0.000000,0.000000,0.000000,,True
heavy_port_disruption_comparison,primary_port_extended_closure_with_congestion,70,1112,llm_agent,DISRUPTED,126532.300000,47080.000000,320.000000,8400.000000,1447.300000,40845.000000,2340.000000,26100.000000,0.427296,0.815051,290,13615,80,0.037037,19.500000,4,21,840,25,0.000000,0.000000,0.000000,2236.417958,0,True
heavy_port_disruption_comparison,primary_port_extended_closure_with_congestion,71,1113,heuristic,UNDISRUPTED,127933.000000,26080.000000,0.000000,0.000000,1308.000000,71115.000000,0.000000,29430.000000,0.000000,0.793691,327,23705,0,0.000000,0.000000,0,0,0,0,0.000000,0.000000,0.000000,0.000000,,True
heavy_port_disruption_comparison,primary_port_extended_closure_with_congestion,71,1113,heuristic,DISRUPTED,208445.000000,26800.000000,240.000000,0.000000,1780.000000,120075.000000,15720.000000,43830.000000,0.000000,0.692744,487,40025,1120,0.518519,9.357143,3,0,0,124,0.000000,0.000000,0.000000,0.006444,,True
heavy_port_disruption_comparison,primary_port_extended_closure_with_congestion,71,1113,llm_agent,UNDISRUPTED,127933.000000,26080.000000,0.000000,0.000000,1308.000000,71115.000000,0.000000,29430.000000,0.000000,0.793691,327,23705,0,0.000000,0.000000,0,0,0,0,0.000000,0.000000,0.000000,0.000000,,True
heavy_port_disruption_comparison,primary_port_extended_closure_with_congestion,71,1113,llm_agent,DISRUPTED,136330.600000,47080.000000,320.000000,8400.000000,1357.600000,47403.000000,2340.000000,29430.000000,0.362776,0.793691,327,15801,80,0.037037,19.500000,4,21,840,25,0.000000,0.000000,0.000000,2232.418240,0,True
heavy_port_disruption_comparison,primary_port_extended_closure_with_congestion,72,1114,heuristic,UNDISRUPTED,138315.000000,26080.000000,0.000000,0.000000,1436.000000,76059.000000,0.000000,34740.000000,0.000000,0.760099,386,25353,0,0.000000,0.000000,0,0,0,0,0.000000,0.000000,0.000000,0.000000,,True
heavy_port_disruption_comparison,primary_port_extended_closure_with_congestion,72,1114,heuristic,DISRUPTED,236859.000000,26800.000000,240.000000,0.000000,2120.000000,134139.000000,17220.000000,56340.000000,0.000000,0.610938,626,44713,1160,0.537037,9.896552,3,0,0,151,0.000000,0.000000,0.000000,0.006324,,True
heavy_port_disruption_comparison,primary_port_extended_closure_with_congestion,72,1114,llm_agent,UNDISRUPTED,138315.000000,26080.000000,0.000000,0.000000,1436.000000,76059.000000,0.000000,34740.000000,0.000000,0.760099,386,25353,0,0.000000,0.000000,0,0,0,0,0.000000,0.000000,0.000000,0.000000,,True
heavy_port_disruption_comparison,primary_port_extended_closure_with_congestion,72,1114,llm_agent,DISRUPTED,147773.700000,47080.000000,320.000000,8400.000000,1523.700000,53250.000000,2460.000000,34740.000000,0.388440,0.760099,386,17750,80,0.037037,20.500000,4,21,840,25,0.000000,0.000000,0.000000,2287.367130,0,True
heavy_port_disruption_comparison,primary_port_extended_closure_with_congestion,73,1115,heuristic,UNDISRUPTED,131413.000000,26080.000000,0.000000,0.000000,1308.000000,73065.000000,0.000000,30960.000000,0.000000,0.783648,344,24355,0,0.000000,0.000000,0,0,0,0,0.000000,0.000000,0.000000,0.000000,,True
heavy_port_disruption_comparison,primary_port_extended_closure_with_congestion,73,1115,heuristic,DISRUPTED,210785.000000,26800.000000,240.000000,0.000000,1780.000000,121065.000000,15540.000000,45360.000000,0.000000,0.683019,504,40355,1120,0.518519,9.250000,3,0,0,124,0.000000,0.000000,0.000000,0.006217,,True
heavy_port_disruption_comparison,primary_port_extended_closure_with_congestion,73,1115,llm_agent,UNDISRUPTED,131413.000000,26080.000000,0.000000,0.000000,1308.000000,73065.000000,0.000000,30960.000000,0.000000,0.783648,344,24355,0,0.000000,0.000000,0,0,0,0,0.000000,0.000000,0.000000,0.000000,,True
heavy_port_disruption_comparison,primary_port_extended_closure_with_congestion,73,1115,llm_agent,DISRUPTED,139750.900000,47080.000000,320.000000,8400.000000,1378.900000,49272.000000,2340.000000,30960.000000,0.374843,0.783648,344,16424,80,0.037037,19.500000,4,21,840,25,0.000000,0.000000,0.000000,2967.953703,0,True
heavy_port_disruption_comparison,primary_port_extended_closure_with_congestion,74,1116,heuristic,UNDISRUPTED,126787.000000,26080.000000,0.000000,0.000000,1308.000000,70869.000000,0.000000,28530.000000,0.000000,0.794022,317,23623,0,0.000000,0.000000,0,0,0,0,0.000000,0.000000,0.000000,0.000000,,True
heavy_port_disruption_comparison,primary_port_extended_closure_with_congestion,74,1116,heuristic,DISRUPTED,215631.000000,26800.000000,240.000000,0.000000,1892.000000,124029.000000,16140.000000,46530.000000,0.000000,0.664068,517,41343,1120,0.518519,9.607143,3,0,0,132,0.000000,0.000000,0.000000,0.006063,,True
heavy_port_disruption_comparison,primary_port_extended_closure_with_congestion,74,1116,llm_agent,UNDISRUPTED,126787.000000,26080.000000,0.000000,0.000000,1308.000000,70869.000000,0.000000,28530.000000,0.000000,0.794022,317,23623,0,0.000000,0.000000,0,0,0,0,0.000000,0.000000,0.000000,0.000000,,True
heavy_port_disruption_comparison,primary_port_extended_closure_with_congestion,74,1116,llm_agent,DISRUPTED,135364.000000,47080.000000,320.000000,8400.000000,1375.000000,47319.000000,2340.000000,28530.000000,0.340481,0.794022,317,15773,80,0.037037,19.500000,4,21,840,25,0.000000,0.000000,0.000000,2260.689700,0,True
heavy_port_disruption_comparison,primary_port_extended_closure_with_congestion,75,1117,heuristic,UNDISRUPTED,142461.000000,26080.000000,0.000000,0.000000,1424.000000,79227.000000,180.000000,35550.000000,0.000000,0.748887,395,26409,120,0.055556,1.000000,0,0,0,2,0.000000,0.000000,0.000000,0.022334,,True
heavy_port_disruption_comparison,primary_port_extended_closure_with_congestion,75,1117,heuristic,DISRUPTED,237493.000000,26800.000000,240.000000,0.000000,2136.000000,135267.000000,15900.000000,57150.000000,0.000000,0.596313,635,45089,1240,0.574074,8.548387,3,0,0,131,0.000000,0.000000,0.000000,0.005733,,True
heavy_port_disruption_comparison,primary_port_extended_closure_with_congestion,75,1117,llm_agent,UNDISRUPTED,142461.000000,26080.000000,0.000000,0.000000,1424.000000,79227.000000,180.000000,35550.000000,0.000000,0.748887,395,26409,120,0.055556,1.000000,0,0,0,2,0.000000,0.000000,0.000000,2066.262542,,True
heavy_port_disruption_comparison,primary_port_extended_closure_with_congestion,75,1117,llm_agent,DISRUPTED,151036.500000,47080.000000,400.000000,8400.000000,1484.500000,55602.000000,2520.000000,35550.000000,0.305149,0.748887,395,18534,200,0.092593,8.400000,5,21,840,27,0.000000,0.000000,0.000000,2224.768380,0,True
heavy_port_disruption_comparison,primary_port_extended_closure_with_congestion,76,1118,heuristic,UNDISRUPTED,156203.000000,26080.000000,0.000000,0.000000,1312.000000,89211.000000,0.000000,39600.000000,0.000000,0.734139,440,29737,0,0.000000,0.000000,0,0,0,0,0.000000,0.000000,0.000000,0.000000,,True
heavy_port_disruption_comparison,primary_port_extended_closure_with_congestion,76,1118,heuristic,DISRUPTED,244807.000000,26800.000000,240.000000,0.000000,1896.000000,142131.000000,16140.000000,57600.000000,0.000000,0.613293,640,47377,1120,0.518519,9.607143,3,0,0,132,0.000000,0.000000,0.000000,0.006434,,True
heavy_port_disruption_comparison,primary_port_extended_closure_with_congestion,76,1118,llm_agent,UNDISRUPTED,156203.000000,26080.000000,0.000000,0.000000,1312.000000,89211.000000,0.000000,39600.000000,0.000000,0.734139,440,29737,0,0.000000,0.000000,0,0,0,0,0.000000,0.000000,0.000000,0.000000,,True
heavy_port_disruption_comparison,primary_port_extended_closure_with_congestion,76,1118,llm_agent,DISRUPTED,162469.200000,47080.000000,320.000000,8400.000000,1312.200000,63417.000000,2340.000000,39600.000000,0.264048,0.734139,440,21139,80,0.037037,19.500000,4,21,840,25,0.000000,0.000000,0.000000,2363.234403,0,True
heavy_port_disruption_comparison,primary_port_extended_closure_with_congestion,77,1119,heuristic,UNDISRUPTED,134162.000000,26080.000000,0.000000,0.000000,1312.000000,74670.000000,60.000000,32040.000000,0.000000,0.779156,356,24890,40,0.018519,1.000000,0,0,0,1,0.000000,0.000000,0.000000,0.017625,,True
heavy_port_disruption_comparison,primary_port_extended_closure_with_congestion,77,1119,heuristic,DISRUPTED,213534.000000,26800.000000,240.000000,0.000000,1784.000000,122670.000000,15600.000000,46440.000000,0.000000,0.679901,516,40890,1160,0.537037,8.965517,3,0,0,129,0.000000,0.000000,0.000000,0.006055,,True
heavy_port_disruption_comparison,primary_port_extended_closure_with_congestion,77,1119,llm_agent,UNDISRUPTED,134242.000000,26080.000000,80.000000,0.000000,1312.000000,74670.000000,60.000000,32040.000000,0.000000,0.779156,356,24890,40,0.018519,1.000000,1,0,0,1,0.000000,0.000000,0.000000,3934.234708,,True
heavy_port_disruption_comparison,primary_port_extended_closure_with_congestion,77,1119,llm_agent,DISRUPTED,142413.100000,47080.000000,320.000000,8400.000000,1380.100000,50793.000000,2400.000000,32040.000000,0.358561,0.779156,356,16931,120,0.055556,13.333333,4,21,840,26,0.000000,0.000000,0.000000,2234.933945,0,True
heavy_port_disruption_comparison,primary_port_extended_closure_with_congestion,78,1120,heuristic,UNDISRUPTED,134922.000000,26080.000000,0.000000,0.000000,1316.000000,75396.000000,0.000000,32130.000000,0.000000,0.777293,357,25132,0,0.000000,0.000000,0,0,0,0,0.000000,0.000000,0.000000,0.000000,,True
heavy_port_disruption_comparison,primary_port_extended_closure_with_congestion,78,1120,heuristic,DISRUPTED,215074.000000,26800.000000,240.000000,0.000000,1788.000000,124116.000000,15600.000000,46530.000000,0.000000,0.677480,517,41372,1120,0.518519,9.285714,3,0,0,129,0.000000,0.000000,0.000000,0.006329,,True
heavy_port_disruption_comparison,primary_port_extended_closure_with_congestion,78,1120,llm_agent,UNDISRUPTED,134922.000000,26080.000000,0.000000,0.000000,1316.000000,75396.000000,0.000000,32130.000000,0.000000,0.777293,357,25132,0,0.000000,0.000000,0,0,0,0,0.000000,0.000000,0.000000,0.000000,,True
heavy_port_disruption_comparison,primary_port_extended_closure_with_congestion,78,1120,llm_agent,DISRUPTED,143138.500000,47080.000000,320.000000,8400.000000,1367.500000,51501.000000,2340.000000,32130.000000,0.369931,0.777293,357,17167,80,0.037037,19.500000,4,21,840,25,0.000000,0.000000,0.000000,2523.314848,0,True
heavy_port_disruption_comparison,primary_port_extended_closure_with_congestion,79,1121,heuristic,UNDISRUPTED,126335.000000,26080.000000,0.000000,0.000000,1300.000000,69885.000000,0.000000,29070.000000,0.000000,0.794136,323,23295,0,0.000000,0.000000,0,0,0,0,0.000000,0.000000,0.000000,0.000000,,True
heavy_port_disruption_comparison,primary_port_extended_closure_with_congestion,79,1121,heuristic,DISRUPTED,206071.000000,26800.000000,240.000000,0.000000,1776.000000,118245.000000,15540.000000,43470.000000,0.000000,0.692161,483,39415,1120,0.518519,9.250000,3,0,0,129,0.000000,0.000000,0.000000,0.005995,,True
heavy_port_disruption_comparison,primary_port_extended_closure_with_congestion,79,1121,llm_agent,UNDISRUPTED,126335.000000,26080.000000,0.000000,0.000000,1300.000000,69885.000000,0.000000,29070.000000,0.000000,0.794136,323,23295,0,0.000000,0.000000,0,0,0,0,0.000000,0.000000,0.000000,0.000000,,True
heavy_port_disruption_comparison,primary_port_extended_closure_with_congestion,79,1121,llm_agent,DISRUPTED,135079.400000,47080.000000,320.000000,8400.000000,1372.400000,46497.000000,2340.000000,29070.000000,0.377310,0.794136,323,15499,80,0.037037,19.500000,4,21,840,25,0.000000,0.000000,0.000000,2363.733717,0,True
heavy_port_disruption_comparison,primary_port_extended_closure_with_congestion,80,1122,heuristic,UNDISRUPTED,158923.000000,26080.000000,0.000000,0.000000,1308.000000,91215.000000,0.000000,40320.000000,0.000000,0.732537,448,30405,0,0.000000,0.000000,0,0,0,0,0.000000,0.000000,0.000000,0.000000,,True
heavy_port_disruption_comparison,primary_port_extended_closure_with_congestion,80,1122,heuristic,DISRUPTED,238775.000000,26800.000000,240.000000,0.000000,1780.000000,139695.000000,15540.000000,54720.000000,0.000000,0.637015,608,46565,1120,0.518519,9.250000,3,0,0,129,0.000000,0.000000,0.000000,0.005769,,True
heavy_port_disruption_comparison,primary_port_extended_closure_with_congestion,80,1122,llm_agent,UNDISRUPTED,158923.000000,26080.000000,0.000000,0.000000,1308.000000,91215.000000,0.000000,40320.000000,0.000000,0.732537,448,30405,0,0.000000,0.000000,0,0,0,0,0.000000,0.000000,0.000000,0.000000,,True
heavy_port_disruption_comparison,primary_port_extended_closure_with_congestion,80,1122,llm_agent,DISRUPTED,165432.300000,47080.000000,320.000000,8400.000000,1308.300000,65664.000000,2340.000000,40320.000000,0.163582,0.732537,448,21888,80,0.037037,19.500000,4,21,840,25,0.000000,0.000000,0.000000,2363.923425,,True
heavy_port_disruption_comparison,primary_port_extended_closure_with_congestion,81,1123,heuristic,UNDISRUPTED,126739.000000,26080.000000,0.000000,0.000000,1308.000000,69921.000000,0.000000,29430.000000,0.000000,0.792513,327,23307,0,0.000000,0.000000,0,0,0,0,0.000000,0.000000,0.000000,0.000000,,True
heavy_port_disruption_comparison,primary_port_extended_closure_with_congestion,81,1123,heuristic,DISRUPTED,206951.000000,26800.000000,240.000000,0.000000,1780.000000,118641.000000,15660.000000,43830.000000,0.000000,0.690990,487,39547,1120,0.518519,9.321429,3,0,0,129,0.000000,0.000000,0.000000,0.005911,,True
heavy_port_disruption_comparison,primary_port_extended_closure_with_congestion,81,1123,llm_agent,UNDISRUPTED,126739.000000,26080.000000,0.000000,0.000000,1308.000000,69921.000000,0.000000,29430.000000,0.000000,0.792513,327,23307,0,0.000000,0.000000,0,0,0,0,0.000000,0.000000,0.000000,0.000000,,True
heavy_port_disruption_comparison,primary_port_extended_closure_with_congestion,81,1123,llm_agent,DISRUPTED,135988.700000,47080.000000,320.000000,8400.000000,1396.700000,47022.000000,2340.000000,29430.000000,0.369289,0.792513,327,15674,80,0.037037,19.500000,4,21,840,25,0.000000,0.000000,0.000000,2240.699842,0,True
heavy_port_disruption_comparison,primary_port_extended_closure_with_congestion,82,1124,heuristic,UNDISRUPTED,137772.000000,26080.000000,0.000000,0.000000,1316.000000,78066.000000,0.000000,32310.000000,0.000000,0.774497,359,26022,0,0.000000,0.000000,0,0,0,0,0.000000,0.000000,0.000000,0.000000,,True
heavy_port_disruption_comparison,primary_port_extended_closure_with_congestion,82,1124,heuristic,DISRUPTED,217684.000000,26800.000000,240.000000,0.000000,1788.000000,126546.000000,15600.000000,46710.000000,0.000000,0.673995,519,42182,1120,0.518519,9.285714,3,0,0,129,0.000000,0.000000,0.000000,0.006525,,True
heavy_port_disruption_comparison,primary_port_extended_closure_with_congestion,82,1124,llm_agent,UNDISRUPTED,137772.000000,26080.000000,0.000000,0.000000,1316.000000,78066.000000,0.000000,32310.000000,0.000000,0.774497,359,26022,0,0.000000,0.000000,0,0,0,0,0.000000,0.000000,0.000000,0.000000,,True
heavy_port_disruption_comparison,primary_port_extended_closure_with_congestion,82,1124,llm_agent,DISRUPTED,144403.100000,47080.000000,320.000000,8400.000000,1324.100000,52629.000000,2340.000000,32310.000000,0.310302,0.774497,359,17543,80,0.037037,19.500000,4,21,840,25,0.000000,0.000000,0.000000,2183.336570,0,True
heavy_port_disruption_comparison,primary_port_extended_closure_with_congestion,83,1125,heuristic,UNDISRUPTED,146822.000000,26080.000000,0.000000,0.000000,1312.000000,83250.000000,0.000000,36180.000000,0.000000,0.753223,402,27750,0,0.000000,0.000000,0,0,0,0,0.000000,0.000000,0.000000,0.000000,,True
heavy_port_disruption_comparison,primary_port_extended_closure_with_congestion,83,1125,heuristic,DISRUPTED,226794.000000,26800.000000,240.000000,0.000000,1784.000000,131850.000000,15540.000000,50580.000000,0.000000,0.655003,562,43950,1120,0.518519,9.250000,3,0,0,129,0.000000,0.000000,0.000000,0.006447,,True
heavy_port_disruption_comparison,primary_port_extended_closure_with_congestion,83,1125,llm_agent,UNDISRUPTED,146822.000000,26080.000000,0.000000,0.000000,1312.000000,83250.000000,0.000000,36180.000000,0.000000,0.753223,402,27750,0,0.000000,0.000000,0,0,0,0,0.000000,0.000000,0.000000,0.000000,,True
heavy_port_disruption_comparison,primary_port_extended_closure_with_congestion,83,1125,llm_agent,DISRUPTED,154099.200000,47080.000000,320.000000,8400.000000,1333.200000,58446.000000,2340.000000,36180.000000,0.328422,0.753223,402,19482,80,0.037037,19.500000,4,21,840,25,0.000000,0.000000,0.000000,2240.490017,0,True
heavy_port_disruption_comparison,primary_port_extended_closure_with_congestion,84,1126,heuristic,UNDISRUPTED,143358.000000,26200.000000,0.000000,0.000000,1304.000000,81324.000000,60.000000,34470.000000,0.000000,0.762848,383,27108,40,0.018519,1.000000,0,0,0,0,0.000000,0.000000,0.000000,0.000000,,True
heavy_port_disruption_comparison,primary_port_extended_closure_with_congestion,84,1126,heuristic,DISRUPTED,231542.000000,26920.000000,240.000000,0.000000,1888.000000,133884.000000,16140.000000,52470.000000,0.000000,0.639009,583,44628,1120,0.518519,9.607143,3,0,0,125,0.000000,0.000000,0.000000,0.006493,,True
heavy_port_disruption_comparison,primary_port_extended_closure_with_congestion,84,1126,llm_agent,UNDISRUPTED,143358.000000,26200.000000,0.000000,0.000000,1304.000000,81324.000000,60.000000,34470.000000,0.000000,0.762848,383,27108,40,0.018519,1.000000,0,0,0,0,0.000000,0.000000,0.000000,0.000000,,True
heavy_port_disruption_comparison,primary_port_extended_closure_with_congestion,84,1126,llm_agent,DISRUPTED,150391.000000,47200.000000,320.000000,8400.000000,1327.000000,56334.000000,2340.000000,34470.000000,0.349226,0.762848,383,18778,80,0.037037,19.500000,4,21,840,25,0.000000,0.000000,0.000000,2170.914523,0,True
heavy_port_disruption_comparison,primary_port_extended_closure_with_congestion,85,1127,heuristic,UNDISRUPTED,136877.000000,26080.000000,0.000000,0.000000,1312.000000,76725.000000,0.000000,32760.000000,0.000000,0.771500,364,25575,0,0.000000,0.000000,0,0,0,0,0.000000,0.000000,0.000000,0.000000,,True
heavy_port_disruption_comparison,primary_port_extended_closure_with_congestion,85,1127,heuristic,DISRUPTED,216489.000000,26800.000000,240.000000,0.000000,1784.000000,124965.000000,15540.000000,47160.000000,0.000000,0.671061,524,41655,1120,0.518519,9.250000,3,0,0,129,0.000000,0.000000,0.000000,0.005774,,True
heavy_port_disruption_comparison,primary_port_extended_closure_with_congestion,85,1127,llm_agent,UNDISRUPTED,136877.000000,26080.000000,0.000000,0.000000,1312.000000,76725.000000,0.000000,32760.000000,0.000000,0.771500,364,25575,0,0.000000,0.000000,0,0,0,0,0.000000,0.000000,0.000000,0.000000,,True
heavy_port_disruption_comparison,primary_port_extended_closure_with_congestion,85,1127,llm_agent,DISRUPTED,144718.000000,47080.000000,320.000000,8400.000000,1363.000000,52455.000000,2340.000000,32760.000000,0.350282,0.771500,364,17485,80,0.037037,19.500000,4,21,840,25,0.000000,0.000000,0.000000,2269.612795,0,True
heavy_port_disruption_comparison,primary_port_extended_closure_with_congestion,86,1128,heuristic,UNDISRUPTED,131530.000000,26080.000000,0.000000,0.000000,1308.000000,73362.000000,0.000000,30780.000000,0.000000,0.785311,342,24454,0,0.000000,0.000000,0,0,0,0,0.000000,0.000000,0.000000,0.000000,,True
heavy_port_disruption_comparison,primary_port_extended_closure_with_congestion,86,1128,heuristic,DISRUPTED,211446.000000,26800.000000,240.000000,0.000000,1784.000000,121722.000000,15720.000000,45180.000000,0.000000,0.684871,502,40574,1120,0.518519,9.357143,3,0,0,129,0.000000,0.000000,0.000000,0.006288,,True
heavy_port_disruption_comparison,primary_port_extended_closure_with_congestion,86,1128,llm_agent,UNDISRUPTED,131530.000000,26080.000000,0.000000,0.000000,1308.000000,73362.000000,0.000000,30780.000000,0.000000,0.785311,342,24454,0,0.000000,0.000000,0,0,0,0,0.000000,0.000000,0.000000,0.000000,,True
heavy_port_disruption_comparison,primary_port_extended_closure_with_congestion,86,1128,llm_agent,DISRUPTED,139774.000000,47080.000000,320.000000,8400.000000,1372.000000,49482.000000,2340.000000,30780.000000,0.377276,0.785311,342,16494,80,0.037037,19.500000,4,21,840,25,0.000000,0.000000,0.000000,2253.001092,0,True
heavy_port_disruption_comparison,primary_port_extended_closure_with_congestion,87,1129,heuristic,UNDISRUPTED,130111.000000,26080.000000,0.000000,0.000000,1308.000000,72393.000000,0.000000,30330.000000,0.000000,0.790423,337,24131,0,0.000000,0.000000,0,0,0,0,0.000000,0.000000,0.000000,0.000000,,True
heavy_port_disruption_comparison,primary_port_extended_closure_with_congestion,87,1129,heuristic,DISRUPTED,217935.000000,26800.000000,240.000000,0.000000,1892.000000,124713.000000,15960.000000,48330.000000,0.000000,0.666045,537,41571,1120,0.518519,9.500000,3,0,0,126,0.000000,0.000000,0.000000,0.005932,,True
heavy_port_disruption_comparison,primary_port_extended_closure_with_congestion,87,1129,llm_agent,UNDISRUPTED,130111.000000,26080.000000,0.000000,0.000000,1308.000000,72393.000000,0.000000,30330.000000,0.000000,0.790423,337,24131,0,0.000000,0.000000,0,0,0,0,0.000000,0.000000,0.000000,0.000000,,True
heavy_port_disruption_comparison,primary_port_extended_closure_with_congestion,87,1129,llm_agent,DISRUPTED,138117.200000,47080.000000,320.000000,8400.000000,1368.200000,48279.000000,2340.000000,30330.000000,0.347015,0.790423,337,16093,80,0.037037,19.500000,4,21,840,25,0.000000,0.000000,0.000000,2269.961320,0,True
heavy_port_disruption_comparison,primary_port_extended_closure_with_congestion,88,1130,heuristic,UNDISRUPTED,140049.000000,26080.000000,0.000000,0.000000,1304.000000,79095.000000,0.000000,33570.000000,0.000000,0.770037,373,26365,0,0.000000,0.000000,0,0,0,0,0.000000,0.000000,0.000000,0.000000,,True
heavy_port_disruption_comparison,primary_port_extended_closure_with_congestion,88,1130,heuristic,DISRUPTED,219781.000000,26800.000000,240.000000,0.000000,1776.000000,127455.000000,15540.000000,47970.000000,0.000000,0.671393,533,42485,1120,0.518519,9.250000,3,0,0,129,0.000000,0.000000,0.000000,0.006317,,True
heavy_port_disruption_comparison,primary_port_extended_closure_with_congestion,88,1130,llm_agent,UNDISRUPTED,140049.000000,26080.000000,0.000000,0.000000,1304.000000,79095.000000,0.000000,33570.000000,0.000000,0.770037,373,26365,0,0.000000,0.000000,0,0,0,0,0.000000,0.000000,0.000000,0.000000,,True
heavy_port_disruption_comparison,primary_port_extended_closure_with_congestion,88,1130,llm_agent,DISRUPTED,147357.200000,47080.000000,320.000000,8400.000000,1326.200000,54321.000000,2340.000000,33570.000000,0.305795,0.770037,373,18107,80,0.037037,19.500000,4,21,840,25,0.000000,0.000000,0.000000,5026.765492,0,True
heavy_port_disruption_comparison,primary_port_extended_closure_with_congestion,89,1131,heuristic,UNDISRUPTED,142561.000000,26080.000000,0.000000,0.000000,1308.000000,80613.000000,0.000000,34560.000000,0.000000,0.759398,384,26871,0,0.000000,0.000000,0,0,0,0,0.000000,0.000000,0.000000,0.000000,,True
heavy_port_disruption_comparison,primary_port_extended_closure_with_congestion,89,1131,heuristic,DISRUPTED,222293.000000,26800.000000,240.000000,0.000000,1780.000000,128973.000000,15540.000000,48960.000000,0.000000,0.659148,544,42991,1120,0.518519,9.250000,3,0,0,128,0.000000,0.000000,0.000000,0.007313,,True
heavy_port_disruption_comparison,primary_port_extended_closure_with_congestion,89,1131,llm_agent,UNDISRUPTED,142561.000000,26080.000000,0.000000,0.000000,1308.000000,80613.000000,0.000000,34560.000000,0.000000,0.759398,384,26871,0,0.000000,0.000000,0,0,0,0,0.000000,0.000000,0.000000,0.000000,,True
heavy_port_disruption_comparison,primary_port_extended_closure_with_congestion,89,1131,llm_agent,DISRUPTED,149962.200000,47080.000000,320.000000,8400.000000,1333.200000,55929.000000,2340.000000,34560.000000,0.318922,0.759398,384,18643,80,0.037037,19.500000,4,21,840,25,0.000000,0.000000,0.000000,2276.678375,0,True
heavy_port_disruption_comparison,primary_port_extended_closure_with_congestion,90,1132,heuristic,UNDISRUPTED,141019.000000,26080.000000,0.000000,0.000000,1308.000000,79431.000000,0.000000,34200.000000,0.000000,0.764706,380,26477,0,0.000000,0.000000,0,0,0,0,0.000000,0.000000,0.000000,0.000000,,True
heavy_port_disruption_comparison,primary_port_extended_closure_with_congestion,90,1132,heuristic,DISRUPTED,229203.000000,26800.000000,240.000000,0.000000,1892.000000,132111.000000,15960.000000,52200.000000,0.000000,0.640867,580,44037,1120,0.518519,9.500000,3,0,0,126,0.000000,0.000000,0.000000,0.006661,,True
heavy_port_disruption_comparison,primary_port_extended_closure_with_congestion,90,1132,llm_agent,UNDISRUPTED,141019.000000,26080.000000,0.000000,0.000000,1308.000000,79431.000000,0.000000,34200.000000,0.000000,0.764706,380,26477,0,0.000000,0.000000,0,0,0,0,0.000000,0.000000,0.000000,0.000000,,True
heavy_port_disruption_comparison,primary_port_extended_closure_with_congestion,90,1132,llm_agent,DISRUPTED,148645.600000,47080.000000,320.000000,8400.000000,1336.600000,54969.000000,2340.000000,34200.000000,0.331269,0.764706,380,18323,80,0.037037,19.500000,4,21,840,25,0.000000,0.000000,0.000000,2377.945155,0,True
heavy_port_disruption_comparison,primary_port_extended_closure_with_congestion,91,1133,heuristic,UNDISRUPTED,137307.000000,26200.000000,0.000000,0.000000,1304.000000,77313.000000,0.000000,32490.000000,0.000000,0.771229,361,25771,0,0.000000,0.000000,0,0,0,0,0.000000,0.000000,0.000000,0.000000,,True
heavy_port_disruption_comparison,primary_port_extended_closure_with_congestion,91,1133,heuristic,DISRUPTED,217279.000000,26920.000000,240.000000,0.000000,1776.000000,125913.000000,15540.000000,46890.000000,0.000000,0.669835,521,41971,1120,0.518519,9.250000,3,0,0,129,0.000000,0.000000,0.000000,0.005969,,True
heavy_port_disruption_comparison,primary_port_extended_closure_with_congestion,91,1133,llm_agent,UNDISRUPTED,137307.000000,26200.000000,0.000000,0.000000,1304.000000,77313.000000,0.000000,32490.000000,0.000000,0.771229,361,25771,0,0.000000,0.000000,0,0,0,0,0.000000,0.000000,0.000000,0.000000,,True
heavy_port_disruption_comparison,primary_port_extended_closure_with_congestion,91,1133,llm_agent,DISRUPTED,144702.000000,47200.000000,320.000000,8400.000000,1329.000000,52623.000000,2340.000000,32490.000000,0.335868,0.771229,361,17541,80,0.037037,19.500000,4,21,840,25,0.000000,0.000000,0.000000,2254.772467,0,True
heavy_port_disruption_comparison,primary_port_extended_closure_with_congestion,92,1134,heuristic,UNDISRUPTED,151158.000000,26080.000000,0.000000,0.000000,1316.000000,86412.000000,0.000000,37350.000000,0.000000,0.746487,415,28804,0,0.000000,0.000000,0,0,0,0,0.000000,0.000000,0.000000,0.000000,,True
heavy_port_disruption_comparison,primary_port_extended_closure_with_congestion,92,1134,heuristic,DISRUPTED,230770.000000,26800.000000,240.000000,0.000000,1788.000000,134652.000000,15540.000000,51750.000000,0.000000,0.648748,575,44884,1120,0.518519,9.250000,3,0,0,129,0.000000,0.000000,0.000000,0.006156,,True
heavy_port_disruption_comparison,primary_port_extended_closure_with_congestion,92,1134,llm_agent,UNDISRUPTED,151158.000000,26080.000000,0.000000,0.000000,1316.000000,86412.000000,0.000000,37350.000000,0.000000,0.746487,415,28804,0,0.000000,0.000000,0,0,0,0,0.000000,0.000000,0.000000,0.000000,,True
heavy_port_disruption_comparison,primary_port_extended_closure_with_congestion,92,1134,llm_agent,DISRUPTED,157674.400000,47080.000000,320.000000,8400.000000,1320.400000,60864.000000,2340.000000,37350.000000,0.277337,0.746487,415,20288,80,0.037037,19.500000,4,21,840,25,0.000000,0.000000,0.000000,2330.672930,0,True
heavy_port_disruption_comparison,primary_port_extended_closure_with_congestion,93,1135,heuristic,UNDISRUPTED,140322.000000,26080.000000,0.000000,0.000000,1304.000000,79278.000000,0.000000,33660.000000,0.000000,0.765517,374,26426,0,0.000000,0.000000,0,0,0,0,0.000000,0.000000,0.000000,0.000000,,True
heavy_port_disruption_comparison,primary_port_extended_closure_with_congestion,93,1135,heuristic,DISRUPTED,220294.000000,26800.000000,240.000000,0.000000,1776.000000,127878.000000,15540.000000,48060.000000,0.000000,0.665204,534,42626,1120,0.518519,9.250000,3,0,0,129,0.000000,0.000000,0.000000,0.005983,,True
heavy_port_disruption_comparison,primary_port_extended_closure_with_congestion,93,1135,llm_agent,UNDISRUPTED,140322.000000,26080.000000,0.000000,0.000000,1304.000000,79278.000000,0.000000,33660.000000,0.000000,0.765517,374,26426,0,0.000000,0.000000,0,0,0,0,0.000000,0.000000,0.000000,0.000000,,True
heavy_port_disruption_comparison,primary_port_extended_closure_with_congestion,93,1135,llm_agent,DISRUPTED,147846.300000,47080.000000,320.000000,8400.000000,1329.300000,54717.000000,2340.000000,33660.000000,0.309718,0.765517,374,18239,80,0.037037,19.500000,4,21,840,25,0.000000,0.000000,0.000000,2248.994912,0,True
heavy_port_disruption_comparison,primary_port_extended_closure_with_congestion,94,1136,heuristic,UNDISRUPTED,135816.000000,26080.000000,0.000000,0.000000,1304.000000,75852.000000,0.000000,32580.000000,0.000000,0.772040,362,25284,0,0.000000,0.000000,0,0,0,0,0.000000,0.000000,0.000000,0.000000,,True
heavy_port_disruption_comparison,primary_port_extended_closure_with_congestion,94,1136,heuristic,DISRUPTED,215668.000000,26800.000000,240.000000,0.000000,1776.000000,124332.000000,15540.000000,46980.000000,0.000000,0.671285,522,41444,1120,0.518519,9.250000,3,0,0,129,0.000000,0.000000,0.000000,0.006565,,True
heavy_port_disruption_comparison,primary_port_extended_closure_with_congestion,94,1136,llm_agent,UNDISRUPTED,135816.000000,26080.000000,0.000000,0.000000,1304.000000,75852.000000,0.000000,32580.000000,0.000000,0.772040,362,25284,0,0.000000,0.000000,0,0,0,0,0.000000,0.000000,0.000000,0.000000,,True
heavy_port_disruption_comparison,primary_port_extended_closure_with_congestion,94,1136,llm_agent,DISRUPTED,144262.800000,47080.000000,320.000000,8400.000000,1366.800000,52176.000000,2340.000000,32580.000000,0.343829,0.772040,362,17392,80,0.037037,19.500000,4,21,840,25,0.000000,0.000000,0.000000,2195.509627,0,True
heavy_port_disruption_comparison,primary_port_extended_closure_with_congestion,95,1137,heuristic,UNDISRUPTED,131021.000000,26080.000000,0.000000,0.000000,1312.000000,72699.000000,60.000000,30870.000000,0.000000,0.786426,343,24233,40,0.018519,1.000000,0,0,0,0,0.000000,0.000000,0.000000,0.000000,,True
heavy_port_disruption_comparison,primary_port_extended_closure_with_congestion,95,1137,heuristic,DISRUPTED,210993.000000,26800.000000,240.000000,0.000000,1784.000000,121179.000000,15720.000000,45270.000000,0.000000,0.686800,503,40393,1120,0.518519,9.357143,3,0,0,129,0.000000,0.000000,0.000000,0.006391,,True
heavy_port_disruption_comparison,primary_port_extended_closure_with_congestion,95,1137,llm_agent,UNDISRUPTED,131021.000000,26080.000000,0.000000,0.000000,1312.000000,72699.000000,60.000000,30870.000000,0.000000,0.786426,343,24233,40,0.018519,1.000000,0,0,0,0,0.000000,0.000000,0.000000,0.000000,,True
heavy_port_disruption_comparison,primary_port_extended_closure_with_congestion,95,1137,llm_agent,DISRUPTED,139348.500000,47080.000000,320.000000,8400.000000,1384.500000,48954.000000,2340.000000,30870.000000,0.369863,0.786426,343,16318,80,0.037037,19.500000,4,21,840,25,0.000000,0.000000,0.000000,2117.607080,0,True
heavy_port_disruption_comparison,primary_port_extended_closure_with_congestion,96,1138,heuristic,UNDISRUPTED,138209.000000,26080.000000,0.000000,0.000000,1300.000000,76929.000000,60.000000,33840.000000,0.000000,0.768900,376,25643,40,0.018519,1.000000,0,0,0,0,0.000000,0.000000,0.000000,0.000000,,True
heavy_port_disruption_comparison,primary_port_extended_closure_with_congestion,96,1138,heuristic,DISRUPTED,217641.000000,26800.000000,240.000000,0.000000,1772.000000,125049.000000,15540.000000,48240.000000,0.000000,0.670559,536,41683,1120,0.518519,9.250000,3,0,0,129,0.000000,0.000000,0.000000,0.006714,,True
heavy_port_disruption_comparison,primary_port_extended_closure_with_congestion,96,1138,llm_agent,UNDISRUPTED,138209.000000,26080.000000,0.000000,0.000000,1300.000000,76929.000000,60.000000,33840.000000,0.000000,0.768900,376,25643,40,0.018519,1.000000,0,0,0,0,0.000000,0.000000,0.000000,0.000000,,True
heavy_port_disruption_comparison,primary_port_extended_closure_with_congestion,96,1138,llm_agent,DISRUPTED,146553.300000,47080.000000,320.000000,8400.000000,1365.300000,53208.000000,2340.000000,33840.000000,0.378611,0.768900,376,17736,80,0.037037,19.500000,4,21,840,25,0.000000,0.000000,0.000000,2363.441682,0,True
heavy_port_disruption_comparison,primary_port_extended_closure_with_congestion,97,1139,heuristic,UNDISRUPTED,124631.000000,26080.000000,0.000000,0.000000,1312.000000,68799.000000,0.000000,28440.000000,0.000000,0.798982,316,22933,0,0.000000,0.000000,0,0,0,0,0.000000,0.000000,0.000000,0.000000,,True
heavy_port_disruption_comparison,primary_port_extended_closure_with_congestion,97,1139,heuristic,DISRUPTED,204663.000000,26800.000000,240.000000,0.000000,1784.000000,117399.000000,15600.000000,42840.000000,0.000000,0.697201,476,39133,1120,0.518519,9.285714,3,0,0,129,0.000000,0.000000,0.000000,0.006178,,True
heavy_port_disruption_comparison,primary_port_extended_closure_with_congestion,97,1139,llm_agent,UNDISRUPTED,124631.000000,26080.000000,0.000000,0.000000,1312.000000,68799.000000,0.000000,28440.000000,0.000000,0.798982,316,22933,0,0.000000,0.000000,0,0,0,0,0.000000,0.000000,0.000000,0.000000,,True
heavy_port_disruption_comparison,primary_port_extended_closure_with_congestion,97,1139,llm_agent,DISRUPTED,133876.700000,47080.000000,320.000000,8400.000000,1396.700000,45900.000000,2340.000000,28440.000000,0.351145,0.798982,316,15300,80,0.037037,19.500000,4,21,840,25,0.000000,0.000000,0.000000,2244.865497,0,True
heavy_port_disruption_comparison,primary_port_extended_closure_with_congestion,98,1140,heuristic,UNDISRUPTED,127076.000000,26080.000000,0.000000,0.000000,1312.000000,69984.000000,0.000000,29700.000000,0.000000,0.791535,330,23328,0,0.000000,0.000000,0,0,0,0,0.000000,0.000000,0.000000,0.000000,,True
heavy_port_disruption_comparison,primary_port_extended_closure_with_congestion,98,1140,heuristic,DISRUPTED,206808.000000,26800.000000,240.000000,0.000000,1784.000000,118344.000000,15540.000000,44100.000000,0.000000,0.690461,490,39448,1120,0.518519,9.250000,3,0,0,129,0.000000,0.000000,0.000000,0.005496,,True
heavy_port_disruption_comparison,primary_port_extended_closure_with_congestion,98,1140,llm_agent,UNDISRUPTED,127076.000000,26080.000000,0.000000,0.000000,1312.000000,69984.000000,0.000000,29700.000000,0.000000,0.791535,330,23328,0,0.000000,0.000000,0,0,0,0,0.000000,0.000000,0.000000,0.000000,,True
heavy_port_disruption_comparison,primary_port_extended_closure_with_congestion,98,1140,llm_agent,DISRUPTED,136577.700000,47080.000000,320.000000,8400.000000,1412.700000,47325.000000,2340.000000,29700.000000,0.402401,0.791535,330,15775,80,0.037037,19.500000,4,21,840,25,0.000000,0.000000,0.000000,2244.934992,0,True
heavy_port_disruption_comparison,primary_port_extended_closure_with_congestion,99,1141,heuristic,UNDISRUPTED,126428.000000,26080.000000,0.000000,0.000000,1312.000000,70176.000000,60.000000,28800.000000,0.000000,0.797340,320,23392,40,0.018182,1.000000,0,0,0,1,0.000000,0.000000,0.000000,0.017500,,True
heavy_port_disruption_comparison,primary_port_extended_closure_with_congestion,99,1141,heuristic,DISRUPTED,206100.000000,26800.000000,240.000000,0.000000,1784.000000,118536.000000,15540.000000,43200.000000,0.000000,0.696010,480,39512,1120,0.509091,9.250000,3,0,0,129,0.000000,0.000000,0.000000,0.006505,,True
heavy_port_disruption_comparison,primary_port_extended_closure_with_congestion,99,1141,llm_agent,UNDISRUPTED,126428.000000,26080.000000,0.000000,0.000000,1312.000000,70176.000000,60.000000,28800.000000,0.000000,0.797340,320,23392,40,0.018182,1.000000,0,0,0,1,1.000000,0.000000,1.000000,1982.612333,,True
heavy_port_disruption_comparison,primary_port_extended_closure_with_congestion,99,1141,llm_agent,DISRUPTED,134902.500000,47080.000000,320.000000,8400.000000,1381.500000,46581.000000,2340.000000,28800.000000,0.381887,0.797340,320,15527,80,0.036364,19.500000,4,21,840,25,0.000000,0.000000,0.000000,2296.118828,0,True
heavy_port_disruption_comparison,primary_port_extended_closure_with_congestion,100,1142,heuristic,UNDISRUPTED,135923.000000,26080.000000,0.000000,0.000000,1312.000000,75501.000000,0.000000,33030.000000,0.000000,0.774154,367,25167,0,0.000000,0.000000,0,0,0,0,0.000000,0.000000,0.000000,0.000000,,True
heavy_port_disruption_comparison,primary_port_extended_closure_with_congestion,100,1142,heuristic,DISRUPTED,215655.000000,26800.000000,240.000000,0.000000,1784.000000,123861.000000,15540.000000,47430.000000,0.000000,0.675692,527,41287,1120,0.518519,9.250000,3,0,0,128,0.000000,0.000000,0.000000,0.006554,,True
heavy_port_disruption_comparison,primary_port_extended_closure_with_congestion,100,1142,llm_agent,UNDISRUPTED,135923.000000,26080.000000,0.000000,0.000000,1312.000000,75501.000000,0.000000,33030.000000,0.000000,0.774154,367,25167,0,0.000000,0.000000,0,0,0,0,0.000000,0.000000,0.000000,0.000000,,True
heavy_port_disruption_comparison,primary_port_extended_closure_with_congestion,100,1142,llm_agent,DISRUPTED,144692.200000,47080.000000,320.000000,8400.000000,1385.200000,52137.000000,2340.000000,33030.000000,0.357538,0.774154,367,17379,80,0.037037,19.500000,4,21,840,25,0.000000,0.000000,0.000000,2384.040863,0,True
